session_id,timestamp,source_path,action,human_label,label_index,label_folder,dest_path
20251231_210351,2025-12-31T21:04:05,c:\Users\amrem\Documents\Engineering Year 4\Machine Learning\Project\Vehicle-Classification\data\inbox\archive\Vehicles\Cars\Car (1).jpg,label,2,1,class_02_passenger_car,c:\Users\amrem\Documents\Engineering Year 4\Machine Learning\Project\Vehicle-Classification\data\raw\class_02_passenger_car\Car (1).jpg
20251231_210351,2025-12-31T21:04:09,c:\Users\amrem\Documents\Engineering Year 4\Machine Learning\Project\Vehicle-Classification\data\inbox\archive\Vehicles\Cars\Car (10).jpg,label,2,1,class_02_passenger_car,c:\Users\amrem\Documents\Engineering Year 4\Machine Learning\Project\Vehicle-Classification\data\raw\class_02_passenger_car\Car (10).jpg
20251231_210351,2025-12-31T21:04:45,c:\Users\amrem\Documents\Engineering Year 4\Machine Learning\Project\Vehicle-Classification\data\inbox\archive\Vehicles\Cars\Car (100).jpg,label,3,2,class_03_four_tire_single_unit,c:\Users\amrem\Documents\Engineering Year 4\Machine Learning\Project\Vehicle-Classification\data\raw\class_03_four_tire_single_unit\Car (100).jpg
20251231_210351,2025-12-31T21:04:47,c:\Users\amrem\Documents\Engineering Year 4\Machine Learning\Project\Vehicle-Classification\data\inbox\archive\Vehicles\Cars\Car (101).jpg,label,2,1,class_02_passenger_car,c:\Users\amrem\Documents\Engineering Year 4\Machine Learning\Project\Vehicle-Classification\data\raw\class_02_passenger_car\Car (101).jpg
20251231_210351,2025-12-31T21:04:50,c:\Users\amrem\Documents\Engineering Year 4\Machine Learning\Project\Vehicle-Classification\data\inbox\archive\Vehicles\Cars\Car (102).jpg,label,3,2,class_03_four_tire_single_unit,c:\Users\amrem\Documents\Engineering Year 4\Machine Learning\Project\Vehicle-Classification\data\raw\class_03_four_tire_single_unit\Car (102).jpg
20251231_210351,2025-12-31T21:04:54,c:\Users\amrem\Documents\Engineering Year 4\Machine Learning\Project\Vehicle-Classification\data\inbox\archive\Vehicles\Cars\Car (103).jpg,reject,,,reject,c:\Users\amrem\Documents\Engineering Year 4\Machine Learning\Project\Vehicle-Classification\data\raw\reject\Car (103).jpg
20251231_210351,2025-12-31T21:07:56,c:\Users\amrem\Documents\Engineering Year 4\Machine Learning\Project\Vehicle-Classification\data\inbox\archive\Vehicles\Cars\Car (104).jpg,reject,,,reject,c:\Users\amrem\Documents\Engineering Year 4\Machine Learning\Project\Vehicle-Classification\data\raw\reject\Car (104).jpg
20251231_210351,2025-12-31T21:07:59,c:\Users\amrem\Documents\Engineering Year 4\Machine Learning\Project\Vehicle-Classification\data\inbox\archive\Vehicles\Cars\Car (105).jpg,label,2,1,class_02_passenger_car,c:\Users\amrem\Documents\Engineering Year 4\Machine Learning\Project\Vehicle-Classification\data\raw\class_02_passenger_car\Car (105).jpg
20251231_210351,2025-12-31T21:08:01,c:\Users\amrem\Documents\Engineering Year 4\Machine Learning\Project\Vehicle-Classification\data\inbox\archive\Vehicles\Cars\Car (106).jpg,label,2,1,class_02_passenger_car,c:\Users\amrem\Documents\Engineering Year 4\Machine Learning\Project\Vehicle-Classification\data\raw\class_02_passenger_car\Car (106).jpg
20251231_210351,2025-12-31T21:08:12,c:\Users\amrem\Documents\Engineering Year 4\Machine Learning\Project\Vehicle-Classification\data\inbox\archive\Vehicles\Cars\Car (107).jpg,label,7,6,class_07_four_or_more_axle_single_unit,c:\Users\amrem\Documents\Engineering Year 4\Machine Learning\Project\Vehicle-Classification\data\raw\class_07_four_or_more_axle_single_unit\Car (107).jpg
20251231_210351,2025-12-31T21:08:13,c:\Users\amrem\Documents\Engineering Year 4\Machine Learning\Project\Vehicle-Classification\data\inbox\archive\Vehicles\Cars\Car (108).jpg,label,2,1,class_02_passenger_car,c:\Users\amrem\Documents\Engineering Year 4\Machine Learning\Project\Vehicle-Classification\data\raw\class_02_passenger_car\Car (108).jpg
20251231_210351,2025-12-31T21:08:15,c:\Users\amrem\Documents\Engineering Year 4\Machine Learning\Project\Vehicle-Classification\data\inbox\archive\Vehicles\Cars\Car (109).jpg,label,2,1,class_02_passenger_car,c:\Users\amrem\Documents\Engineering Year 4\Machine Learning\Project\Vehicle-Classification\data\raw\class_02_passenger_car\Car (109).jpg
20251231_210351,2025-12-31T21:08:22,c:\Users\amrem\Documents\Engineering Year 4\Machine Learning\Project\Vehicle-Classification\data\inbox\archive\Vehicles\Cars\Car (11).jpg,label,5,4,class_05_two_axle_six_tire_single_unit,c:\Users\amrem\Documents\Engineering Year 4\Machine Learning\Project\Vehicle-Classification\data\raw\class_05_two_axle_six_tire_single_unit\Car (11).jpg
20251231_210351,2025-12-31T21:08:26,c:\Users\amrem\Documents\Engineering Year 4\Machine Learning\Project\Vehicle-Classification\data\inbox\archive\Vehicles\Cars\Car (110).jpg,label,2,1,class_02_passenger_car,c:\Users\amrem\Documents\Engineering Year 4\Machine Learning\Project\Vehicle-Classification\data\raw\class_02_passenger_car\Car (110).jpg
20251231_210351,2025-12-31T21:08:29,c:\Users\amrem\Documents\Engineering Year 4\Machine Learning\Project\Vehicle-Classification\data\inbox\archive\Vehicles\Cars\Car (111).jpg,label,3,2,class_03_four_tire_single_unit,c:\Users\amrem\Documents\Engineering Year 4\Machine Learning\Project\Vehicle-Classification\data\raw\class_03_four_tire_single_unit\Car (111).jpg
20251231_210351,2025-12-31T21:09:23,c:\Users\amrem\Documents\Engineering Year 4\Machine Learning\Project\Vehicle-Classification\data\inbox\archive\Vehicles\Cars\Car (112).jpg,reject,,,reject,c:\Users\amrem\Documents\Engineering Year 4\Machine Learning\Project\Vehicle-Classification\data\raw\reject\Car (112).jpg
20251231_210351,2025-12-31T21:09:37,c:\Users\amrem\Documents\Engineering Year 4\Machine Learning\Project\Vehicle-Classification\data\inbox\archive\Vehicles\Cars\Car (113).jpg,label,5,4,class_05_two_axle_six_tire_single_unit,c:\Users\amrem\Documents\Engineering Year 4\Machine Learning\Project\Vehicle-Classification\data\raw\class_05_two_axle_six_tire_single_unit\Car (113).jpg
20251231_210351,2025-12-31T21:09:38,c:\Users\amrem\Documents\Engineering Year 4\Machine Learning\Project\Vehicle-Classification\data\inbox\archive\Vehicles\Cars\Car (114).jpg,label,2,1,class_02_passenger_car,c:\Users\amrem\Documents\Engineering Year 4\Machine Learning\Project\Vehicle-Classification\data\raw\class_02_passenger_car\Car (114).jpg
20251231_210351,2025-12-31T21:09:39,c:\Users\amrem\Documents\Engineering Year 4\Machine Learning\Project\Vehicle-Classification\data\inbox\archive\Vehicles\Cars\Car (115).jpg,label,2,1,class_02_passenger_car,c:\Users\amrem\Documents\Engineering Year 4\Machine Learning\Project\Vehicle-Classification\data\raw\class_02_passenger_car\Car (115).jpg
20251231_210351,2025-12-31T21:09:42,c:\Users\amrem\Documents\Engineering Year 4\Machine Learning\Project\Vehicle-Classification\data\inbox\archive\Vehicles\Cars\Car (116).jpg,label,3,2,class_03_four_tire_single_unit,c:\Users\amrem\Documents\Engineering Year 4\Machine Learning\Project\Vehicle-Classification\data\raw\class_03_four_tire_single_unit\Car (116).jpg
20251231_210351,2025-12-31T21:09:43,c:\Users\amrem\Documents\Engineering Year 4\Machine Learning\Project\Vehicle-Classification\data\inbox\archive\Vehicles\Cars\Car (117).jpg,label,2,1,class_02_passenger_car,c:\Users\amrem\Documents\Engineering Year 4\Machine Learning\Project\Vehicle-Classification\data\raw\class_02_passenger_car\Car (117).jpg
20251231_210351,2025-12-31T21:09:44,c:\Users\amrem\Documents\Engineering Year 4\Machine Learning\Project\Vehicle-Classification\data\inbox\archive\Vehicles\Cars\Car (118).jpg,label,3,2,class_03_four_tire_single_unit,c:\Users\amrem\Documents\Engineering Year 4\Machine Learning\Project\Vehicle-Classification\data\raw\class_03_four_tire_single_unit\Car (118).jpg
20251231_210351,2025-12-31T21:09:51,c:\Users\amrem\Documents\Engineering Year 4\Machine Learning\Project\Vehicle-Classification\data\inbox\archive\Vehicles\Cars\Car (119).jpg,reject,,,reject,c:\Users\amrem\Documents\Engineering Year 4\Machine Learning\Project\Vehicle-Classification\data\raw\reject\Car (119).jpg
20251231_210351,2025-12-31T21:09:54,c:\Users\amrem\Documents\Engineering Year 4\Machine Learning\Project\Vehicle-Classification\data\inbox\archive\Vehicles\Cars\Car (12).jpg,label,2,1,class_02_passenger_car,c:\Users\amrem\Documents\Engineering Year 4\Machine Learning\Project\Vehicle-Classification\data\raw\class_02_passenger_car\Car (12).jpg
20251231_210351,2025-12-31T21:09:59,c:\Users\amrem\Documents\Engineering Year 4\Machine Learning\Project\Vehicle-Classification\data\inbox\archive\Vehicles\Cars\Car (120).jpg,label,3,2,class_03_four_tire_single_unit,c:\Users\amrem\Documents\Engineering Year 4\Machine Learning\Project\Vehicle-Classification\data\raw\class_03_four_tire_single_unit\Car (120).jpg
20251231_210351,2025-12-31T21:10:00,c:\Users\amrem\Documents\Engineering Year 4\Machine Learning\Project\Vehicle-Classification\data\inbox\archive\Vehicles\Cars\Car (121).jpg,label,2,1,class_02_passenger_car,c:\Users\amrem\Documents\Engineering Year 4\Machine Learning\Project\Vehicle-Classification\data\raw\class_02_passenger_car\Car (121).jpg
20251231_210351,2025-12-31T21:10:01,c:\Users\amrem\Documents\Engineering Year 4\Machine Learning\Project\Vehicle-Classification\data\inbox\archive\Vehicles\Cars\Car (122).jpg,label,2,1,class_02_passenger_car,c:\Users\amrem\Documents\Engineering Year 4\Machine Learning\Project\Vehicle-Classification\data\raw\class_02_passenger_car\Car (122).jpg
20251231_210351,2025-12-31T21:10:02,c:\Users\amrem\Documents\Engineering Year 4\Machine Learning\Project\Vehicle-Classification\data\inbox\archive\Vehicles\Cars\Car (123).jpg,label,2,1,class_02_passenger_car,c:\Users\amrem\Documents\Engineering Year 4\Machine Learning\Project\Vehicle-Classification\data\raw\class_02_passenger_car\Car (123).jpg
20251231_210351,2025-12-31T21:10:03,c:\Users\amrem\Documents\Engineering Year 4\Machine Learning\Project\Vehicle-Classification\data\inbox\archive\Vehicles\Cars\Car (124).jpg,label,2,1,class_02_passenger_car,c:\Users\amrem\Documents\Engineering Year 4\Machine Learning\Project\Vehicle-Classification\data\raw\class_02_passenger_car\Car (124).jpg
20251231_210351,2025-12-31T21:10:04,c:\Users\amrem\Documents\Engineering Year 4\Machine Learning\Project\Vehicle-Classification\data\inbox\archive\Vehicles\Cars\Car (125).jpg,label,2,1,class_02_passenger_car,c:\Users\amrem\Documents\Engineering Year 4\Machine Learning\Project\Vehicle-Classification\data\raw\class_02_passenger_car\Car (125).jpg
20251231_210351,2025-12-31T21:10:05,c:\Users\amrem\Documents\Engineering Year 4\Machine Learning\Project\Vehicle-Classification\data\inbox\archive\Vehicles\Cars\Car (126).jpg,label,2,1,class_02_passenger_car,c:\Users\amrem\Documents\Engineering Year 4\Machine Learning\Project\Vehicle-Classification\data\raw\class_02_passenger_car\Car (126).jpg
20251231_210351,2025-12-31T21:10:06,c:\Users\amrem\Documents\Engineering Year 4\Machine Learning\Project\Vehicle-Classification\data\inbox\archive\Vehicles\Cars\Car (127).jpg,label,3,2,class_03_four_tire_single_unit,c:\Users\amrem\Documents\Engineering Year 4\Machine Learning\Project\Vehicle-Classification\data\raw\class_03_four_tire_single_unit\Car (127).jpg
20251231_210351,2025-12-31T21:10:09,c:\Users\amrem\Documents\Engineering Year 4\Machine Learning\Project\Vehicle-Classification\data\inbox\archive\Vehicles\Cars\Car (128).jpg,reject,,,reject,c:\Users\amrem\Documents\Engineering Year 4\Machine Learning\Project\Vehicle-Classification\data\raw\reject\Car (128).jpg
20251231_210351,2025-12-31T21:10:53,c:\Users\amrem\Documents\Engineering Year 4\Machine Learning\Project\Vehicle-Classification\data\inbox\archive\Vehicles\Cars\Car (129).jpg,label,9,8,class_09_five_axle_tractor_semitrailer,c:\Users\amrem\Documents\Engineering Year 4\Machine Learning\Project\Vehicle-Classification\data\raw\class_09_five_axle_tractor_semitrailer\Car (129).jpg
20251231_210351,2025-12-31T21:10:54,c:\Users\amrem\Documents\Engineering Year 4\Machine Learning\Project\Vehicle-Classification\data\inbox\archive\Vehicles\Cars\Car (13).jpg,reject,,,reject,c:\Users\amrem\Documents\Engineering Year 4\Machine Learning\Project\Vehicle-Classification\data\raw\reject\Car (13).jpg
20251231_210351,2025-12-31T21:10:56,c:\Users\amrem\Documents\Engineering Year 4\Machine Learning\Project\Vehicle-Classification\data\inbox\archive\Vehicles\Cars\Car (130).jpg,label,2,1,class_02_passenger_car,c:\Users\amrem\Documents\Engineering Year 4\Machine Learning\Project\Vehicle-Classification\data\raw\class_02_passenger_car\Car (130).jpg
20251231_210351,2025-12-31T21:10:57,c:\Users\amrem\Documents\Engineering Year 4\Machine Learning\Project\Vehicle-Classification\data\inbox\archive\Vehicles\Cars\Car (131).jpg,label,2,1,class_02_passenger_car,c:\Users\amrem\Documents\Engineering Year 4\Machine Learning\Project\Vehicle-Classification\data\raw\class_02_passenger_car\Car (131).jpg
20251231_210351,2025-12-31T21:10:59,c:\Users\amrem\Documents\Engineering Year 4\Machine Learning\Project\Vehicle-Classification\data\inbox\archive\Vehicles\Cars\Car (132).jpg,label,2,1,class_02_passenger_car,c:\Users\amrem\Documents\Engineering Year 4\Machine Learning\Project\Vehicle-Classification\data\raw\class_02_passenger_car\Car (132).jpg
20251231_210351,2025-12-31T21:11:00,c:\Users\amrem\Documents\Engineering Year 4\Machine Learning\Project\Vehicle-Classification\data\inbox\archive\Vehicles\Cars\Car (133).jpg,label,2,1,class_02_passenger_car,c:\Users\amrem\Documents\Engineering Year 4\Machine Learning\Project\Vehicle-Classification\data\raw\class_02_passenger_car\Car (133).jpg
20251231_210351,2025-12-31T21:11:01,c:\Users\amrem\Documents\Engineering Year 4\Machine Learning\Project\Vehicle-Classification\data\inbox\archive\Vehicles\Cars\Car (134).jpg,label,2,1,class_02_passenger_car,c:\Users\amrem\Documents\Engineering Year 4\Machine Learning\Project\Vehicle-Classification\data\raw\class_02_passenger_car\Car (134).jpg
20251231_210351,2025-12-31T21:11:02,c:\Users\amrem\Documents\Engineering Year 4\Machine Learning\Project\Vehicle-Classification\data\inbox\archive\Vehicles\Cars\Car (135).jpg,label,2,1,class_02_passenger_car,c:\Users\amrem\Documents\Engineering Year 4\Machine Learning\Project\Vehicle-Classification\data\raw\class_02_passenger_car\Car (135).jpg
20251231_210351,2025-12-31T21:11:03,c:\Users\amrem\Documents\Engineering Year 4\Machine Learning\Project\Vehicle-Classification\data\inbox\archive\Vehicles\Cars\Car (136).jpg,label,2,1,class_02_passenger_car,c:\Users\amrem\Documents\Engineering Year 4\Machine Learning\Project\Vehicle-Classification\data\raw\class_02_passenger_car\Car (136).jpg
20251231_210351,2025-12-31T21:11:05,c:\Users\amrem\Documents\Engineering Year 4\Machine Learning\Project\Vehicle-Classification\data\inbox\archive\Vehicles\Cars\Car (137).jpg,reject,,,reject,c:\Users\amrem\Documents\Engineering Year 4\Machine Learning\Project\Vehicle-Classification\data\raw\reject\Car (137).jpg
20251231_210351,2025-12-31T21:11:14,c:\Users\amrem\Documents\Engineering Year 4\Machine Learning\Project\Vehicle-Classification\data\inbox\archive\Vehicles\Cars\Car (138).jpg,label,2,1,class_02_passenger_car,c:\Users\amrem\Documents\Engineering Year 4\Machine Learning\Project\Vehicle-Classification\data\raw\class_02_passenger_car\Car (138).jpg
20251231_210351,2025-12-31T21:11:15,c:\Users\amrem\Documents\Engineering Year 4\Machine Learning\Project\Vehicle-Classification\data\inbox\archive\Vehicles\Cars\Car (139).jpg,label,2,1,class_02_passenger_car,c:\Users\amrem\Documents\Engineering Year 4\Machine Learning\Project\Vehicle-Classification\data\raw\class_02_passenger_car\Car (139).jpg
20251231_210351,2025-12-31T21:11:16,c:\Users\amrem\Documents\Engineering Year 4\Machine Learning\Project\Vehicle-Classification\data\inbox\archive\Vehicles\Cars\Car (14).jpg,label,2,1,class_02_passenger_car,c:\Users\amrem\Documents\Engineering Year 4\Machine Learning\Project\Vehicle-Classification\data\raw\class_02_passenger_car\Car (14).jpg
20251231_210351,2025-12-31T21:11:17,c:\Users\amrem\Documents\Engineering Year 4\Machine Learning\Project\Vehicle-Classification\data\inbox\archive\Vehicles\Cars\Car (140).jpg,label,2,1,class_02_passenger_car,c:\Users\amrem\Documents\Engineering Year 4\Machine Learning\Project\Vehicle-Classification\data\raw\class_02_passenger_car\Car (140).jpg
20251231_210351,2025-12-31T21:11:19,c:\Users\amrem\Documents\Engineering Year 4\Machine Learning\Project\Vehicle-Classification\data\inbox\archive\Vehicles\Cars\Car (141).jpg,reject,,,reject,c:\Users\amrem\Documents\Engineering Year 4\Machine Learning\Project\Vehicle-Classification\data\raw\reject\Car (141).jpg
20251231_210351,2025-12-31T21:11:41,c:\Users\amrem\Documents\Engineering Year 4\Machine Learning\Project\Vehicle-Classification\data\inbox\archive\Vehicles\Cars\Car (142).jpg,reject,,,reject,c:\Users\amrem\Documents\Engineering Year 4\Machine Learning\Project\Vehicle-Classification\data\raw\reject\Car (142).jpg
20251231_210351,2025-12-31T21:11:43,c:\Users\amrem\Documents\Engineering Year 4\Machine Learning\Project\Vehicle-Classification\data\inbox\archive\Vehicles\Cars\Car (143).jpg,label,2,1,class_02_passenger_car,c:\Users\amrem\Documents\Engineering Year 4\Machine Learning\Project\Vehicle-Classification\data\raw\class_02_passenger_car\Car (143).jpg
20251231_210351,2025-12-31T21:11:53,c:\Users\amrem\Documents\Engineering Year 4\Machine Learning\Project\Vehicle-Classification\data\inbox\archive\Vehicles\Cars\Car (144).jpg,label,5,4,class_05_two_axle_six_tire_single_unit,c:\Users\amrem\Documents\Engineering Year 4\Machine Learning\Project\Vehicle-Classification\data\raw\class_05_two_axle_six_tire_single_unit\Car (144).jpg
20251231_210351,2025-12-31T21:11:56,c:\Users\amrem\Documents\Engineering Year 4\Machine Learning\Project\Vehicle-Classification\data\inbox\archive\Vehicles\Cars\Car (145).jpg,label,3,2,class_03_four_tire_single_unit,c:\Users\amrem\Documents\Engineering Year 4\Machine Learning\Project\Vehicle-Classification\data\raw\class_03_four_tire_single_unit\Car (145).jpg
20251231_210351,2025-12-31T21:11:57,c:\Users\amrem\Documents\Engineering Year 4\Machine Learning\Project\Vehicle-Classification\data\inbox\archive\Vehicles\Cars\Car (146).jpg,label,2,1,class_02_passenger_car,c:\Users\amrem\Documents\Engineering Year 4\Machine Learning\Project\Vehicle-Classification\data\raw\class_02_passenger_car\Car (146).jpg
20251231_210351,2025-12-31T21:12:05,c:\Users\amrem\Documents\Engineering Year 4\Machine Learning\Project\Vehicle-Classification\data\inbox\archive\Vehicles\Cars\Car (147).jpg,label,6,5,class_06_three_axle_single_unit,c:\Users\amrem\Documents\Engineering Year 4\Machine Learning\Project\Vehicle-Classification\data\raw\class_06_three_axle_single_unit\Car (147).jpg
20251231_210351,2025-12-31T21:12:07,c:\Users\amrem\Documents\Engineering Year 4\Machine Learning\Project\Vehicle-Classification\data\inbox\archive\Vehicles\Cars\Car (148).jpg,label,2,1,class_02_passenger_car,c:\Users\amrem\Documents\Engineering Year 4\Machine Learning\Project\Vehicle-Classification\data\raw\class_02_passenger_car\Car (148).jpg
20251231_210351,2025-12-31T21:12:10,c:\Users\amrem\Documents\Engineering Year 4\Machine Learning\Project\Vehicle-Classification\data\inbox\archive\Vehicles\Cars\Car (149).jpg,label,2,1,class_02_passenger_car,c:\Users\amrem\Documents\Engineering Year 4\Machine Learning\Project\Vehicle-Classification\data\raw\class_02_passenger_car\Car (149).jpg
20251231_210351,2025-12-31T21:12:15,c:\Users\amrem\Documents\Engineering Year 4\Machine Learning\Project\Vehicle-Classification\data\inbox\archive\Vehicles\Cars\Car (15).jpg,label,6,5,class_06_three_axle_single_unit,c:\Users\amrem\Documents\Engineering Year 4\Machine Learning\Project\Vehicle-Classification\data\raw\class_06_three_axle_single_unit\Car (15).jpg
20251231_210351,2025-12-31T21:14:01,c:\Users\amrem\Documents\Engineering Year 4\Machine Learning\Project\Vehicle-Classification\data\inbox\archive\Vehicles\Cars\Car (150).jpg,label,3,2,class_03_four_tire_single_unit,c:\Users\amrem\Documents\Engineering Year 4\Machine Learning\Project\Vehicle-Classification\data\raw\class_03_four_tire_single_unit\Car (150).jpg
20251231_210351,2025-12-31T21:14:03,c:\Users\amrem\Documents\Engineering Year 4\Machine Learning\Project\Vehicle-Classification\data\inbox\archive\Vehicles\Cars\Car (151).jpg,label,2,1,class_02_passenger_car,c:\Users\amrem\Documents\Engineering Year 4\Machine Learning\Project\Vehicle-Classification\data\raw\class_02_passenger_car\Car (151).jpg
20251231_210351,2025-12-31T21:14:05,c:\Users\amrem\Documents\Engineering Year 4\Machine Learning\Project\Vehicle-Classification\data\inbox\archive\Vehicles\Cars\Car (152).jpg,label,2,1,class_02_passenger_car,c:\Users\amrem\Documents\Engineering Year 4\Machine Learning\Project\Vehicle-Classification\data\raw\class_02_passenger_car\Car (152).jpg
20251231_210351,2025-12-31T21:14:07,c:\Users\amrem\Documents\Engineering Year 4\Machine Learning\Project\Vehicle-Classification\data\inbox\archive\Vehicles\Cars\Car (153).jpg,label,3,2,class_03_four_tire_single_unit,c:\Users\amrem\Documents\Engineering Year 4\Machine Learning\Project\Vehicle-Classification\data\raw\class_03_four_tire_single_unit\Car (153).jpg
20251231_210351,2025-12-31T21:14:08,c:\Users\amrem\Documents\Engineering Year 4\Machine Learning\Project\Vehicle-Classification\data\inbox\archive\Vehicles\Cars\Car (154).jpg,label,2,1,class_02_passenger_car,c:\Users\amrem\Documents\Engineering Year 4\Machine Learning\Project\Vehicle-Classification\data\raw\class_02_passenger_car\Car (154).jpg
20251231_210351,2025-12-31T21:14:09,c:\Users\amrem\Documents\Engineering Year 4\Machine Learning\Project\Vehicle-Classification\data\inbox\archive\Vehicles\Cars\Car (155).jpg,label,2,1,class_02_passenger_car,c:\Users\amrem\Documents\Engineering Year 4\Machine Learning\Project\Vehicle-Classification\data\raw\class_02_passenger_car\Car (155).jpg
20251231_210351,2025-12-31T21:14:10,c:\Users\amrem\Documents\Engineering Year 4\Machine Learning\Project\Vehicle-Classification\data\inbox\archive\Vehicles\Cars\Car (156).jpg,label,3,2,class_03_four_tire_single_unit,c:\Users\amrem\Documents\Engineering Year 4\Machine Learning\Project\Vehicle-Classification\data\raw\class_03_four_tire_single_unit\Car (156).jpg
20251231_210351,2025-12-31T21:14:12,c:\Users\amrem\Documents\Engineering Year 4\Machine Learning\Project\Vehicle-Classification\data\inbox\archive\Vehicles\Cars\Car (157).jpg,reject,,,reject,c:\Users\amrem\Documents\Engineering Year 4\Machine Learning\Project\Vehicle-Classification\data\raw\reject\Car (157).jpg
20251231_210351,2025-12-31T21:14:14,c:\Users\amrem\Documents\Engineering Year 4\Machine Learning\Project\Vehicle-Classification\data\inbox\archive\Vehicles\Cars\Car (158).jpg,reject,,,reject,c:\Users\amrem\Documents\Engineering Year 4\Machine Learning\Project\Vehicle-Classification\data\raw\reject\Car (158).jpg
20251231_210351,2025-12-31T21:14:16,c:\Users\amrem\Documents\Engineering Year 4\Machine Learning\Project\Vehicle-Classification\data\inbox\archive\Vehicles\Cars\Car (159).jpg,reject,,,reject,c:\Users\amrem\Documents\Engineering Year 4\Machine Learning\Project\Vehicle-Classification\data\raw\reject\Car (159).jpg
20251231_210351,2025-12-31T21:14:18,c:\Users\amrem\Documents\Engineering Year 4\Machine Learning\Project\Vehicle-Classification\data\inbox\archive\Vehicles\Cars\Car (16).jpg,reject,,,reject,c:\Users\amrem\Documents\Engineering Year 4\Machine Learning\Project\Vehicle-Classification\data\raw\reject\Car (16).jpg
20251231_210351,2025-12-31T21:14:20,c:\Users\amrem\Documents\Engineering Year 4\Machine Learning\Project\Vehicle-Classification\data\inbox\archive\Vehicles\Cars\Car (160).jpg,label,2,1,class_02_passenger_car,c:\Users\amrem\Documents\Engineering Year 4\Machine Learning\Project\Vehicle-Classification\data\raw\class_02_passenger_car\Car (160).jpg
20251231_210351,2025-12-31T21:14:21,c:\Users\amrem\Documents\Engineering Year 4\Machine Learning\Project\Vehicle-Classification\data\inbox\archive\Vehicles\Cars\Car (161).jpg,label,3,2,class_03_four_tire_single_unit,c:\Users\amrem\Documents\Engineering Year 4\Machine Learning\Project\Vehicle-Classification\data\raw\class_03_four_tire_single_unit\Car (161).jpg
20251231_210351,2025-12-31T21:14:33,c:\Users\amrem\Documents\Engineering Year 4\Machine Learning\Project\Vehicle-Classification\data\inbox\archive\Vehicles\Cars\Car (162).jpg,label,9,8,class_09_five_axle_tractor_semitrailer,c:\Users\amrem\Documents\Engineering Year 4\Machine Learning\Project\Vehicle-Classification\data\raw\class_09_five_axle_tractor_semitrailer\Car (162).jpg
20251231_210351,2025-12-31T21:14:47,c:\Users\amrem\Documents\Engineering Year 4\Machine Learning\Project\Vehicle-Classification\data\inbox\archive\Vehicles\Cars\Car (163).jpg,label,3,2,class_03_four_tire_single_unit,c:\Users\amrem\Documents\Engineering Year 4\Machine Learning\Project\Vehicle-Classification\data\raw\class_03_four_tire_single_unit\Car (163).jpg
20251231_210351,2025-12-31T21:14:49,c:\Users\amrem\Documents\Engineering Year 4\Machine Learning\Project\Vehicle-Classification\data\inbox\archive\Vehicles\Cars\Car (164).jpg,label,2,1,class_02_passenger_car,c:\Users\amrem\Documents\Engineering Year 4\Machine Learning\Project\Vehicle-Classification\data\raw\class_02_passenger_car\Car (164).jpg
20251231_210351,2025-12-31T21:14:50,c:\Users\amrem\Documents\Engineering Year 4\Machine Learning\Project\Vehicle-Classification\data\inbox\archive\Vehicles\Cars\Car (165).jpg,label,2,1,class_02_passenger_car,c:\Users\amrem\Documents\Engineering Year 4\Machine Learning\Project\Vehicle-Classification\data\raw\class_02_passenger_car\Car (165).jpg
20251231_210351,2025-12-31T21:14:51,c:\Users\amrem\Documents\Engineering Year 4\Machine Learning\Project\Vehicle-Classification\data\inbox\archive\Vehicles\Cars\Car (166).jpg,label,2,1,class_02_passenger_car,c:\Users\amrem\Documents\Engineering Year 4\Machine Learning\Project\Vehicle-Classification\data\raw\class_02_passenger_car\Car (166).jpg
20251231_210351,2025-12-31T21:14:58,c:\Users\amrem\Documents\Engineering Year 4\Machine Learning\Project\Vehicle-Classification\data\inbox\archive\Vehicles\Cars\Car (167).jpg,reject,,,reject,c:\Users\amrem\Documents\Engineering Year 4\Machine Learning\Project\Vehicle-Classification\data\raw\reject\Car (167).jpg
20251231_210351,2025-12-31T21:16:26,c:\Users\amrem\Documents\Engineering Year 4\Machine Learning\Project\Vehicle-Classification\data\inbox\archive\Vehicles\Cars\Car (168).jpg,skip,,,,
20251231_210351,2025-12-31T21:16:30,c:\Users\amrem\Documents\Engineering Year 4\Machine Learning\Project\Vehicle-Classification\data\inbox\archive\Vehicles\Cars\Car (169).jpg,label,2,1,class_02_passenger_car,c:\Users\amrem\Documents\Engineering Year 4\Machine Learning\Project\Vehicle-Classification\data\raw\class_02_passenger_car\Car (169).jpg
20251231_210351,2025-12-31T21:16:31,c:\Users\amrem\Documents\Engineering Year 4\Machine Learning\Project\Vehicle-Classification\data\inbox\archive\Vehicles\Cars\Car (17).jpg,label,2,1,class_02_passenger_car,c:\Users\amrem\Documents\Engineering Year 4\Machine Learning\Project\Vehicle-Classification\data\raw\class_02_passenger_car\Car (17).jpg
20251231_210351,2025-12-31T21:17:03,c:\Users\amrem\Documents\Engineering Year 4\Machine Learning\Project\Vehicle-Classification\data\inbox\archive\Vehicles\Cars\Car (170).jpg,reject,,,reject,c:\Users\amrem\Documents\Engineering Year 4\Machine Learning\Project\Vehicle-Classification\data\raw\reject\Car (170).jpg
20251231_210351,2025-12-31T21:17:05,c:\Users\amrem\Documents\Engineering Year 4\Machine Learning\Project\Vehicle-Classification\data\inbox\archive\Vehicles\Cars\Car (171).jpg,label,2,1,class_02_passenger_car,c:\Users\amrem\Documents\Engineering Year 4\Machine Learning\Project\Vehicle-Classification\data\raw\class_02_passenger_car\Car (171).jpg
20251231_210351,2025-12-31T21:17:07,c:\Users\amrem\Documents\Engineering Year 4\Machine Learning\Project\Vehicle-Classification\data\inbox\archive\Vehicles\Cars\Car (172).jpg,reject,,,reject,c:\Users\amrem\Documents\Engineering Year 4\Machine Learning\Project\Vehicle-Classification\data\raw\reject\Car (172).jpg
20251231_210351,2025-12-31T21:17:09,c:\Users\amrem\Documents\Engineering Year 4\Machine Learning\Project\Vehicle-Classification\data\inbox\archive\Vehicles\Cars\Car (173).jpg,reject,,,reject,c:\Users\amrem\Documents\Engineering Year 4\Machine Learning\Project\Vehicle-Classification\data\raw\reject\Car (173).jpg
20251231_210351,2025-12-31T21:17:10,c:\Users\amrem\Documents\Engineering Year 4\Machine Learning\Project\Vehicle-Classification\data\inbox\archive\Vehicles\Cars\Car (174).jpg,label,2,1,class_02_passenger_car,c:\Users\amrem\Documents\Engineering Year 4\Machine Learning\Project\Vehicle-Classification\data\raw\class_02_passenger_car\Car (174).jpg
20251231_210351,2025-12-31T21:17:11,c:\Users\amrem\Documents\Engineering Year 4\Machine Learning\Project\Vehicle-Classification\data\inbox\archive\Vehicles\Cars\Car (175).jpg,label,2,1,class_02_passenger_car,c:\Users\amrem\Documents\Engineering Year 4\Machine Learning\Project\Vehicle-Classification\data\raw\class_02_passenger_car\Car (175).jpg
20251231_210351,2025-12-31T21:17:13,c:\Users\amrem\Documents\Engineering Year 4\Machine Learning\Project\Vehicle-Classification\data\inbox\archive\Vehicles\Cars\Car (176).jpg,label,2,1,class_02_passenger_car,c:\Users\amrem\Documents\Engineering Year 4\Machine Learning\Project\Vehicle-Classification\data\raw\class_02_passenger_car\Car (176).jpg
20251231_210351,2025-12-31T21:17:15,c:\Users\amrem\Documents\Engineering Year 4\Machine Learning\Project\Vehicle-Classification\data\inbox\archive\Vehicles\Cars\Car (177).jpg,label,3,2,class_03_four_tire_single_unit,c:\Users\amrem\Documents\Engineering Year 4\Machine Learning\Project\Vehicle-Classification\data\raw\class_03_four_tire_single_unit\Car (177).jpg
20251231_210351,2025-12-31T21:17:16,c:\Users\amrem\Documents\Engineering Year 4\Machine Learning\Project\Vehicle-Classification\data\inbox\archive\Vehicles\Cars\Car (178).jpg,label,2,1,class_02_passenger_car,c:\Users\amrem\Documents\Engineering Year 4\Machine Learning\Project\Vehicle-Classification\data\raw\class_02_passenger_car\Car (178).jpg
20251231_210351,2025-12-31T21:17:25,c:\Users\amrem\Documents\Engineering Year 4\Machine Learning\Project\Vehicle-Classification\data\inbox\archive\Vehicles\Cars\Car (179).jpg,label,8,7,class_08_four_or_less_axle_single_trailer,c:\Users\amrem\Documents\Engineering Year 4\Machine Learning\Project\Vehicle-Classification\data\raw\class_08_four_or_less_axle_single_trailer\Car (179).jpg
20251231_210351,2025-12-31T21:17:29,c:\Users\amrem\Documents\Engineering Year 4\Machine Learning\Project\Vehicle-Classification\data\inbox\archive\Vehicles\Cars\Car (18).jpg,reject,,,reject,c:\Users\amrem\Documents\Engineering Year 4\Machine Learning\Project\Vehicle-Classification\data\raw\reject\Car (18).jpg
20251231_210351,2025-12-31T21:17:31,c:\Users\amrem\Documents\Engineering Year 4\Machine Learning\Project\Vehicle-Classification\data\inbox\archive\Vehicles\Cars\Car (180).jpg,reject,,,reject,c:\Users\amrem\Documents\Engineering Year 4\Machine Learning\Project\Vehicle-Classification\data\raw\reject\Car (180).jpg
20251231_210351,2025-12-31T21:18:19,c:\Users\amrem\Documents\Engineering Year 4\Machine Learning\Project\Vehicle-Classification\data\inbox\archive\Vehicles\Cars\Car (181).jpg,label,5,4,class_05_two_axle_six_tire_single_unit,c:\Users\amrem\Documents\Engineering Year 4\Machine Learning\Project\Vehicle-Classification\data\raw\class_05_two_axle_six_tire_single_unit\Car (181).jpg
20251231_210351,2025-12-31T21:18:20,c:\Users\amrem\Documents\Engineering Year 4\Machine Learning\Project\Vehicle-Classification\data\inbox\archive\Vehicles\Cars\Car (182).jpg,label,5,4,class_05_two_axle_six_tire_single_unit,c:\Users\amrem\Documents\Engineering Year 4\Machine Learning\Project\Vehicle-Classification\data\raw\class_05_two_axle_six_tire_single_unit\Car (182).jpg
20251231_210351,2025-12-31T21:18:23,c:\Users\amrem\Documents\Engineering Year 4\Machine Learning\Project\Vehicle-Classification\data\inbox\archive\Vehicles\Cars\Car (183).jpg,label,2,1,class_02_passenger_car,c:\Users\amrem\Documents\Engineering Year 4\Machine Learning\Project\Vehicle-Classification\data\raw\class_02_passenger_car\Car (183).jpg
20251231_210351,2025-12-31T21:18:24,c:\Users\amrem\Documents\Engineering Year 4\Machine Learning\Project\Vehicle-Classification\data\inbox\archive\Vehicles\Cars\Car (184).jpg,label,2,1,class_02_passenger_car,c:\Users\amrem\Documents\Engineering Year 4\Machine Learning\Project\Vehicle-Classification\data\raw\class_02_passenger_car\Car (184).jpg
20251231_210351,2025-12-31T21:18:29,c:\Users\amrem\Documents\Engineering Year 4\Machine Learning\Project\Vehicle-Classification\data\inbox\archive\Vehicles\Cars\Car (185).jpg,reject,,,reject,c:\Users\amrem\Documents\Engineering Year 4\Machine Learning\Project\Vehicle-Classification\data\raw\reject\Car (185).jpg
20251231_210351,2025-12-31T21:18:30,c:\Users\amrem\Documents\Engineering Year 4\Machine Learning\Project\Vehicle-Classification\data\inbox\archive\Vehicles\Cars\Car (186).jpg,reject,,,reject,c:\Users\amrem\Documents\Engineering Year 4\Machine Learning\Project\Vehicle-Classification\data\raw\reject\Car (186).jpg
20251231_210351,2025-12-31T21:18:35,c:\Users\amrem\Documents\Engineering Year 4\Machine Learning\Project\Vehicle-Classification\data\inbox\archive\Vehicles\Cars\Car (187).jpg,reject,,,reject,c:\Users\amrem\Documents\Engineering Year 4\Machine Learning\Project\Vehicle-Classification\data\raw\reject\Car (187).jpg
20251231_210351,2025-12-31T21:18:36,c:\Users\amrem\Documents\Engineering Year 4\Machine Learning\Project\Vehicle-Classification\data\inbox\archive\Vehicles\Cars\Car (188).jpg,label,2,1,class_02_passenger_car,c:\Users\amrem\Documents\Engineering Year 4\Machine Learning\Project\Vehicle-Classification\data\raw\class_02_passenger_car\Car (188).jpg
20251231_210351,2025-12-31T21:18:38,c:\Users\amrem\Documents\Engineering Year 4\Machine Learning\Project\Vehicle-Classification\data\inbox\archive\Vehicles\Cars\Car (189).jpg,reject,,,reject,c:\Users\amrem\Documents\Engineering Year 4\Machine Learning\Project\Vehicle-Classification\data\raw\reject\Car (189).jpg
20251231_210351,2025-12-31T21:18:39,c:\Users\amrem\Documents\Engineering Year 4\Machine Learning\Project\Vehicle-Classification\data\inbox\archive\Vehicles\Cars\Car (190).jpg,label,2,1,class_02_passenger_car,c:\Users\amrem\Documents\Engineering Year 4\Machine Learning\Project\Vehicle-Classification\data\raw\class_02_passenger_car\Car (190).jpg
20251231_210351,2025-12-31T21:18:40,c:\Users\amrem\Documents\Engineering Year 4\Machine Learning\Project\Vehicle-Classification\data\inbox\archive\Vehicles\Cars\Car (191).jpg,reject,,,reject,c:\Users\amrem\Documents\Engineering Year 4\Machine Learning\Project\Vehicle-Classification\data\raw\reject\Car (191).jpg
20251231_210351,2025-12-31T21:18:43,c:\Users\amrem\Documents\Engineering Year 4\Machine Learning\Project\Vehicle-Classification\data\inbox\archive\Vehicles\Cars\Car (192).jpg,label,2,1,class_02_passenger_car,c:\Users\amrem\Documents\Engineering Year 4\Machine Learning\Project\Vehicle-Classification\data\raw\class_02_passenger_car\Car (192).jpg
20251231_210351,2025-12-31T21:18:44,c:\Users\amrem\Documents\Engineering Year 4\Machine Learning\Project\Vehicle-Classification\data\inbox\archive\Vehicles\Cars\Car (193).jpg,label,2,1,class_02_passenger_car,c:\Users\amrem\Documents\Engineering Year 4\Machine Learning\Project\Vehicle-Classification\data\raw\class_02_passenger_car\Car (193).jpg
20251231_210351,2025-12-31T21:18:47,c:\Users\amrem\Documents\Engineering Year 4\Machine Learning\Project\Vehicle-Classification\data\inbox\archive\Vehicles\Cars\Car (194).jpg,label,2,1,class_02_passenger_car,c:\Users\amrem\Documents\Engineering Year 4\Machine Learning\Project\Vehicle-Classification\data\raw\class_02_passenger_car\Car (194).jpg
20251231_210351,2025-12-31T21:18:50,c:\Users\amrem\Documents\Engineering Year 4\Machine Learning\Project\Vehicle-Classification\data\inbox\archive\Vehicles\Cars\Car (195).jpg,reject,,,reject,c:\Users\amrem\Documents\Engineering Year 4\Machine Learning\Project\Vehicle-Classification\data\raw\reject\Car (195).jpg
20251231_210351,2025-12-31T21:18:51,c:\Users\amrem\Documents\Engineering Year 4\Machine Learning\Project\Vehicle-Classification\data\inbox\archive\Vehicles\Cars\Car (196).jpg,label,2,1,class_02_passenger_car,c:\Users\amrem\Documents\Engineering Year 4\Machine Learning\Project\Vehicle-Classification\data\raw\class_02_passenger_car\Car (196).jpg
20251231_210351,2025-12-31T21:18:52,c:\Users\amrem\Documents\Engineering Year 4\Machine Learning\Project\Vehicle-Classification\data\inbox\archive\Vehicles\Cars\Car (197).jpg,label,3,2,class_03_four_tire_single_unit,c:\Users\amrem\Documents\Engineering Year 4\Machine Learning\Project\Vehicle-Classification\data\raw\class_03_four_tire_single_unit\Car (197).jpg
20251231_210351,2025-12-31T21:19:00,c:\Users\amrem\Documents\Engineering Year 4\Machine Learning\Project\Vehicle-Classification\data\inbox\archive\Vehicles\Cars\Car (198).jpg,label,6,5,class_06_three_axle_single_unit,c:\Users\amrem\Documents\Engineering Year 4\Machine Learning\Project\Vehicle-Classification\data\raw\class_06_three_axle_single_unit\Car (198).jpg
20251231_210351,2025-12-31T21:19:03,c:\Users\amrem\Documents\Engineering Year 4\Machine Learning\Project\Vehicle-Classification\data\inbox\archive\Vehicles\Cars\Car (199).jpg,reject,,,reject,c:\Users\amrem\Documents\Engineering Year 4\Machine Learning\Project\Vehicle-Classification\data\raw\reject\Car (199).jpg
20251231_210351,2025-12-31T21:19:07,c:\Users\amrem\Documents\Engineering Year 4\Machine Learning\Project\Vehicle-Classification\data\inbox\archive\Vehicles\Cars\Car (2).jpg,label,2,1,class_02_passenger_car,c:\Users\amrem\Documents\Engineering Year 4\Machine Learning\Project\Vehicle-Classification\data\raw\class_02_passenger_car\Car (2).jpg
20251231_210351,2025-12-31T21:19:08,c:\Users\amrem\Documents\Engineering Year 4\Machine Learning\Project\Vehicle-Classification\data\inbox\archive\Vehicles\Cars\Car (200).jpg,label,2,1,class_02_passenger_car,c:\Users\amrem\Documents\Engineering Year 4\Machine Learning\Project\Vehicle-Classification\data\raw\class_02_passenger_car\Car (200).jpg
20251231_210351,2025-12-31T21:19:14,c:\Users\amrem\Documents\Engineering Year 4\Machine Learning\Project\Vehicle-Classification\data\inbox\archive\Vehicles\Cars\Car (201).jpg,label,5,4,class_05_two_axle_six_tire_single_unit,c:\Users\amrem\Documents\Engineering Year 4\Machine Learning\Project\Vehicle-Classification\data\raw\class_05_two_axle_six_tire_single_unit\Car (201).jpg
20251231_210351,2025-12-31T21:19:15,c:\Users\amrem\Documents\Engineering Year 4\Machine Learning\Project\Vehicle-Classification\data\inbox\archive\Vehicles\Cars\Car (202).jpg,label,2,1,class_02_passenger_car,c:\Users\amrem\Documents\Engineering Year 4\Machine Learning\Project\Vehicle-Classification\data\raw\class_02_passenger_car\Car (202).jpg
20251231_210351,2025-12-31T21:19:20,c:\Users\amrem\Documents\Engineering Year 4\Machine Learning\Project\Vehicle-Classification\data\inbox\archive\Vehicles\Cars\Car (203).jpg,label,5,4,class_05_two_axle_six_tire_single_unit,c:\Users\amrem\Documents\Engineering Year 4\Machine Learning\Project\Vehicle-Classification\data\raw\class_05_two_axle_six_tire_single_unit\Car (203).jpg
20251231_210351,2025-12-31T21:19:21,c:\Users\amrem\Documents\Engineering Year 4\Machine Learning\Project\Vehicle-Classification\data\inbox\archive\Vehicles\Cars\Car (204).jpg,reject,,,reject,c:\Users\amrem\Documents\Engineering Year 4\Machine Learning\Project\Vehicle-Classification\data\raw\reject\Car (204).jpg
20251231_210351,2025-12-31T21:19:23,c:\Users\amrem\Documents\Engineering Year 4\Machine Learning\Project\Vehicle-Classification\data\inbox\archive\Vehicles\Cars\Car (205).jpg,reject,,,reject,c:\Users\amrem\Documents\Engineering Year 4\Machine Learning\Project\Vehicle-Classification\data\raw\reject\Car (205).jpg
20251231_210351,2025-12-31T21:19:24,c:\Users\amrem\Documents\Engineering Year 4\Machine Learning\Project\Vehicle-Classification\data\inbox\archive\Vehicles\Cars\Car (206).jpg,label,2,1,class_02_passenger_car,c:\Users\amrem\Documents\Engineering Year 4\Machine Learning\Project\Vehicle-Classification\data\raw\class_02_passenger_car\Car (206).jpg
20251231_210351,2025-12-31T21:19:26,c:\Users\amrem\Documents\Engineering Year 4\Machine Learning\Project\Vehicle-Classification\data\inbox\archive\Vehicles\Cars\Car (207).jpg,label,2,1,class_02_passenger_car,c:\Users\amrem\Documents\Engineering Year 4\Machine Learning\Project\Vehicle-Classification\data\raw\class_02_passenger_car\Car (207).jpg
20251231_210351,2025-12-31T21:19:28,c:\Users\amrem\Documents\Engineering Year 4\Machine Learning\Project\Vehicle-Classification\data\inbox\archive\Vehicles\Cars\Car (208).jpg,label,2,1,class_02_passenger_car,c:\Users\amrem\Documents\Engineering Year 4\Machine Learning\Project\Vehicle-Classification\data\raw\class_02_passenger_car\Car (208).jpg
20251231_210351,2025-12-31T21:19:28,c:\Users\amrem\Documents\Engineering Year 4\Machine Learning\Project\Vehicle-Classification\data\inbox\archive\Vehicles\Cars\Car (209).jpg,label,2,1,class_02_passenger_car,c:\Users\amrem\Documents\Engineering Year 4\Machine Learning\Project\Vehicle-Classification\data\raw\class_02_passenger_car\Car (209).jpg
20251231_210351,2025-12-31T21:19:29,c:\Users\amrem\Documents\Engineering Year 4\Machine Learning\Project\Vehicle-Classification\data\inbox\archive\Vehicles\Cars\Car (21).jpg,label,2,1,class_02_passenger_car,c:\Users\amrem\Documents\Engineering Year 4\Machine Learning\Project\Vehicle-Classification\data\raw\class_02_passenger_car\Car (21).jpg
20251231_210351,2025-12-31T21:19:30,c:\Users\amrem\Documents\Engineering Year 4\Machine Learning\Project\Vehicle-Classification\data\inbox\archive\Vehicles\Cars\Car (210).jpg,label,2,1,class_02_passenger_car,c:\Users\amrem\Documents\Engineering Year 4\Machine Learning\Project\Vehicle-Classification\data\raw\class_02_passenger_car\Car (210).jpg
20251231_210351,2025-12-31T21:19:33,c:\Users\amrem\Documents\Engineering Year 4\Machine Learning\Project\Vehicle-Classification\data\inbox\archive\Vehicles\Cars\Car (211).jpg,reject,,,reject,c:\Users\amrem\Documents\Engineering Year 4\Machine Learning\Project\Vehicle-Classification\data\raw\reject\Car (211).jpg
20251231_210351,2025-12-31T21:19:39,c:\Users\amrem\Documents\Engineering Year 4\Machine Learning\Project\Vehicle-Classification\data\inbox\archive\Vehicles\Cars\Car (212).jpg,label,5,4,class_05_two_axle_six_tire_single_unit,c:\Users\amrem\Documents\Engineering Year 4\Machine Learning\Project\Vehicle-Classification\data\raw\class_05_two_axle_six_tire_single_unit\Car (212).jpg
20251231_210351,2025-12-31T21:19:41,c:\Users\amrem\Documents\Engineering Year 4\Machine Learning\Project\Vehicle-Classification\data\inbox\archive\Vehicles\Cars\Car (213).jpg,label,2,1,class_02_passenger_car,c:\Users\amrem\Documents\Engineering Year 4\Machine Learning\Project\Vehicle-Classification\data\raw\class_02_passenger_car\Car (213).jpg
20251231_210351,2025-12-31T21:19:42,c:\Users\amrem\Documents\Engineering Year 4\Machine Learning\Project\Vehicle-Classification\data\inbox\archive\Vehicles\Cars\Car (214).jpg,label,2,1,class_02_passenger_car,c:\Users\amrem\Documents\Engineering Year 4\Machine Learning\Project\Vehicle-Classification\data\raw\class_02_passenger_car\Car (214).jpg
20251231_210351,2025-12-31T21:19:46,c:\Users\amrem\Documents\Engineering Year 4\Machine Learning\Project\Vehicle-Classification\data\inbox\archive\Vehicles\Cars\Car (215).jpg,label,3,2,class_03_four_tire_single_unit,c:\Users\amrem\Documents\Engineering Year 4\Machine Learning\Project\Vehicle-Classification\data\raw\class_03_four_tire_single_unit\Car (215).jpg
20251231_210351,2025-12-31T21:19:48,c:\Users\amrem\Documents\Engineering Year 4\Machine Learning\Project\Vehicle-Classification\data\inbox\archive\Vehicles\Cars\Car (216).jpg,reject,,,reject,c:\Users\amrem\Documents\Engineering Year 4\Machine Learning\Project\Vehicle-Classification\data\raw\reject\Car (216).jpg
20251231_210351,2025-12-31T21:19:56,c:\Users\amrem\Documents\Engineering Year 4\Machine Learning\Project\Vehicle-Classification\data\inbox\archive\Vehicles\Cars\Car (217).jpg,reject,,,reject,c:\Users\amrem\Documents\Engineering Year 4\Machine Learning\Project\Vehicle-Classification\data\raw\reject\Car (217).jpg
20251231_210351,2025-12-31T21:20:44,c:\Users\amrem\Documents\Engineering Year 4\Machine Learning\Project\Vehicle-Classification\data\inbox\archive\Vehicles\Cars\Car (218).jpg,label,5,4,class_05_two_axle_six_tire_single_unit,c:\Users\amrem\Documents\Engineering Year 4\Machine Learning\Project\Vehicle-Classification\data\raw\class_05_two_axle_six_tire_single_unit\Car (218).jpg
20251231_210351,2025-12-31T21:20:47,c:\Users\amrem\Documents\Engineering Year 4\Machine Learning\Project\Vehicle-Classification\data\inbox\archive\Vehicles\Cars\Car (219).jpg,reject,,,reject,c:\Users\amrem\Documents\Engineering Year 4\Machine Learning\Project\Vehicle-Classification\data\raw\reject\Car (219).jpg
20251231_210351,2025-12-31T21:21:30,c:\Users\amrem\Documents\Engineering Year 4\Machine Learning\Project\Vehicle-Classification\data\inbox\archive\Vehicles\Cars\Car (22).jpg,skip,,,,
20251231_210351,2025-12-31T21:21:32,c:\Users\amrem\Documents\Engineering Year 4\Machine Learning\Project\Vehicle-Classification\data\inbox\archive\Vehicles\Cars\Car (220).jpg,label,2,1,class_02_passenger_car,c:\Users\amrem\Documents\Engineering Year 4\Machine Learning\Project\Vehicle-Classification\data\raw\class_02_passenger_car\Car (220).jpg
20251231_210351,2025-12-31T21:21:33,c:\Users\amrem\Documents\Engineering Year 4\Machine Learning\Project\Vehicle-Classification\data\inbox\archive\Vehicles\Cars\Car (221).jpg,label,2,1,class_02_passenger_car,c:\Users\amrem\Documents\Engineering Year 4\Machine Learning\Project\Vehicle-Classification\data\raw\class_02_passenger_car\Car (221).jpg
20251231_210351,2025-12-31T21:21:43,c:\Users\amrem\Documents\Engineering Year 4\Machine Learning\Project\Vehicle-Classification\data\inbox\archive\Vehicles\Cars\Car (222).jpg,label,8,7,class_08_four_or_less_axle_single_trailer,c:\Users\amrem\Documents\Engineering Year 4\Machine Learning\Project\Vehicle-Classification\data\raw\class_08_four_or_less_axle_single_trailer\Car (222).jpg
20251231_210351,2025-12-31T21:21:44,c:\Users\amrem\Documents\Engineering Year 4\Machine Learning\Project\Vehicle-Classification\data\inbox\archive\Vehicles\Cars\Car (223).jpg,label,2,1,class_02_passenger_car,c:\Users\amrem\Documents\Engineering Year 4\Machine Learning\Project\Vehicle-Classification\data\raw\class_02_passenger_car\Car (223).jpg
20251231_210351,2025-12-31T21:21:45,c:\Users\amrem\Documents\Engineering Year 4\Machine Learning\Project\Vehicle-Classification\data\inbox\archive\Vehicles\Cars\Car (224).jpg,label,2,1,class_02_passenger_car,c:\Users\amrem\Documents\Engineering Year 4\Machine Learning\Project\Vehicle-Classification\data\raw\class_02_passenger_car\Car (224).jpg
20251231_210351,2025-12-31T21:21:47,c:\Users\amrem\Documents\Engineering Year 4\Machine Learning\Project\Vehicle-Classification\data\inbox\archive\Vehicles\Cars\Car (225).jpg,label,2,1,class_02_passenger_car,c:\Users\amrem\Documents\Engineering Year 4\Machine Learning\Project\Vehicle-Classification\data\raw\class_02_passenger_car\Car (225).jpg
20251231_210351,2025-12-31T21:21:48,c:\Users\amrem\Documents\Engineering Year 4\Machine Learning\Project\Vehicle-Classification\data\inbox\archive\Vehicles\Cars\Car (226).jpg,label,2,1,class_02_passenger_car,c:\Users\amrem\Documents\Engineering Year 4\Machine Learning\Project\Vehicle-Classification\data\raw\class_02_passenger_car\Car (226).jpg
20251231_210351,2025-12-31T21:21:49,c:\Users\amrem\Documents\Engineering Year 4\Machine Learning\Project\Vehicle-Classification\data\inbox\archive\Vehicles\Cars\Car (227).jpg,reject,,,reject,c:\Users\amrem\Documents\Engineering Year 4\Machine Learning\Project\Vehicle-Classification\data\raw\reject\Car (227).jpg
20251231_210351,2025-12-31T21:21:55,c:\Users\amrem\Documents\Engineering Year 4\Machine Learning\Project\Vehicle-Classification\data\inbox\archive\Vehicles\Cars\Car (228).jpg,skip,,,,
20251231_210351,2025-12-31T21:21:57,c:\Users\amrem\Documents\Engineering Year 4\Machine Learning\Project\Vehicle-Classification\data\inbox\archive\Vehicles\Cars\Car (229).jpg,label,2,1,class_02_passenger_car,c:\Users\amrem\Documents\Engineering Year 4\Machine Learning\Project\Vehicle-Classification\data\raw\class_02_passenger_car\Car (229).jpg
20251231_210351,2025-12-31T21:21:58,c:\Users\amrem\Documents\Engineering Year 4\Machine Learning\Project\Vehicle-Classification\data\inbox\archive\Vehicles\Cars\Car (23).jpg,label,2,1,class_02_passenger_car,c:\Users\amrem\Documents\Engineering Year 4\Machine Learning\Project\Vehicle-Classification\data\raw\class_02_passenger_car\Car (23).jpg
20251231_210351,2025-12-31T21:22:10,c:\Users\amrem\Documents\Engineering Year 4\Machine Learning\Project\Vehicle-Classification\data\inbox\archive\Vehicles\Cars\Car (230).jpg,label,5,4,class_05_two_axle_six_tire_single_unit,c:\Users\amrem\Documents\Engineering Year 4\Machine Learning\Project\Vehicle-Classification\data\raw\class_05_two_axle_six_tire_single_unit\Car (230).jpg
20251231_210351,2025-12-31T21:22:11,c:\Users\amrem\Documents\Engineering Year 4\Machine Learning\Project\Vehicle-Classification\data\inbox\archive\Vehicles\Cars\Car (231).jpg,reject,,,reject,c:\Users\amrem\Documents\Engineering Year 4\Machine Learning\Project\Vehicle-Classification\data\raw\reject\Car (231).jpg
20251231_210351,2025-12-31T21:22:14,c:\Users\amrem\Documents\Engineering Year 4\Machine Learning\Project\Vehicle-Classification\data\inbox\archive\Vehicles\Cars\Car (232).jpg,reject,,,reject,c:\Users\amrem\Documents\Engineering Year 4\Machine Learning\Project\Vehicle-Classification\data\raw\reject\Car (232).jpg
20251231_210351,2025-12-31T21:22:16,c:\Users\amrem\Documents\Engineering Year 4\Machine Learning\Project\Vehicle-Classification\data\inbox\archive\Vehicles\Cars\Car (233).jpg,label,2,1,class_02_passenger_car,c:\Users\amrem\Documents\Engineering Year 4\Machine Learning\Project\Vehicle-Classification\data\raw\class_02_passenger_car\Car (233).jpg
20251231_210351,2025-12-31T21:22:17,c:\Users\amrem\Documents\Engineering Year 4\Machine Learning\Project\Vehicle-Classification\data\inbox\archive\Vehicles\Cars\Car (234).jpg,label,2,1,class_02_passenger_car,c:\Users\amrem\Documents\Engineering Year 4\Machine Learning\Project\Vehicle-Classification\data\raw\class_02_passenger_car\Car (234).jpg
20251231_210351,2025-12-31T21:22:19,c:\Users\amrem\Documents\Engineering Year 4\Machine Learning\Project\Vehicle-Classification\data\inbox\archive\Vehicles\Cars\Car (235).jpg,reject,,,reject,c:\Users\amrem\Documents\Engineering Year 4\Machine Learning\Project\Vehicle-Classification\data\raw\reject\Car (235).jpg
20251231_210351,2025-12-31T21:22:21,c:\Users\amrem\Documents\Engineering Year 4\Machine Learning\Project\Vehicle-Classification\data\inbox\archive\Vehicles\Cars\Car (236).jpg,label,2,1,class_02_passenger_car,c:\Users\amrem\Documents\Engineering Year 4\Machine Learning\Project\Vehicle-Classification\data\raw\class_02_passenger_car\Car (236).jpg
20251231_210351,2025-12-31T21:22:22,c:\Users\amrem\Documents\Engineering Year 4\Machine Learning\Project\Vehicle-Classification\data\inbox\archive\Vehicles\Cars\Car (237).jpg,reject,,,reject,c:\Users\amrem\Documents\Engineering Year 4\Machine Learning\Project\Vehicle-Classification\data\raw\reject\Car (237).jpg
20251231_210351,2025-12-31T21:22:25,c:\Users\amrem\Documents\Engineering Year 4\Machine Learning\Project\Vehicle-Classification\data\inbox\archive\Vehicles\Cars\Car (238).jpg,label,3,2,class_03_four_tire_single_unit,c:\Users\amrem\Documents\Engineering Year 4\Machine Learning\Project\Vehicle-Classification\data\raw\class_03_four_tire_single_unit\Car (238).jpg
20251231_210351,2025-12-31T21:22:53,c:\Users\amrem\Documents\Engineering Year 4\Machine Learning\Project\Vehicle-Classification\data\inbox\archive\Vehicles\Cars\Car (239).jpg,label,9,8,class_09_five_axle_tractor_semitrailer,c:\Users\amrem\Documents\Engineering Year 4\Machine Learning\Project\Vehicle-Classification\data\raw\class_09_five_axle_tractor_semitrailer\Car (239).jpg
20251231_210351,2025-12-31T21:22:56,c:\Users\amrem\Documents\Engineering Year 4\Machine Learning\Project\Vehicle-Classification\data\inbox\archive\Vehicles\Cars\Car (24).jpg,label,2,1,class_02_passenger_car,c:\Users\amrem\Documents\Engineering Year 4\Machine Learning\Project\Vehicle-Classification\data\raw\class_02_passenger_car\Car (24).jpg
20251231_210351,2025-12-31T21:22:59,c:\Users\amrem\Documents\Engineering Year 4\Machine Learning\Project\Vehicle-Classification\data\inbox\archive\Vehicles\Cars\Car (240).jpg,reject,,,reject,c:\Users\amrem\Documents\Engineering Year 4\Machine Learning\Project\Vehicle-Classification\data\raw\reject\Car (240).jpg
20251231_210351,2025-12-31T21:23:02,c:\Users\amrem\Documents\Engineering Year 4\Machine Learning\Project\Vehicle-Classification\data\inbox\archive\Vehicles\Cars\Car (241).jpg,label,2,1,class_02_passenger_car,c:\Users\amrem\Documents\Engineering Year 4\Machine Learning\Project\Vehicle-Classification\data\raw\class_02_passenger_car\Car (241).jpg
20251231_210351,2025-12-31T21:23:03,c:\Users\amrem\Documents\Engineering Year 4\Machine Learning\Project\Vehicle-Classification\data\inbox\archive\Vehicles\Cars\Car (242).jpg,label,2,1,class_02_passenger_car,c:\Users\amrem\Documents\Engineering Year 4\Machine Learning\Project\Vehicle-Classification\data\raw\class_02_passenger_car\Car (242).jpg
20251231_210351,2025-12-31T21:23:05,c:\Users\amrem\Documents\Engineering Year 4\Machine Learning\Project\Vehicle-Classification\data\inbox\archive\Vehicles\Cars\Car (243).jpg,label,2,1,class_02_passenger_car,c:\Users\amrem\Documents\Engineering Year 4\Machine Learning\Project\Vehicle-Classification\data\raw\class_02_passenger_car\Car (243).jpg
20251231_210351,2025-12-31T21:23:06,c:\Users\amrem\Documents\Engineering Year 4\Machine Learning\Project\Vehicle-Classification\data\inbox\archive\Vehicles\Cars\Car (244).jpg,label,2,1,class_02_passenger_car,c:\Users\amrem\Documents\Engineering Year 4\Machine Learning\Project\Vehicle-Classification\data\raw\class_02_passenger_car\Car (244).jpg
20251231_210351,2025-12-31T21:23:08,c:\Users\amrem\Documents\Engineering Year 4\Machine Learning\Project\Vehicle-Classification\data\inbox\archive\Vehicles\Cars\Car (245).jpg,label,2,1,class_02_passenger_car,c:\Users\amrem\Documents\Engineering Year 4\Machine Learning\Project\Vehicle-Classification\data\raw\class_02_passenger_car\Car (245).jpg
20251231_210351,2025-12-31T21:23:09,c:\Users\amrem\Documents\Engineering Year 4\Machine Learning\Project\Vehicle-Classification\data\inbox\archive\Vehicles\Cars\Car (246).jpg,label,2,1,class_02_passenger_car,c:\Users\amrem\Documents\Engineering Year 4\Machine Learning\Project\Vehicle-Classification\data\raw\class_02_passenger_car\Car (246).jpg
20251231_210351,2025-12-31T21:23:12,c:\Users\amrem\Documents\Engineering Year 4\Machine Learning\Project\Vehicle-Classification\data\inbox\archive\Vehicles\Cars\Car (247).jpg,reject,,,reject,c:\Users\amrem\Documents\Engineering Year 4\Machine Learning\Project\Vehicle-Classification\data\raw\reject\Car (247).jpg
20251231_210351,2025-12-31T21:23:25,c:\Users\amrem\Documents\Engineering Year 4\Machine Learning\Project\Vehicle-Classification\data\inbox\archive\Vehicles\Cars\Car (248).jpg,reject,,,reject,c:\Users\amrem\Documents\Engineering Year 4\Machine Learning\Project\Vehicle-Classification\data\raw\reject\Car (248).jpg
20251231_210351,2025-12-31T21:23:26,c:\Users\amrem\Documents\Engineering Year 4\Machine Learning\Project\Vehicle-Classification\data\inbox\archive\Vehicles\Cars\Car (249).jpg,label,2,1,class_02_passenger_car,c:\Users\amrem\Documents\Engineering Year 4\Machine Learning\Project\Vehicle-Classification\data\raw\class_02_passenger_car\Car (249).jpg
20251231_210351,2025-12-31T21:23:29,c:\Users\amrem\Documents\Engineering Year 4\Machine Learning\Project\Vehicle-Classification\data\inbox\archive\Vehicles\Cars\Car (25).jpg,skip,,,,
20251231_210351,2025-12-31T21:23:30,c:\Users\amrem\Documents\Engineering Year 4\Machine Learning\Project\Vehicle-Classification\data\inbox\archive\Vehicles\Cars\Car (250).jpg,label,2,1,class_02_passenger_car,c:\Users\amrem\Documents\Engineering Year 4\Machine Learning\Project\Vehicle-Classification\data\raw\class_02_passenger_car\Car (250).jpg
20251231_210351,2025-12-31T21:23:31,c:\Users\amrem\Documents\Engineering Year 4\Machine Learning\Project\Vehicle-Classification\data\inbox\archive\Vehicles\Cars\Car (251).jpg,label,2,1,class_02_passenger_car,c:\Users\amrem\Documents\Engineering Year 4\Machine Learning\Project\Vehicle-Classification\data\raw\class_02_passenger_car\Car (251).jpg
20251231_210351,2025-12-31T21:23:32,c:\Users\amrem\Documents\Engineering Year 4\Machine Learning\Project\Vehicle-Classification\data\inbox\archive\Vehicles\Cars\Car (252).jpg,label,2,1,class_02_passenger_car,c:\Users\amrem\Documents\Engineering Year 4\Machine Learning\Project\Vehicle-Classification\data\raw\class_02_passenger_car\Car (252).jpg
20251231_210351,2025-12-31T21:23:34,c:\Users\amrem\Documents\Engineering Year 4\Machine Learning\Project\Vehicle-Classification\data\inbox\archive\Vehicles\Cars\Car (253).jpg,label,2,1,class_02_passenger_car,c:\Users\amrem\Documents\Engineering Year 4\Machine Learning\Project\Vehicle-Classification\data\raw\class_02_passenger_car\Car (253).jpg
20251231_210351,2025-12-31T21:23:35,c:\Users\amrem\Documents\Engineering Year 4\Machine Learning\Project\Vehicle-Classification\data\inbox\archive\Vehicles\Cars\Car (254).jpg,label,2,1,class_02_passenger_car,c:\Users\amrem\Documents\Engineering Year 4\Machine Learning\Project\Vehicle-Classification\data\raw\class_02_passenger_car\Car (254).jpg
20251231_210351,2025-12-31T21:23:36,c:\Users\amrem\Documents\Engineering Year 4\Machine Learning\Project\Vehicle-Classification\data\inbox\archive\Vehicles\Cars\Car (255).jpg,label,2,1,class_02_passenger_car,c:\Users\amrem\Documents\Engineering Year 4\Machine Learning\Project\Vehicle-Classification\data\raw\class_02_passenger_car\Car (255).jpg
20251231_210351,2025-12-31T21:23:39,c:\Users\amrem\Documents\Engineering Year 4\Machine Learning\Project\Vehicle-Classification\data\inbox\archive\Vehicles\Cars\Car (256).jpg,reject,,,reject,c:\Users\amrem\Documents\Engineering Year 4\Machine Learning\Project\Vehicle-Classification\data\raw\reject\Car (256).jpg
20251231_210351,2025-12-31T21:23:42,c:\Users\amrem\Documents\Engineering Year 4\Machine Learning\Project\Vehicle-Classification\data\inbox\archive\Vehicles\Cars\Car (257).jpg,label,2,1,class_02_passenger_car,c:\Users\amrem\Documents\Engineering Year 4\Machine Learning\Project\Vehicle-Classification\data\raw\class_02_passenger_car\Car (257).jpg
20251231_210351,2025-12-31T21:23:43,c:\Users\amrem\Documents\Engineering Year 4\Machine Learning\Project\Vehicle-Classification\data\inbox\archive\Vehicles\Cars\Car (258).jpg,label,2,1,class_02_passenger_car,c:\Users\amrem\Documents\Engineering Year 4\Machine Learning\Project\Vehicle-Classification\data\raw\class_02_passenger_car\Car (258).jpg
20251231_210351,2025-12-31T21:23:45,c:\Users\amrem\Documents\Engineering Year 4\Machine Learning\Project\Vehicle-Classification\data\inbox\archive\Vehicles\Cars\Car (259).jpg,reject,,,reject,c:\Users\amrem\Documents\Engineering Year 4\Machine Learning\Project\Vehicle-Classification\data\raw\reject\Car (259).jpg
20251231_210351,2025-12-31T21:23:46,c:\Users\amrem\Documents\Engineering Year 4\Machine Learning\Project\Vehicle-Classification\data\inbox\archive\Vehicles\Cars\Car (26).jpg,label,2,1,class_02_passenger_car,c:\Users\amrem\Documents\Engineering Year 4\Machine Learning\Project\Vehicle-Classification\data\raw\class_02_passenger_car\Car (26).jpg
20251231_210351,2025-12-31T21:23:48,c:\Users\amrem\Documents\Engineering Year 4\Machine Learning\Project\Vehicle-Classification\data\inbox\archive\Vehicles\Cars\Car (260).jpg,label,2,1,class_02_passenger_car,c:\Users\amrem\Documents\Engineering Year 4\Machine Learning\Project\Vehicle-Classification\data\raw\class_02_passenger_car\Car (260).jpg
20251231_210351,2025-12-31T21:23:49,c:\Users\amrem\Documents\Engineering Year 4\Machine Learning\Project\Vehicle-Classification\data\inbox\archive\Vehicles\Cars\Car (261).jpg,label,2,1,class_02_passenger_car,c:\Users\amrem\Documents\Engineering Year 4\Machine Learning\Project\Vehicle-Classification\data\raw\class_02_passenger_car\Car (261).jpg
20251231_210351,2025-12-31T21:23:50,c:\Users\amrem\Documents\Engineering Year 4\Machine Learning\Project\Vehicle-Classification\data\inbox\archive\Vehicles\Cars\Car (262).jpg,label,2,1,class_02_passenger_car,c:\Users\amrem\Documents\Engineering Year 4\Machine Learning\Project\Vehicle-Classification\data\raw\class_02_passenger_car\Car (262).jpg
20251231_210351,2025-12-31T21:23:52,c:\Users\amrem\Documents\Engineering Year 4\Machine Learning\Project\Vehicle-Classification\data\inbox\archive\Vehicles\Cars\Car (263).jpg,label,2,1,class_02_passenger_car,c:\Users\amrem\Documents\Engineering Year 4\Machine Learning\Project\Vehicle-Classification\data\raw\class_02_passenger_car\Car (263).jpg
20251231_210351,2025-12-31T21:23:53,c:\Users\amrem\Documents\Engineering Year 4\Machine Learning\Project\Vehicle-Classification\data\inbox\archive\Vehicles\Cars\Car (264).jpg,label,2,1,class_02_passenger_car,c:\Users\amrem\Documents\Engineering Year 4\Machine Learning\Project\Vehicle-Classification\data\raw\class_02_passenger_car\Car (264).jpg
20251231_210351,2025-12-31T21:23:55,c:\Users\amrem\Documents\Engineering Year 4\Machine Learning\Project\Vehicle-Classification\data\inbox\archive\Vehicles\Cars\Car (265).jpg,label,2,1,class_02_passenger_car,c:\Users\amrem\Documents\Engineering Year 4\Machine Learning\Project\Vehicle-Classification\data\raw\class_02_passenger_car\Car (265).jpg
20251231_210351,2025-12-31T21:23:56,c:\Users\amrem\Documents\Engineering Year 4\Machine Learning\Project\Vehicle-Classification\data\inbox\archive\Vehicles\Cars\Car (266).jpg,label,2,1,class_02_passenger_car,c:\Users\amrem\Documents\Engineering Year 4\Machine Learning\Project\Vehicle-Classification\data\raw\class_02_passenger_car\Car (266).jpg
20251231_210351,2025-12-31T21:23:59,c:\Users\amrem\Documents\Engineering Year 4\Machine Learning\Project\Vehicle-Classification\data\inbox\archive\Vehicles\Cars\Car (267).jpg,reject,,,reject,c:\Users\amrem\Documents\Engineering Year 4\Machine Learning\Project\Vehicle-Classification\data\raw\reject\Car (267).jpg
20251231_210351,2025-12-31T21:24:01,c:\Users\amrem\Documents\Engineering Year 4\Machine Learning\Project\Vehicle-Classification\data\inbox\archive\Vehicles\Cars\Car (268).jpg,reject,,,reject,c:\Users\amrem\Documents\Engineering Year 4\Machine Learning\Project\Vehicle-Classification\data\raw\reject\Car (268).jpg
20251231_210351,2025-12-31T21:24:04,c:\Users\amrem\Documents\Engineering Year 4\Machine Learning\Project\Vehicle-Classification\data\inbox\archive\Vehicles\Cars\Car (269).jpg,label,2,1,class_02_passenger_car,c:\Users\amrem\Documents\Engineering Year 4\Machine Learning\Project\Vehicle-Classification\data\raw\class_02_passenger_car\Car (269).jpg
20251231_210351,2025-12-31T21:24:06,c:\Users\amrem\Documents\Engineering Year 4\Machine Learning\Project\Vehicle-Classification\data\inbox\archive\Vehicles\Cars\Car (27).jpg,reject,,,reject,c:\Users\amrem\Documents\Engineering Year 4\Machine Learning\Project\Vehicle-Classification\data\raw\reject\Car (27).jpg
20251231_210351,2025-12-31T21:24:07,c:\Users\amrem\Documents\Engineering Year 4\Machine Learning\Project\Vehicle-Classification\data\inbox\archive\Vehicles\Cars\Car (270).jpg,label,2,1,class_02_passenger_car,c:\Users\amrem\Documents\Engineering Year 4\Machine Learning\Project\Vehicle-Classification\data\raw\class_02_passenger_car\Car (270).jpg
20251231_210351,2025-12-31T21:24:09,c:\Users\amrem\Documents\Engineering Year 4\Machine Learning\Project\Vehicle-Classification\data\inbox\archive\Vehicles\Cars\Car (271).jpg,label,2,1,class_02_passenger_car,c:\Users\amrem\Documents\Engineering Year 4\Machine Learning\Project\Vehicle-Classification\data\raw\class_02_passenger_car\Car (271).jpg
20251231_210351,2025-12-31T21:24:13,c:\Users\amrem\Documents\Engineering Year 4\Machine Learning\Project\Vehicle-Classification\data\inbox\archive\Vehicles\Cars\Car (272).jpg,label,2,1,class_02_passenger_car,c:\Users\amrem\Documents\Engineering Year 4\Machine Learning\Project\Vehicle-Classification\data\raw\class_02_passenger_car\Car (272).jpg
20251231_210351,2025-12-31T21:24:15,c:\Users\amrem\Documents\Engineering Year 4\Machine Learning\Project\Vehicle-Classification\data\inbox\archive\Vehicles\Cars\Car (273).jpg,label,2,1,class_02_passenger_car,c:\Users\amrem\Documents\Engineering Year 4\Machine Learning\Project\Vehicle-Classification\data\raw\class_02_passenger_car\Car (273).jpg
20251231_210351,2025-12-31T21:24:17,c:\Users\amrem\Documents\Engineering Year 4\Machine Learning\Project\Vehicle-Classification\data\inbox\archive\Vehicles\Cars\Car (274).jpg,label,2,1,class_02_passenger_car,c:\Users\amrem\Documents\Engineering Year 4\Machine Learning\Project\Vehicle-Classification\data\raw\class_02_passenger_car\Car (274).jpg
20251231_210351,2025-12-31T21:24:32,c:\Users\amrem\Documents\Engineering Year 4\Machine Learning\Project\Vehicle-Classification\data\inbox\archive\Vehicles\Cars\Car (275).jpg,label,6,5,class_06_three_axle_single_unit,c:\Users\amrem\Documents\Engineering Year 4\Machine Learning\Project\Vehicle-Classification\data\raw\class_06_three_axle_single_unit\Car (275).jpg
20251231_210351,2025-12-31T21:24:34,c:\Users\amrem\Documents\Engineering Year 4\Machine Learning\Project\Vehicle-Classification\data\inbox\archive\Vehicles\Cars\Car (276).jpg,label,2,1,class_02_passenger_car,c:\Users\amrem\Documents\Engineering Year 4\Machine Learning\Project\Vehicle-Classification\data\raw\class_02_passenger_car\Car (276).jpg
20251231_210351,2025-12-31T21:24:36,c:\Users\amrem\Documents\Engineering Year 4\Machine Learning\Project\Vehicle-Classification\data\inbox\archive\Vehicles\Cars\Car (277).jpg,label,2,1,class_02_passenger_car,c:\Users\amrem\Documents\Engineering Year 4\Machine Learning\Project\Vehicle-Classification\data\raw\class_02_passenger_car\Car (277).jpg
20251231_210351,2025-12-31T21:24:39,c:\Users\amrem\Documents\Engineering Year 4\Machine Learning\Project\Vehicle-Classification\data\inbox\archive\Vehicles\Cars\Car (278).jpg,reject,,,reject,c:\Users\amrem\Documents\Engineering Year 4\Machine Learning\Project\Vehicle-Classification\data\raw\reject\Car (278).jpg
20251231_210351,2025-12-31T21:24:40,c:\Users\amrem\Documents\Engineering Year 4\Machine Learning\Project\Vehicle-Classification\data\inbox\archive\Vehicles\Cars\Car (279).jpg,label,2,1,class_02_passenger_car,c:\Users\amrem\Documents\Engineering Year 4\Machine Learning\Project\Vehicle-Classification\data\raw\class_02_passenger_car\Car (279).jpg
20251231_210351,2025-12-31T21:24:42,c:\Users\amrem\Documents\Engineering Year 4\Machine Learning\Project\Vehicle-Classification\data\inbox\archive\Vehicles\Cars\Car (28).jpg,reject,,,reject,c:\Users\amrem\Documents\Engineering Year 4\Machine Learning\Project\Vehicle-Classification\data\raw\reject\Car (28).jpg
20251231_210351,2025-12-31T21:24:43,c:\Users\amrem\Documents\Engineering Year 4\Machine Learning\Project\Vehicle-Classification\data\inbox\archive\Vehicles\Cars\Car (280).jpg,label,2,1,class_02_passenger_car,c:\Users\amrem\Documents\Engineering Year 4\Machine Learning\Project\Vehicle-Classification\data\raw\class_02_passenger_car\Car (280).jpg
20251231_210351,2025-12-31T21:25:02,c:\Users\amrem\Documents\Engineering Year 4\Machine Learning\Project\Vehicle-Classification\data\inbox\archive\Vehicles\Cars\Car (281).jpg,label,3,2,class_03_four_tire_single_unit,c:\Users\amrem\Documents\Engineering Year 4\Machine Learning\Project\Vehicle-Classification\data\raw\class_03_four_tire_single_unit\Car (281).jpg
20251231_210351,2025-12-31T21:25:06,c:\Users\amrem\Documents\Engineering Year 4\Machine Learning\Project\Vehicle-Classification\data\inbox\archive\Vehicles\Cars\Car (282).jpg,reject,,,reject,c:\Users\amrem\Documents\Engineering Year 4\Machine Learning\Project\Vehicle-Classification\data\raw\reject\Car (282).jpg
20251231_210351,2025-12-31T21:25:09,c:\Users\amrem\Documents\Engineering Year 4\Machine Learning\Project\Vehicle-Classification\data\inbox\archive\Vehicles\Cars\Car (283).jpg,reject,,,reject,c:\Users\amrem\Documents\Engineering Year 4\Machine Learning\Project\Vehicle-Classification\data\raw\reject\Car (283).jpg
20251231_210351,2025-12-31T21:25:10,c:\Users\amrem\Documents\Engineering Year 4\Machine Learning\Project\Vehicle-Classification\data\inbox\archive\Vehicles\Cars\Car (284).jpg,reject,,,reject,c:\Users\amrem\Documents\Engineering Year 4\Machine Learning\Project\Vehicle-Classification\data\raw\reject\Car (284).jpg
20251231_210351,2025-12-31T21:25:12,c:\Users\amrem\Documents\Engineering Year 4\Machine Learning\Project\Vehicle-Classification\data\inbox\archive\Vehicles\Cars\Car (285).jpg,reject,,,reject,c:\Users\amrem\Documents\Engineering Year 4\Machine Learning\Project\Vehicle-Classification\data\raw\reject\Car (285).jpg
20251231_210351,2025-12-31T21:25:13,c:\Users\amrem\Documents\Engineering Year 4\Machine Learning\Project\Vehicle-Classification\data\inbox\archive\Vehicles\Cars\Car (286).jpg,label,2,1,class_02_passenger_car,c:\Users\amrem\Documents\Engineering Year 4\Machine Learning\Project\Vehicle-Classification\data\raw\class_02_passenger_car\Car (286).jpg
20251231_210351,2025-12-31T21:25:17,c:\Users\amrem\Documents\Engineering Year 4\Machine Learning\Project\Vehicle-Classification\data\inbox\archive\Vehicles\Cars\Car (287).jpg,reject,,,reject,c:\Users\amrem\Documents\Engineering Year 4\Machine Learning\Project\Vehicle-Classification\data\raw\reject\Car (287).jpg
20251231_210351,2025-12-31T21:25:18,c:\Users\amrem\Documents\Engineering Year 4\Machine Learning\Project\Vehicle-Classification\data\inbox\archive\Vehicles\Cars\Car (288).jpg,label,2,1,class_02_passenger_car,c:\Users\amrem\Documents\Engineering Year 4\Machine Learning\Project\Vehicle-Classification\data\raw\class_02_passenger_car\Car (288).jpg
20251231_210351,2025-12-31T21:25:20,c:\Users\amrem\Documents\Engineering Year 4\Machine Learning\Project\Vehicle-Classification\data\inbox\archive\Vehicles\Cars\Car (289).jpg,label,2,1,class_02_passenger_car,c:\Users\amrem\Documents\Engineering Year 4\Machine Learning\Project\Vehicle-Classification\data\raw\class_02_passenger_car\Car (289).jpg
20251231_210351,2025-12-31T21:25:21,c:\Users\amrem\Documents\Engineering Year 4\Machine Learning\Project\Vehicle-Classification\data\inbox\archive\Vehicles\Cars\Car (29).jpg,label,2,1,class_02_passenger_car,c:\Users\amrem\Documents\Engineering Year 4\Machine Learning\Project\Vehicle-Classification\data\raw\class_02_passenger_car\Car (29).jpg
20251231_210351,2025-12-31T21:25:22,c:\Users\amrem\Documents\Engineering Year 4\Machine Learning\Project\Vehicle-Classification\data\inbox\archive\Vehicles\Cars\Car (290).jpg,label,2,1,class_02_passenger_car,c:\Users\amrem\Documents\Engineering Year 4\Machine Learning\Project\Vehicle-Classification\data\raw\class_02_passenger_car\Car (290).jpg
20251231_210351,2025-12-31T21:25:24,c:\Users\amrem\Documents\Engineering Year 4\Machine Learning\Project\Vehicle-Classification\data\inbox\archive\Vehicles\Cars\Car (291).jpg,label,2,1,class_02_passenger_car,c:\Users\amrem\Documents\Engineering Year 4\Machine Learning\Project\Vehicle-Classification\data\raw\class_02_passenger_car\Car (291).jpg
20251231_210351,2025-12-31T21:25:24,c:\Users\amrem\Documents\Engineering Year 4\Machine Learning\Project\Vehicle-Classification\data\inbox\archive\Vehicles\Cars\Car (292).jpg,label,2,1,class_02_passenger_car,c:\Users\amrem\Documents\Engineering Year 4\Machine Learning\Project\Vehicle-Classification\data\raw\class_02_passenger_car\Car (292).jpg
20251231_210351,2025-12-31T21:25:27,c:\Users\amrem\Documents\Engineering Year 4\Machine Learning\Project\Vehicle-Classification\data\inbox\archive\Vehicles\Cars\Car (293).jpg,reject,,,reject,c:\Users\amrem\Documents\Engineering Year 4\Machine Learning\Project\Vehicle-Classification\data\raw\reject\Car (293).jpg
20251231_210351,2025-12-31T21:25:29,c:\Users\amrem\Documents\Engineering Year 4\Machine Learning\Project\Vehicle-Classification\data\inbox\archive\Vehicles\Cars\Car (294).jpg,reject,,,reject,c:\Users\amrem\Documents\Engineering Year 4\Machine Learning\Project\Vehicle-Classification\data\raw\reject\Car (294).jpg
20251231_210351,2025-12-31T21:25:30,c:\Users\amrem\Documents\Engineering Year 4\Machine Learning\Project\Vehicle-Classification\data\inbox\archive\Vehicles\Cars\Car (295).jpg,label,2,1,class_02_passenger_car,c:\Users\amrem\Documents\Engineering Year 4\Machine Learning\Project\Vehicle-Classification\data\raw\class_02_passenger_car\Car (295).jpg
20251231_210351,2025-12-31T21:25:32,c:\Users\amrem\Documents\Engineering Year 4\Machine Learning\Project\Vehicle-Classification\data\inbox\archive\Vehicles\Cars\Car (296).jpg,label,2,1,class_02_passenger_car,c:\Users\amrem\Documents\Engineering Year 4\Machine Learning\Project\Vehicle-Classification\data\raw\class_02_passenger_car\Car (296).jpg
20251231_210351,2025-12-31T21:25:33,c:\Users\amrem\Documents\Engineering Year 4\Machine Learning\Project\Vehicle-Classification\data\inbox\archive\Vehicles\Cars\Car (297).jpg,label,2,1,class_02_passenger_car,c:\Users\amrem\Documents\Engineering Year 4\Machine Learning\Project\Vehicle-Classification\data\raw\class_02_passenger_car\Car (297).jpg
20251231_210351,2025-12-31T21:25:36,c:\Users\amrem\Documents\Engineering Year 4\Machine Learning\Project\Vehicle-Classification\data\inbox\archive\Vehicles\Cars\Car (298).jpg,reject,,,reject,c:\Users\amrem\Documents\Engineering Year 4\Machine Learning\Project\Vehicle-Classification\data\raw\reject\Car (298).jpg
20251231_210351,2025-12-31T21:25:43,c:\Users\amrem\Documents\Engineering Year 4\Machine Learning\Project\Vehicle-Classification\data\inbox\archive\Vehicles\Cars\Car (299).jpg,label,5,4,class_05_two_axle_six_tire_single_unit,c:\Users\amrem\Documents\Engineering Year 4\Machine Learning\Project\Vehicle-Classification\data\raw\class_05_two_axle_six_tire_single_unit\Car (299).jpg
20251231_210351,2025-12-31T21:25:44,c:\Users\amrem\Documents\Engineering Year 4\Machine Learning\Project\Vehicle-Classification\data\inbox\archive\Vehicles\Cars\Car (3).jpg,label,2,1,class_02_passenger_car,c:\Users\amrem\Documents\Engineering Year 4\Machine Learning\Project\Vehicle-Classification\data\raw\class_02_passenger_car\Car (3).jpg
20251231_210351,2025-12-31T21:25:46,c:\Users\amrem\Documents\Engineering Year 4\Machine Learning\Project\Vehicle-Classification\data\inbox\archive\Vehicles\Cars\Car (30).jpg,label,2,1,class_02_passenger_car,c:\Users\amrem\Documents\Engineering Year 4\Machine Learning\Project\Vehicle-Classification\data\raw\class_02_passenger_car\Car (30).jpg
20251231_210351,2025-12-31T21:26:03,c:\Users\amrem\Documents\Engineering Year 4\Machine Learning\Project\Vehicle-Classification\data\inbox\archive\Vehicles\Cars\Car (300).jpg,label,5,4,class_05_two_axle_six_tire_single_unit,c:\Users\amrem\Documents\Engineering Year 4\Machine Learning\Project\Vehicle-Classification\data\raw\class_05_two_axle_six_tire_single_unit\Car (300).jpg
20251231_210351,2025-12-31T21:26:05,c:\Users\amrem\Documents\Engineering Year 4\Machine Learning\Project\Vehicle-Classification\data\inbox\archive\Vehicles\Cars\Car (301).jpg,label,2,1,class_02_passenger_car,c:\Users\amrem\Documents\Engineering Year 4\Machine Learning\Project\Vehicle-Classification\data\raw\class_02_passenger_car\Car (301).jpg
20251231_210351,2025-12-31T21:26:07,c:\Users\amrem\Documents\Engineering Year 4\Machine Learning\Project\Vehicle-Classification\data\inbox\archive\Vehicles\Cars\Car (302).jpg,reject,,,reject,c:\Users\amrem\Documents\Engineering Year 4\Machine Learning\Project\Vehicle-Classification\data\raw\reject\Car (302).jpg
20251231_210351,2025-12-31T21:26:09,c:\Users\amrem\Documents\Engineering Year 4\Machine Learning\Project\Vehicle-Classification\data\inbox\archive\Vehicles\Cars\Car (303).jpg,label,2,1,class_02_passenger_car,c:\Users\amrem\Documents\Engineering Year 4\Machine Learning\Project\Vehicle-Classification\data\raw\class_02_passenger_car\Car (303).jpg
20251231_210351,2025-12-31T21:26:11,c:\Users\amrem\Documents\Engineering Year 4\Machine Learning\Project\Vehicle-Classification\data\inbox\archive\Vehicles\Cars\Car (304).jpg,label,2,1,class_02_passenger_car,c:\Users\amrem\Documents\Engineering Year 4\Machine Learning\Project\Vehicle-Classification\data\raw\class_02_passenger_car\Car (304).jpg
20251231_210351,2025-12-31T21:26:15,c:\Users\amrem\Documents\Engineering Year 4\Machine Learning\Project\Vehicle-Classification\data\inbox\archive\Vehicles\Cars\Car (305).jpg,label,2,1,class_02_passenger_car,c:\Users\amrem\Documents\Engineering Year 4\Machine Learning\Project\Vehicle-Classification\data\raw\class_02_passenger_car\Car (305).jpg
20251231_210351,2025-12-31T21:26:20,c:\Users\amrem\Documents\Engineering Year 4\Machine Learning\Project\Vehicle-Classification\data\inbox\archive\Vehicles\Cars\Car (306).jpg,label,3,2,class_03_four_tire_single_unit,c:\Users\amrem\Documents\Engineering Year 4\Machine Learning\Project\Vehicle-Classification\data\raw\class_03_four_tire_single_unit\Car (306).jpg
20251231_210351,2025-12-31T21:26:48,c:\Users\amrem\Documents\Engineering Year 4\Machine Learning\Project\Vehicle-Classification\data\inbox\archive\Vehicles\Cars\Car (307).jpg,reject,,,reject,c:\Users\amrem\Documents\Engineering Year 4\Machine Learning\Project\Vehicle-Classification\data\raw\reject\Car (307).jpg
20251231_210351,2025-12-31T21:26:51,c:\Users\amrem\Documents\Engineering Year 4\Machine Learning\Project\Vehicle-Classification\data\inbox\archive\Vehicles\Cars\Car (308).jpg,label,2,1,class_02_passenger_car,c:\Users\amrem\Documents\Engineering Year 4\Machine Learning\Project\Vehicle-Classification\data\raw\class_02_passenger_car\Car (308).jpg
20251231_210351,2025-12-31T21:26:52,c:\Users\amrem\Documents\Engineering Year 4\Machine Learning\Project\Vehicle-Classification\data\inbox\archive\Vehicles\Cars\Car (309).jpg,label,2,1,class_02_passenger_car,c:\Users\amrem\Documents\Engineering Year 4\Machine Learning\Project\Vehicle-Classification\data\raw\class_02_passenger_car\Car (309).jpg
20251231_210351,2025-12-31T21:26:54,c:\Users\amrem\Documents\Engineering Year 4\Machine Learning\Project\Vehicle-Classification\data\inbox\archive\Vehicles\Cars\Car (31).jpg,label,2,1,class_02_passenger_car,c:\Users\amrem\Documents\Engineering Year 4\Machine Learning\Project\Vehicle-Classification\data\raw\class_02_passenger_car\Car (31).jpg
20251231_210351,2025-12-31T21:26:57,c:\Users\amrem\Documents\Engineering Year 4\Machine Learning\Project\Vehicle-Classification\data\inbox\archive\Vehicles\Cars\Car (310).jpg,label,2,1,class_02_passenger_car,c:\Users\amrem\Documents\Engineering Year 4\Machine Learning\Project\Vehicle-Classification\data\raw\class_02_passenger_car\Car (310).jpg
20251231_210351,2025-12-31T21:26:59,c:\Users\amrem\Documents\Engineering Year 4\Machine Learning\Project\Vehicle-Classification\data\inbox\archive\Vehicles\Cars\Car (311).jpg,label,2,1,class_02_passenger_car,c:\Users\amrem\Documents\Engineering Year 4\Machine Learning\Project\Vehicle-Classification\data\raw\class_02_passenger_car\Car (311).jpg
20251231_210351,2025-12-31T21:27:41,c:\Users\amrem\Documents\Engineering Year 4\Machine Learning\Project\Vehicle-Classification\data\inbox\archive\Vehicles\Cars\Car (312).jpg,label,7,6,class_07_four_or_more_axle_single_unit,c:\Users\amrem\Documents\Engineering Year 4\Machine Learning\Project\Vehicle-Classification\data\raw\class_07_four_or_more_axle_single_unit\Car (312).jpg
20251231_210351,2025-12-31T21:27:43,c:\Users\amrem\Documents\Engineering Year 4\Machine Learning\Project\Vehicle-Classification\data\inbox\archive\Vehicles\Cars\Car (313).jpg,label,2,1,class_02_passenger_car,c:\Users\amrem\Documents\Engineering Year 4\Machine Learning\Project\Vehicle-Classification\data\raw\class_02_passenger_car\Car (313).jpg
20251231_210351,2025-12-31T21:27:44,c:\Users\amrem\Documents\Engineering Year 4\Machine Learning\Project\Vehicle-Classification\data\inbox\archive\Vehicles\Cars\Car (314).jpg,label,2,1,class_02_passenger_car,c:\Users\amrem\Documents\Engineering Year 4\Machine Learning\Project\Vehicle-Classification\data\raw\class_02_passenger_car\Car (314).jpg
20251231_210351,2025-12-31T21:27:47,c:\Users\amrem\Documents\Engineering Year 4\Machine Learning\Project\Vehicle-Classification\data\inbox\archive\Vehicles\Cars\Car (315).jpg,reject,,,reject,c:\Users\amrem\Documents\Engineering Year 4\Machine Learning\Project\Vehicle-Classification\data\raw\reject\Car (315).jpg
20251231_210351,2025-12-31T21:27:49,c:\Users\amrem\Documents\Engineering Year 4\Machine Learning\Project\Vehicle-Classification\data\inbox\archive\Vehicles\Cars\Car (316).jpg,reject,,,reject,c:\Users\amrem\Documents\Engineering Year 4\Machine Learning\Project\Vehicle-Classification\data\raw\reject\Car (316).jpg
20251231_210351,2025-12-31T21:27:51,c:\Users\amrem\Documents\Engineering Year 4\Machine Learning\Project\Vehicle-Classification\data\inbox\archive\Vehicles\Cars\Car (317).jpg,label,2,1,class_02_passenger_car,c:\Users\amrem\Documents\Engineering Year 4\Machine Learning\Project\Vehicle-Classification\data\raw\class_02_passenger_car\Car (317).jpg
20251231_210351,2025-12-31T21:27:54,c:\Users\amrem\Documents\Engineering Year 4\Machine Learning\Project\Vehicle-Classification\data\inbox\archive\Vehicles\Cars\Car (318).jpg,label,2,1,class_02_passenger_car,c:\Users\amrem\Documents\Engineering Year 4\Machine Learning\Project\Vehicle-Classification\data\raw\class_02_passenger_car\Car (318).jpg
20251231_210351,2025-12-31T21:27:55,c:\Users\amrem\Documents\Engineering Year 4\Machine Learning\Project\Vehicle-Classification\data\inbox\archive\Vehicles\Cars\Car (319).jpg,label,2,1,class_02_passenger_car,c:\Users\amrem\Documents\Engineering Year 4\Machine Learning\Project\Vehicle-Classification\data\raw\class_02_passenger_car\Car (319).jpg
20251231_210351,2025-12-31T21:27:57,c:\Users\amrem\Documents\Engineering Year 4\Machine Learning\Project\Vehicle-Classification\data\inbox\archive\Vehicles\Cars\Car (32).jpg,label,2,1,class_02_passenger_car,c:\Users\amrem\Documents\Engineering Year 4\Machine Learning\Project\Vehicle-Classification\data\raw\class_02_passenger_car\Car (32).jpg
20251231_210351,2025-12-31T21:27:57,c:\Users\amrem\Documents\Engineering Year 4\Machine Learning\Project\Vehicle-Classification\data\inbox\archive\Vehicles\Cars\Car (320).jpg,label,2,1,class_02_passenger_car,c:\Users\amrem\Documents\Engineering Year 4\Machine Learning\Project\Vehicle-Classification\data\raw\class_02_passenger_car\Car (320).jpg
20251231_210351,2025-12-31T21:27:59,c:\Users\amrem\Documents\Engineering Year 4\Machine Learning\Project\Vehicle-Classification\data\inbox\archive\Vehicles\Cars\Car (321).jpg,label,2,1,class_02_passenger_car,c:\Users\amrem\Documents\Engineering Year 4\Machine Learning\Project\Vehicle-Classification\data\raw\class_02_passenger_car\Car (321).jpg
20251231_210351,2025-12-31T21:28:00,c:\Users\amrem\Documents\Engineering Year 4\Machine Learning\Project\Vehicle-Classification\data\inbox\archive\Vehicles\Cars\Car (322).jpg,label,2,1,class_02_passenger_car,c:\Users\amrem\Documents\Engineering Year 4\Machine Learning\Project\Vehicle-Classification\data\raw\class_02_passenger_car\Car (322).jpg
20251231_210351,2025-12-31T21:28:02,c:\Users\amrem\Documents\Engineering Year 4\Machine Learning\Project\Vehicle-Classification\data\inbox\archive\Vehicles\Cars\Car (323).jpg,label,2,1,class_02_passenger_car,c:\Users\amrem\Documents\Engineering Year 4\Machine Learning\Project\Vehicle-Classification\data\raw\class_02_passenger_car\Car (323).jpg
20251231_210351,2025-12-31T21:28:08,c:\Users\amrem\Documents\Engineering Year 4\Machine Learning\Project\Vehicle-Classification\data\inbox\archive\Vehicles\Cars\Car (324).jpg,label,6,5,class_06_three_axle_single_unit,c:\Users\amrem\Documents\Engineering Year 4\Machine Learning\Project\Vehicle-Classification\data\raw\class_06_three_axle_single_unit\Car (324).jpg
20251231_210351,2025-12-31T21:28:26,c:\Users\amrem\Documents\Engineering Year 4\Machine Learning\Project\Vehicle-Classification\data\inbox\archive\Vehicles\Cars\Car (325).jpg,label,8,7,class_08_four_or_less_axle_single_trailer,c:\Users\amrem\Documents\Engineering Year 4\Machine Learning\Project\Vehicle-Classification\data\raw\class_08_four_or_less_axle_single_trailer\Car (325).jpg
20251231_210351,2025-12-31T21:32:39,c:\Users\amrem\Documents\Engineering Year 4\Machine Learning\Project\Vehicle-Classification\data\inbox\archive\Vehicles\Cars\Car (326).jpg,label,2,1,class_02_passenger_car,c:\Users\amrem\Documents\Engineering Year 4\Machine Learning\Project\Vehicle-Classification\data\raw\class_02_passenger_car\Car (326).jpg
20251231_210351,2025-12-31T21:32:49,c:\Users\amrem\Documents\Engineering Year 4\Machine Learning\Project\Vehicle-Classification\data\inbox\archive\Vehicles\Cars\Car (327).jpg,label,9,8,class_09_five_axle_tractor_semitrailer,c:\Users\amrem\Documents\Engineering Year 4\Machine Learning\Project\Vehicle-Classification\data\raw\class_09_five_axle_tractor_semitrailer\Car (327).jpg
20251231_210351,2025-12-31T21:32:51,c:\Users\amrem\Documents\Engineering Year 4\Machine Learning\Project\Vehicle-Classification\data\inbox\archive\Vehicles\Cars\Car (328).jpg,label,2,1,class_02_passenger_car,c:\Users\amrem\Documents\Engineering Year 4\Machine Learning\Project\Vehicle-Classification\data\raw\class_02_passenger_car\Car (328).jpg
20251231_210351,2025-12-31T21:32:59,c:\Users\amrem\Documents\Engineering Year 4\Machine Learning\Project\Vehicle-Classification\data\inbox\archive\Vehicles\Cars\Car (329).jpg,label,5,4,class_05_two_axle_six_tire_single_unit,c:\Users\amrem\Documents\Engineering Year 4\Machine Learning\Project\Vehicle-Classification\data\raw\class_05_two_axle_six_tire_single_unit\Car (329).jpg
20251231_210351,2025-12-31T21:33:01,c:\Users\amrem\Documents\Engineering Year 4\Machine Learning\Project\Vehicle-Classification\data\inbox\archive\Vehicles\Cars\Car (33).jpg,label,2,1,class_02_passenger_car,c:\Users\amrem\Documents\Engineering Year 4\Machine Learning\Project\Vehicle-Classification\data\raw\class_02_passenger_car\Car (33).jpg
20251231_210351,2025-12-31T21:33:10,c:\Users\amrem\Documents\Engineering Year 4\Machine Learning\Project\Vehicle-Classification\data\inbox\archive\Vehicles\Cars\Car (330).jpg,skip,,,,
20251231_210351,2025-12-31T21:33:12,c:\Users\amrem\Documents\Engineering Year 4\Machine Learning\Project\Vehicle-Classification\data\inbox\archive\Vehicles\Cars\Car (331).jpg,label,2,1,class_02_passenger_car,c:\Users\amrem\Documents\Engineering Year 4\Machine Learning\Project\Vehicle-Classification\data\raw\class_02_passenger_car\Car (331).jpg
20251231_210351,2025-12-31T21:33:23,c:\Users\amrem\Documents\Engineering Year 4\Machine Learning\Project\Vehicle-Classification\data\inbox\archive\Vehicles\Cars\Car (332).jpg,label,5,4,class_05_two_axle_six_tire_single_unit,c:\Users\amrem\Documents\Engineering Year 4\Machine Learning\Project\Vehicle-Classification\data\raw\class_05_two_axle_six_tire_single_unit\Car (332).jpg
20251231_210351,2025-12-31T21:33:25,c:\Users\amrem\Documents\Engineering Year 4\Machine Learning\Project\Vehicle-Classification\data\inbox\archive\Vehicles\Cars\Car (333).jpg,label,2,1,class_02_passenger_car,c:\Users\amrem\Documents\Engineering Year 4\Machine Learning\Project\Vehicle-Classification\data\raw\class_02_passenger_car\Car (333).jpg
20251231_210351,2025-12-31T21:33:30,c:\Users\amrem\Documents\Engineering Year 4\Machine Learning\Project\Vehicle-Classification\data\inbox\archive\Vehicles\Cars\Car (334).jpg,label,5,4,class_05_two_axle_six_tire_single_unit,c:\Users\amrem\Documents\Engineering Year 4\Machine Learning\Project\Vehicle-Classification\data\raw\class_05_two_axle_six_tire_single_unit\Car (334).jpg
20251231_210351,2025-12-31T21:33:33,c:\Users\amrem\Documents\Engineering Year 4\Machine Learning\Project\Vehicle-Classification\data\inbox\archive\Vehicles\Cars\Car (335).jpg,reject,,,reject,c:\Users\amrem\Documents\Engineering Year 4\Machine Learning\Project\Vehicle-Classification\data\raw\reject\Car (335).jpg
20251231_210351,2025-12-31T21:33:36,c:\Users\amrem\Documents\Engineering Year 4\Machine Learning\Project\Vehicle-Classification\data\inbox\archive\Vehicles\Cars\Car (336).jpg,label,3,2,class_03_four_tire_single_unit,c:\Users\amrem\Documents\Engineering Year 4\Machine Learning\Project\Vehicle-Classification\data\raw\class_03_four_tire_single_unit\Car (336).jpg
20251231_210351,2025-12-31T21:33:37,c:\Users\amrem\Documents\Engineering Year 4\Machine Learning\Project\Vehicle-Classification\data\inbox\archive\Vehicles\Cars\Car (337).jpg,label,2,1,class_02_passenger_car,c:\Users\amrem\Documents\Engineering Year 4\Machine Learning\Project\Vehicle-Classification\data\raw\class_02_passenger_car\Car (337).jpg
20251231_210351,2025-12-31T21:33:39,c:\Users\amrem\Documents\Engineering Year 4\Machine Learning\Project\Vehicle-Classification\data\inbox\archive\Vehicles\Cars\Car (338).jpg,label,2,1,class_02_passenger_car,c:\Users\amrem\Documents\Engineering Year 4\Machine Learning\Project\Vehicle-Classification\data\raw\class_02_passenger_car\Car (338).jpg
20251231_210351,2025-12-31T21:33:41,c:\Users\amrem\Documents\Engineering Year 4\Machine Learning\Project\Vehicle-Classification\data\inbox\archive\Vehicles\Cars\Car (339).jpg,label,2,1,class_02_passenger_car,c:\Users\amrem\Documents\Engineering Year 4\Machine Learning\Project\Vehicle-Classification\data\raw\class_02_passenger_car\Car (339).jpg
20251231_210351,2025-12-31T21:33:42,c:\Users\amrem\Documents\Engineering Year 4\Machine Learning\Project\Vehicle-Classification\data\inbox\archive\Vehicles\Cars\Car (34).jpg,label,2,1,class_02_passenger_car,c:\Users\amrem\Documents\Engineering Year 4\Machine Learning\Project\Vehicle-Classification\data\raw\class_02_passenger_car\Car (34).jpg
20251231_210351,2025-12-31T21:33:44,c:\Users\amrem\Documents\Engineering Year 4\Machine Learning\Project\Vehicle-Classification\data\inbox\archive\Vehicles\Cars\Car (340).jpg,label,2,1,class_02_passenger_car,c:\Users\amrem\Documents\Engineering Year 4\Machine Learning\Project\Vehicle-Classification\data\raw\class_02_passenger_car\Car (340).jpg
20251231_210351,2025-12-31T21:33:45,c:\Users\amrem\Documents\Engineering Year 4\Machine Learning\Project\Vehicle-Classification\data\inbox\archive\Vehicles\Cars\Car (341).jpg,label,2,1,class_02_passenger_car,c:\Users\amrem\Documents\Engineering Year 4\Machine Learning\Project\Vehicle-Classification\data\raw\class_02_passenger_car\Car (341).jpg
20251231_210351,2025-12-31T21:33:46,c:\Users\amrem\Documents\Engineering Year 4\Machine Learning\Project\Vehicle-Classification\data\inbox\archive\Vehicles\Cars\Car (342).jpg,label,2,1,class_02_passenger_car,c:\Users\amrem\Documents\Engineering Year 4\Machine Learning\Project\Vehicle-Classification\data\raw\class_02_passenger_car\Car (342).jpg
20251231_210351,2025-12-31T21:33:50,c:\Users\amrem\Documents\Engineering Year 4\Machine Learning\Project\Vehicle-Classification\data\inbox\archive\Vehicles\Cars\Car (343).jpg,reject,,,reject,c:\Users\amrem\Documents\Engineering Year 4\Machine Learning\Project\Vehicle-Classification\data\raw\reject\Car (343).jpg
20251231_210351,2025-12-31T21:33:52,c:\Users\amrem\Documents\Engineering Year 4\Machine Learning\Project\Vehicle-Classification\data\inbox\archive\Vehicles\Cars\Car (344).jpg,label,2,1,class_02_passenger_car,c:\Users\amrem\Documents\Engineering Year 4\Machine Learning\Project\Vehicle-Classification\data\raw\class_02_passenger_car\Car (344).jpg
20251231_210351,2025-12-31T21:33:54,c:\Users\amrem\Documents\Engineering Year 4\Machine Learning\Project\Vehicle-Classification\data\inbox\archive\Vehicles\Cars\Car (345).jpg,label,2,1,class_02_passenger_car,c:\Users\amrem\Documents\Engineering Year 4\Machine Learning\Project\Vehicle-Classification\data\raw\class_02_passenger_car\Car (345).jpg
20251231_210351,2025-12-31T21:33:55,c:\Users\amrem\Documents\Engineering Year 4\Machine Learning\Project\Vehicle-Classification\data\inbox\archive\Vehicles\Cars\Car (346).jpg,label,2,1,class_02_passenger_car,c:\Users\amrem\Documents\Engineering Year 4\Machine Learning\Project\Vehicle-Classification\data\raw\class_02_passenger_car\Car (346).jpg
20251231_210351,2025-12-31T21:33:56,c:\Users\amrem\Documents\Engineering Year 4\Machine Learning\Project\Vehicle-Classification\data\inbox\archive\Vehicles\Cars\Car (347).jpg,label,2,1,class_02_passenger_car,c:\Users\amrem\Documents\Engineering Year 4\Machine Learning\Project\Vehicle-Classification\data\raw\class_02_passenger_car\Car (347).jpg
20251231_210351,2025-12-31T21:33:57,c:\Users\amrem\Documents\Engineering Year 4\Machine Learning\Project\Vehicle-Classification\data\inbox\archive\Vehicles\Cars\Car (348).jpg,label,2,1,class_02_passenger_car,c:\Users\amrem\Documents\Engineering Year 4\Machine Learning\Project\Vehicle-Classification\data\raw\class_02_passenger_car\Car (348).jpg
20251231_210351,2025-12-31T21:33:58,c:\Users\amrem\Documents\Engineering Year 4\Machine Learning\Project\Vehicle-Classification\data\inbox\archive\Vehicles\Cars\Car (349).jpg,label,2,1,class_02_passenger_car,c:\Users\amrem\Documents\Engineering Year 4\Machine Learning\Project\Vehicle-Classification\data\raw\class_02_passenger_car\Car (349).jpg
20251231_210351,2025-12-31T21:33:59,c:\Users\amrem\Documents\Engineering Year 4\Machine Learning\Project\Vehicle-Classification\data\inbox\archive\Vehicles\Cars\Car (35).jpg,label,2,1,class_02_passenger_car,c:\Users\amrem\Documents\Engineering Year 4\Machine Learning\Project\Vehicle-Classification\data\raw\class_02_passenger_car\Car (35).jpg
20251231_210351,2025-12-31T21:34:02,c:\Users\amrem\Documents\Engineering Year 4\Machine Learning\Project\Vehicle-Classification\data\inbox\archive\Vehicles\Cars\Car (350).jpg,reject,,,reject,c:\Users\amrem\Documents\Engineering Year 4\Machine Learning\Project\Vehicle-Classification\data\raw\reject\Car (350).jpg
20251231_210351,2025-12-31T21:34:15,c:\Users\amrem\Documents\Engineering Year 4\Machine Learning\Project\Vehicle-Classification\data\inbox\archive\Vehicles\Cars\Car (351).jpg,label,9,8,class_09_five_axle_tractor_semitrailer,c:\Users\amrem\Documents\Engineering Year 4\Machine Learning\Project\Vehicle-Classification\data\raw\class_09_five_axle_tractor_semitrailer\Car (351).jpg
20251231_210351,2025-12-31T21:34:19,c:\Users\amrem\Documents\Engineering Year 4\Machine Learning\Project\Vehicle-Classification\data\inbox\archive\Vehicles\Cars\Car (352).jpg,label,2,1,class_02_passenger_car,c:\Users\amrem\Documents\Engineering Year 4\Machine Learning\Project\Vehicle-Classification\data\raw\class_02_passenger_car\Car (352).jpg
20251231_210351,2025-12-31T21:34:33,c:\Users\amrem\Documents\Engineering Year 4\Machine Learning\Project\Vehicle-Classification\data\inbox\archive\Vehicles\Cars\Car (353).jpg,label,9,8,class_09_five_axle_tractor_semitrailer,c:\Users\amrem\Documents\Engineering Year 4\Machine Learning\Project\Vehicle-Classification\data\raw\class_09_five_axle_tractor_semitrailer\Car (353).jpg
20251231_210351,2025-12-31T21:34:34,c:\Users\amrem\Documents\Engineering Year 4\Machine Learning\Project\Vehicle-Classification\data\inbox\archive\Vehicles\Cars\Car (354).jpg,label,2,1,class_02_passenger_car,c:\Users\amrem\Documents\Engineering Year 4\Machine Learning\Project\Vehicle-Classification\data\raw\class_02_passenger_car\Car (354).jpg
20251231_210351,2025-12-31T21:34:36,c:\Users\amrem\Documents\Engineering Year 4\Machine Learning\Project\Vehicle-Classification\data\inbox\archive\Vehicles\Cars\Car (355).jpg,label,3,2,class_03_four_tire_single_unit,c:\Users\amrem\Documents\Engineering Year 4\Machine Learning\Project\Vehicle-Classification\data\raw\class_03_four_tire_single_unit\Car (355).jpg
20251231_210351,2025-12-31T21:34:38,c:\Users\amrem\Documents\Engineering Year 4\Machine Learning\Project\Vehicle-Classification\data\inbox\archive\Vehicles\Cars\Car (356).jpg,label,3,2,class_03_four_tire_single_unit,c:\Users\amrem\Documents\Engineering Year 4\Machine Learning\Project\Vehicle-Classification\data\raw\class_03_four_tire_single_unit\Car (356).jpg
20251231_210351,2025-12-31T21:34:39,c:\Users\amrem\Documents\Engineering Year 4\Machine Learning\Project\Vehicle-Classification\data\inbox\archive\Vehicles\Cars\Car (357).jpg,label,2,1,class_02_passenger_car,c:\Users\amrem\Documents\Engineering Year 4\Machine Learning\Project\Vehicle-Classification\data\raw\class_02_passenger_car\Car (357).jpg
20251231_210351,2025-12-31T21:34:41,c:\Users\amrem\Documents\Engineering Year 4\Machine Learning\Project\Vehicle-Classification\data\inbox\archive\Vehicles\Cars\Car (358).jpg,label,2,1,class_02_passenger_car,c:\Users\amrem\Documents\Engineering Year 4\Machine Learning\Project\Vehicle-Classification\data\raw\class_02_passenger_car\Car (358).jpg
20251231_210351,2025-12-31T21:34:44,c:\Users\amrem\Documents\Engineering Year 4\Machine Learning\Project\Vehicle-Classification\data\inbox\archive\Vehicles\Cars\Car (359).jpg,label,2,1,class_02_passenger_car,c:\Users\amrem\Documents\Engineering Year 4\Machine Learning\Project\Vehicle-Classification\data\raw\class_02_passenger_car\Car (359).jpg
20251231_210351,2025-12-31T21:34:46,c:\Users\amrem\Documents\Engineering Year 4\Machine Learning\Project\Vehicle-Classification\data\inbox\archive\Vehicles\Cars\Car (36).jpg,label,2,1,class_02_passenger_car,c:\Users\amrem\Documents\Engineering Year 4\Machine Learning\Project\Vehicle-Classification\data\raw\class_02_passenger_car\Car (36).jpg
20251231_210351,2025-12-31T21:34:47,c:\Users\amrem\Documents\Engineering Year 4\Machine Learning\Project\Vehicle-Classification\data\inbox\archive\Vehicles\Cars\Car (360).jpg,label,3,2,class_03_four_tire_single_unit,c:\Users\amrem\Documents\Engineering Year 4\Machine Learning\Project\Vehicle-Classification\data\raw\class_03_four_tire_single_unit\Car (360).jpg
20251231_210351,2025-12-31T21:34:51,c:\Users\amrem\Documents\Engineering Year 4\Machine Learning\Project\Vehicle-Classification\data\inbox\archive\Vehicles\Cars\Car (361).jpg,label,5,4,class_05_two_axle_six_tire_single_unit,c:\Users\amrem\Documents\Engineering Year 4\Machine Learning\Project\Vehicle-Classification\data\raw\class_05_two_axle_six_tire_single_unit\Car (361).jpg
20251231_210351,2025-12-31T21:34:53,c:\Users\amrem\Documents\Engineering Year 4\Machine Learning\Project\Vehicle-Classification\data\inbox\archive\Vehicles\Cars\Car (362).jpg,label,2,1,class_02_passenger_car,c:\Users\amrem\Documents\Engineering Year 4\Machine Learning\Project\Vehicle-Classification\data\raw\class_02_passenger_car\Car (362).jpg
20251231_210351,2025-12-31T21:34:54,c:\Users\amrem\Documents\Engineering Year 4\Machine Learning\Project\Vehicle-Classification\data\inbox\archive\Vehicles\Cars\Car (363).jpg,label,2,1,class_02_passenger_car,c:\Users\amrem\Documents\Engineering Year 4\Machine Learning\Project\Vehicle-Classification\data\raw\class_02_passenger_car\Car (363).jpg
20251231_210351,2025-12-31T21:34:56,c:\Users\amrem\Documents\Engineering Year 4\Machine Learning\Project\Vehicle-Classification\data\inbox\archive\Vehicles\Cars\Car (364).jpg,label,2,1,class_02_passenger_car,c:\Users\amrem\Documents\Engineering Year 4\Machine Learning\Project\Vehicle-Classification\data\raw\class_02_passenger_car\Car (364).jpg
20251231_210351,2025-12-31T21:34:57,c:\Users\amrem\Documents\Engineering Year 4\Machine Learning\Project\Vehicle-Classification\data\inbox\archive\Vehicles\Cars\Car (365).jpg,label,2,1,class_02_passenger_car,c:\Users\amrem\Documents\Engineering Year 4\Machine Learning\Project\Vehicle-Classification\data\raw\class_02_passenger_car\Car (365).jpg
20251231_210351,2025-12-31T21:35:03,c:\Users\amrem\Documents\Engineering Year 4\Machine Learning\Project\Vehicle-Classification\data\inbox\archive\Vehicles\Cars\Car (366).jpg,label,6,5,class_06_three_axle_single_unit,c:\Users\amrem\Documents\Engineering Year 4\Machine Learning\Project\Vehicle-Classification\data\raw\class_06_three_axle_single_unit\Car (366).jpg
20251231_210351,2025-12-31T21:35:05,c:\Users\amrem\Documents\Engineering Year 4\Machine Learning\Project\Vehicle-Classification\data\inbox\archive\Vehicles\Cars\Car (367).jpg,label,2,1,class_02_passenger_car,c:\Users\amrem\Documents\Engineering Year 4\Machine Learning\Project\Vehicle-Classification\data\raw\class_02_passenger_car\Car (367).jpg
20251231_210351,2025-12-31T21:35:12,c:\Users\amrem\Documents\Engineering Year 4\Machine Learning\Project\Vehicle-Classification\data\inbox\archive\Vehicles\Cars\Car (368).jpg,reject,,,reject,c:\Users\amrem\Documents\Engineering Year 4\Machine Learning\Project\Vehicle-Classification\data\raw\reject\Car (368).jpg
20251231_210351,2025-12-31T21:35:15,c:\Users\amrem\Documents\Engineering Year 4\Machine Learning\Project\Vehicle-Classification\data\inbox\archive\Vehicles\Cars\Car (369).jpg,reject,,,reject,c:\Users\amrem\Documents\Engineering Year 4\Machine Learning\Project\Vehicle-Classification\data\raw\reject\Car (369).jpg
20251231_210351,2025-12-31T21:35:20,c:\Users\amrem\Documents\Engineering Year 4\Machine Learning\Project\Vehicle-Classification\data\inbox\archive\Vehicles\Cars\Car (37).jpg,skip,,,,
20251231_210351,2025-12-31T21:35:23,c:\Users\amrem\Documents\Engineering Year 4\Machine Learning\Project\Vehicle-Classification\data\inbox\archive\Vehicles\Cars\Car (370).jpg,skip,,,,
20251231_210351,2025-12-31T21:35:24,c:\Users\amrem\Documents\Engineering Year 4\Machine Learning\Project\Vehicle-Classification\data\inbox\archive\Vehicles\Cars\Car (371).jpg,skip,,,,
20251231_210351,2025-12-31T21:35:26,c:\Users\amrem\Documents\Engineering Year 4\Machine Learning\Project\Vehicle-Classification\data\inbox\archive\Vehicles\Cars\Car (372).jpg,label,2,1,class_02_passenger_car,c:\Users\amrem\Documents\Engineering Year 4\Machine Learning\Project\Vehicle-Classification\data\raw\class_02_passenger_car\Car (372).jpg
20251231_210351,2025-12-31T21:35:32,c:\Users\amrem\Documents\Engineering Year 4\Machine Learning\Project\Vehicle-Classification\data\inbox\archive\Vehicles\Cars\Car (373).jpg,label,6,5,class_06_three_axle_single_unit,c:\Users\amrem\Documents\Engineering Year 4\Machine Learning\Project\Vehicle-Classification\data\raw\class_06_three_axle_single_unit\Car (373).jpg
20251231_210351,2025-12-31T21:35:34,c:\Users\amrem\Documents\Engineering Year 4\Machine Learning\Project\Vehicle-Classification\data\inbox\archive\Vehicles\Cars\Car (374).jpg,reject,,,reject,c:\Users\amrem\Documents\Engineering Year 4\Machine Learning\Project\Vehicle-Classification\data\raw\reject\Car (374).jpg
20251231_210351,2025-12-31T21:35:36,c:\Users\amrem\Documents\Engineering Year 4\Machine Learning\Project\Vehicle-Classification\data\inbox\archive\Vehicles\Cars\Car (375).jpg,label,2,1,class_02_passenger_car,c:\Users\amrem\Documents\Engineering Year 4\Machine Learning\Project\Vehicle-Classification\data\raw\class_02_passenger_car\Car (375).jpg
20251231_210351,2025-12-31T21:35:43,c:\Users\amrem\Documents\Engineering Year 4\Machine Learning\Project\Vehicle-Classification\data\inbox\archive\Vehicles\Cars\Car (376).jpg,label,6,5,class_06_three_axle_single_unit,c:\Users\amrem\Documents\Engineering Year 4\Machine Learning\Project\Vehicle-Classification\data\raw\class_06_three_axle_single_unit\Car (376).jpg
20251231_210351,2025-12-31T21:35:44,c:\Users\amrem\Documents\Engineering Year 4\Machine Learning\Project\Vehicle-Classification\data\inbox\archive\Vehicles\Cars\Car (377).jpg,label,2,1,class_02_passenger_car,c:\Users\amrem\Documents\Engineering Year 4\Machine Learning\Project\Vehicle-Classification\data\raw\class_02_passenger_car\Car (377).jpg
20251231_210351,2025-12-31T21:35:46,c:\Users\amrem\Documents\Engineering Year 4\Machine Learning\Project\Vehicle-Classification\data\inbox\archive\Vehicles\Cars\Car (378).jpg,reject,,,reject,c:\Users\amrem\Documents\Engineering Year 4\Machine Learning\Project\Vehicle-Classification\data\raw\reject\Car (378).jpg
20251231_210351,2025-12-31T21:35:48,c:\Users\amrem\Documents\Engineering Year 4\Machine Learning\Project\Vehicle-Classification\data\inbox\archive\Vehicles\Cars\Car (379).jpg,label,2,1,class_02_passenger_car,c:\Users\amrem\Documents\Engineering Year 4\Machine Learning\Project\Vehicle-Classification\data\raw\class_02_passenger_car\Car (379).jpg
20251231_210351,2025-12-31T21:35:50,c:\Users\amrem\Documents\Engineering Year 4\Machine Learning\Project\Vehicle-Classification\data\inbox\archive\Vehicles\Cars\Car (38).jpg,label,2,1,class_02_passenger_car,c:\Users\amrem\Documents\Engineering Year 4\Machine Learning\Project\Vehicle-Classification\data\raw\class_02_passenger_car\Car (38).jpg
20251231_210351,2025-12-31T21:35:51,c:\Users\amrem\Documents\Engineering Year 4\Machine Learning\Project\Vehicle-Classification\data\inbox\archive\Vehicles\Cars\Car (380).jpg,label,2,1,class_02_passenger_car,c:\Users\amrem\Documents\Engineering Year 4\Machine Learning\Project\Vehicle-Classification\data\raw\class_02_passenger_car\Car (380).jpg
20251231_210351,2025-12-31T21:35:53,c:\Users\amrem\Documents\Engineering Year 4\Machine Learning\Project\Vehicle-Classification\data\inbox\archive\Vehicles\Cars\Car (381).jpg,label,2,1,class_02_passenger_car,c:\Users\amrem\Documents\Engineering Year 4\Machine Learning\Project\Vehicle-Classification\data\raw\class_02_passenger_car\Car (381).jpg
20251231_210351,2025-12-31T21:35:54,c:\Users\amrem\Documents\Engineering Year 4\Machine Learning\Project\Vehicle-Classification\data\inbox\archive\Vehicles\Cars\Car (382).jpg,label,2,1,class_02_passenger_car,c:\Users\amrem\Documents\Engineering Year 4\Machine Learning\Project\Vehicle-Classification\data\raw\class_02_passenger_car\Car (382).jpg
20251231_210351,2025-12-31T21:35:55,c:\Users\amrem\Documents\Engineering Year 4\Machine Learning\Project\Vehicle-Classification\data\inbox\archive\Vehicles\Cars\Car (383).jpg,label,2,1,class_02_passenger_car,c:\Users\amrem\Documents\Engineering Year 4\Machine Learning\Project\Vehicle-Classification\data\raw\class_02_passenger_car\Car (383).jpg
20251231_210351,2025-12-31T21:35:56,c:\Users\amrem\Documents\Engineering Year 4\Machine Learning\Project\Vehicle-Classification\data\inbox\archive\Vehicles\Cars\Car (384).jpg,label,2,1,class_02_passenger_car,c:\Users\amrem\Documents\Engineering Year 4\Machine Learning\Project\Vehicle-Classification\data\raw\class_02_passenger_car\Car (384).jpg
20251231_210351,2025-12-31T21:36:09,c:\Users\amrem\Documents\Engineering Year 4\Machine Learning\Project\Vehicle-Classification\data\inbox\archive\Vehicles\Cars\Car (385).jpg,reject,,,reject,c:\Users\amrem\Documents\Engineering Year 4\Machine Learning\Project\Vehicle-Classification\data\raw\reject\Car (385).jpg
20251231_210351,2025-12-31T21:36:11,c:\Users\amrem\Documents\Engineering Year 4\Machine Learning\Project\Vehicle-Classification\data\inbox\archive\Vehicles\Cars\Car (386).jpg,label,2,1,class_02_passenger_car,c:\Users\amrem\Documents\Engineering Year 4\Machine Learning\Project\Vehicle-Classification\data\raw\class_02_passenger_car\Car (386).jpg
20251231_210351,2025-12-31T21:36:12,c:\Users\amrem\Documents\Engineering Year 4\Machine Learning\Project\Vehicle-Classification\data\inbox\archive\Vehicles\Cars\Car (387).jpg,label,2,1,class_02_passenger_car,c:\Users\amrem\Documents\Engineering Year 4\Machine Learning\Project\Vehicle-Classification\data\raw\class_02_passenger_car\Car (387).jpg
20251231_210351,2025-12-31T21:36:14,c:\Users\amrem\Documents\Engineering Year 4\Machine Learning\Project\Vehicle-Classification\data\inbox\archive\Vehicles\Cars\Car (388).jpg,reject,,,reject,c:\Users\amrem\Documents\Engineering Year 4\Machine Learning\Project\Vehicle-Classification\data\raw\reject\Car (388).jpg
20251231_210351,2025-12-31T21:36:15,c:\Users\amrem\Documents\Engineering Year 4\Machine Learning\Project\Vehicle-Classification\data\inbox\archive\Vehicles\Cars\Car (389).jpg,reject,,,reject,c:\Users\amrem\Documents\Engineering Year 4\Machine Learning\Project\Vehicle-Classification\data\raw\reject\Car (389).jpg
20251231_210351,2025-12-31T21:36:16,c:\Users\amrem\Documents\Engineering Year 4\Machine Learning\Project\Vehicle-Classification\data\inbox\archive\Vehicles\Cars\Car (39).jpg,reject,,,reject,c:\Users\amrem\Documents\Engineering Year 4\Machine Learning\Project\Vehicle-Classification\data\raw\reject\Car (39).jpg
20251231_210351,2025-12-31T21:36:52,c:\Users\amrem\Documents\Engineering Year 4\Machine Learning\Project\Vehicle-Classification\data\inbox\archive\Vehicles\Cars\Car (390).jpg,label,9,8,class_09_five_axle_tractor_semitrailer,c:\Users\amrem\Documents\Engineering Year 4\Machine Learning\Project\Vehicle-Classification\data\raw\class_09_five_axle_tractor_semitrailer\Car (390).jpg
20251231_210351,2025-12-31T21:36:53,c:\Users\amrem\Documents\Engineering Year 4\Machine Learning\Project\Vehicle-Classification\data\inbox\archive\Vehicles\Cars\Car (391).jpg,label,2,1,class_02_passenger_car,c:\Users\amrem\Documents\Engineering Year 4\Machine Learning\Project\Vehicle-Classification\data\raw\class_02_passenger_car\Car (391).jpg
20251231_210351,2025-12-31T21:36:54,c:\Users\amrem\Documents\Engineering Year 4\Machine Learning\Project\Vehicle-Classification\data\inbox\archive\Vehicles\Cars\Car (392).jpg,label,2,1,class_02_passenger_car,c:\Users\amrem\Documents\Engineering Year 4\Machine Learning\Project\Vehicle-Classification\data\raw\class_02_passenger_car\Car (392).jpg
20251231_210351,2025-12-31T21:36:55,c:\Users\amrem\Documents\Engineering Year 4\Machine Learning\Project\Vehicle-Classification\data\inbox\archive\Vehicles\Cars\Car (393).jpg,label,2,1,class_02_passenger_car,c:\Users\amrem\Documents\Engineering Year 4\Machine Learning\Project\Vehicle-Classification\data\raw\class_02_passenger_car\Car (393).jpg
20251231_210351,2025-12-31T21:36:56,c:\Users\amrem\Documents\Engineering Year 4\Machine Learning\Project\Vehicle-Classification\data\inbox\archive\Vehicles\Cars\Car (394).jpg,label,2,1,class_02_passenger_car,c:\Users\amrem\Documents\Engineering Year 4\Machine Learning\Project\Vehicle-Classification\data\raw\class_02_passenger_car\Car (394).jpg
20251231_210351,2025-12-31T21:36:58,c:\Users\amrem\Documents\Engineering Year 4\Machine Learning\Project\Vehicle-Classification\data\inbox\archive\Vehicles\Cars\Car (395).jpg,label,2,1,class_02_passenger_car,c:\Users\amrem\Documents\Engineering Year 4\Machine Learning\Project\Vehicle-Classification\data\raw\class_02_passenger_car\Car (395).jpg
20251231_210351,2025-12-31T21:36:59,c:\Users\amrem\Documents\Engineering Year 4\Machine Learning\Project\Vehicle-Classification\data\inbox\archive\Vehicles\Cars\Car (396).jpg,label,2,1,class_02_passenger_car,c:\Users\amrem\Documents\Engineering Year 4\Machine Learning\Project\Vehicle-Classification\data\raw\class_02_passenger_car\Car (396).jpg
20251231_210351,2025-12-31T21:37:00,c:\Users\amrem\Documents\Engineering Year 4\Machine Learning\Project\Vehicle-Classification\data\inbox\archive\Vehicles\Cars\Car (397).jpg,label,2,1,class_02_passenger_car,c:\Users\amrem\Documents\Engineering Year 4\Machine Learning\Project\Vehicle-Classification\data\raw\class_02_passenger_car\Car (397).jpg
20251231_210351,2025-12-31T21:37:01,c:\Users\amrem\Documents\Engineering Year 4\Machine Learning\Project\Vehicle-Classification\data\inbox\archive\Vehicles\Cars\Car (398).jpg,label,2,1,class_02_passenger_car,c:\Users\amrem\Documents\Engineering Year 4\Machine Learning\Project\Vehicle-Classification\data\raw\class_02_passenger_car\Car (398).jpg
20251231_210351,2025-12-31T21:37:02,c:\Users\amrem\Documents\Engineering Year 4\Machine Learning\Project\Vehicle-Classification\data\inbox\archive\Vehicles\Cars\Car (399).jpg,label,2,1,class_02_passenger_car,c:\Users\amrem\Documents\Engineering Year 4\Machine Learning\Project\Vehicle-Classification\data\raw\class_02_passenger_car\Car (399).jpg
20251231_210351,2025-12-31T21:37:03,c:\Users\amrem\Documents\Engineering Year 4\Machine Learning\Project\Vehicle-Classification\data\inbox\archive\Vehicles\Cars\Car (4).jpg,label,2,1,class_02_passenger_car,c:\Users\amrem\Documents\Engineering Year 4\Machine Learning\Project\Vehicle-Classification\data\raw\class_02_passenger_car\Car (4).jpg
20251231_210351,2025-12-31T21:37:13,c:\Users\amrem\Documents\Engineering Year 4\Machine Learning\Project\Vehicle-Classification\data\inbox\archive\Vehicles\Cars\Car (40).jpg,label,2,1,class_02_passenger_car,c:\Users\amrem\Documents\Engineering Year 4\Machine Learning\Project\Vehicle-Classification\data\raw\class_02_passenger_car\Car (40).jpg
20251231_210351,2025-12-31T21:37:26,c:\Users\amrem\Documents\Engineering Year 4\Machine Learning\Project\Vehicle-Classification\data\inbox\archive\Vehicles\Cars\Car (400).jpg,label,7,6,class_07_four_or_more_axle_single_unit,c:\Users\amrem\Documents\Engineering Year 4\Machine Learning\Project\Vehicle-Classification\data\raw\class_07_four_or_more_axle_single_unit\Car (400).jpg
20251231_210351,2025-12-31T21:37:33,c:\Users\amrem\Documents\Engineering Year 4\Machine Learning\Project\Vehicle-Classification\data\inbox\archive\Vehicles\Cars\Car (401).jpg,label,6,5,class_06_three_axle_single_unit,c:\Users\amrem\Documents\Engineering Year 4\Machine Learning\Project\Vehicle-Classification\data\raw\class_06_three_axle_single_unit\Car (401).jpg
20251231_210351,2025-12-31T21:37:35,c:\Users\amrem\Documents\Engineering Year 4\Machine Learning\Project\Vehicle-Classification\data\inbox\archive\Vehicles\Cars\Car (402).jpg,reject,,,reject,c:\Users\amrem\Documents\Engineering Year 4\Machine Learning\Project\Vehicle-Classification\data\raw\reject\Car (402).jpg
20251231_210351,2025-12-31T21:37:36,c:\Users\amrem\Documents\Engineering Year 4\Machine Learning\Project\Vehicle-Classification\data\inbox\archive\Vehicles\Cars\Car (403).jpg,label,2,1,class_02_passenger_car,c:\Users\amrem\Documents\Engineering Year 4\Machine Learning\Project\Vehicle-Classification\data\raw\class_02_passenger_car\Car (403).jpg
20251231_210351,2025-12-31T21:37:38,c:\Users\amrem\Documents\Engineering Year 4\Machine Learning\Project\Vehicle-Classification\data\inbox\archive\Vehicles\Cars\Car (404).jpg,label,2,1,class_02_passenger_car,c:\Users\amrem\Documents\Engineering Year 4\Machine Learning\Project\Vehicle-Classification\data\raw\class_02_passenger_car\Car (404).jpg
20251231_210351,2025-12-31T21:37:39,c:\Users\amrem\Documents\Engineering Year 4\Machine Learning\Project\Vehicle-Classification\data\inbox\archive\Vehicles\Cars\Car (405).jpg,label,2,1,class_02_passenger_car,c:\Users\amrem\Documents\Engineering Year 4\Machine Learning\Project\Vehicle-Classification\data\raw\class_02_passenger_car\Car (405).jpg
20251231_210351,2025-12-31T21:37:42,c:\Users\amrem\Documents\Engineering Year 4\Machine Learning\Project\Vehicle-Classification\data\inbox\archive\Vehicles\Cars\Car (406).jpg,label,3,2,class_03_four_tire_single_unit,c:\Users\amrem\Documents\Engineering Year 4\Machine Learning\Project\Vehicle-Classification\data\raw\class_03_four_tire_single_unit\Car (406).jpg
20251231_210351,2025-12-31T21:37:43,c:\Users\amrem\Documents\Engineering Year 4\Machine Learning\Project\Vehicle-Classification\data\inbox\archive\Vehicles\Cars\Car (407).jpg,label,2,1,class_02_passenger_car,c:\Users\amrem\Documents\Engineering Year 4\Machine Learning\Project\Vehicle-Classification\data\raw\class_02_passenger_car\Car (407).jpg
20251231_210351,2025-12-31T21:37:50,c:\Users\amrem\Documents\Engineering Year 4\Machine Learning\Project\Vehicle-Classification\data\inbox\archive\Vehicles\Cars\Car (408).jpg,label,5,4,class_05_two_axle_six_tire_single_unit,c:\Users\amrem\Documents\Engineering Year 4\Machine Learning\Project\Vehicle-Classification\data\raw\class_05_two_axle_six_tire_single_unit\Car (408).jpg
20251231_210351,2025-12-31T21:37:51,c:\Users\amrem\Documents\Engineering Year 4\Machine Learning\Project\Vehicle-Classification\data\inbox\archive\Vehicles\Cars\Car (409).jpg,label,2,1,class_02_passenger_car,c:\Users\amrem\Documents\Engineering Year 4\Machine Learning\Project\Vehicle-Classification\data\raw\class_02_passenger_car\Car (409).jpg
20251231_210351,2025-12-31T21:37:53,c:\Users\amrem\Documents\Engineering Year 4\Machine Learning\Project\Vehicle-Classification\data\inbox\archive\Vehicles\Cars\Car (41).jpg,label,2,1,class_02_passenger_car,c:\Users\amrem\Documents\Engineering Year 4\Machine Learning\Project\Vehicle-Classification\data\raw\class_02_passenger_car\Car (41).jpg
20251231_210351,2025-12-31T21:38:00,c:\Users\amrem\Documents\Engineering Year 4\Machine Learning\Project\Vehicle-Classification\data\inbox\archive\Vehicles\Cars\Car (410).jpg,label,3,2,class_03_four_tire_single_unit,c:\Users\amrem\Documents\Engineering Year 4\Machine Learning\Project\Vehicle-Classification\data\raw\class_03_four_tire_single_unit\Car (410).jpg
20251231_210351,2025-12-31T21:38:03,c:\Users\amrem\Documents\Engineering Year 4\Machine Learning\Project\Vehicle-Classification\data\inbox\archive\Vehicles\Cars\Car (411).jpg,label,2,1,class_02_passenger_car,c:\Users\amrem\Documents\Engineering Year 4\Machine Learning\Project\Vehicle-Classification\data\raw\class_02_passenger_car\Car (411).jpg
20251231_210351,2025-12-31T21:38:11,c:\Users\amrem\Documents\Engineering Year 4\Machine Learning\Project\Vehicle-Classification\data\inbox\archive\Vehicles\Cars\Car (412).jpg,label,5,4,class_05_two_axle_six_tire_single_unit,c:\Users\amrem\Documents\Engineering Year 4\Machine Learning\Project\Vehicle-Classification\data\raw\class_05_two_axle_six_tire_single_unit\Car (412).jpg
20251231_210351,2025-12-31T21:38:14,c:\Users\amrem\Documents\Engineering Year 4\Machine Learning\Project\Vehicle-Classification\data\inbox\archive\Vehicles\Cars\Car (413).jpg,reject,,,reject,c:\Users\amrem\Documents\Engineering Year 4\Machine Learning\Project\Vehicle-Classification\data\raw\reject\Car (413).jpg
20251231_210351,2025-12-31T21:38:16,c:\Users\amrem\Documents\Engineering Year 4\Machine Learning\Project\Vehicle-Classification\data\inbox\archive\Vehicles\Cars\Car (414).jpg,label,2,1,class_02_passenger_car,c:\Users\amrem\Documents\Engineering Year 4\Machine Learning\Project\Vehicle-Classification\data\raw\class_02_passenger_car\Car (414).jpg
20251231_210351,2025-12-31T21:38:21,c:\Users\amrem\Documents\Engineering Year 4\Machine Learning\Project\Vehicle-Classification\data\inbox\archive\Vehicles\Cars\Car (415).jpg,label,6,5,class_06_three_axle_single_unit,c:\Users\amrem\Documents\Engineering Year 4\Machine Learning\Project\Vehicle-Classification\data\raw\class_06_three_axle_single_unit\Car (415).jpg
20251231_210351,2025-12-31T21:38:23,c:\Users\amrem\Documents\Engineering Year 4\Machine Learning\Project\Vehicle-Classification\data\inbox\archive\Vehicles\Cars\Car (416).jpg,label,2,1,class_02_passenger_car,c:\Users\amrem\Documents\Engineering Year 4\Machine Learning\Project\Vehicle-Classification\data\raw\class_02_passenger_car\Car (416).jpg
20251231_210351,2025-12-31T21:38:25,c:\Users\amrem\Documents\Engineering Year 4\Machine Learning\Project\Vehicle-Classification\data\inbox\archive\Vehicles\Cars\Car (417).jpg,label,2,1,class_02_passenger_car,c:\Users\amrem\Documents\Engineering Year 4\Machine Learning\Project\Vehicle-Classification\data\raw\class_02_passenger_car\Car (417).jpg
20251231_210351,2025-12-31T21:38:36,c:\Users\amrem\Documents\Engineering Year 4\Machine Learning\Project\Vehicle-Classification\data\inbox\archive\Vehicles\Cars\Car (418).jpg,label,6,5,class_06_three_axle_single_unit,c:\Users\amrem\Documents\Engineering Year 4\Machine Learning\Project\Vehicle-Classification\data\raw\class_06_three_axle_single_unit\Car (418).jpg
20251231_210351,2025-12-31T21:38:38,c:\Users\amrem\Documents\Engineering Year 4\Machine Learning\Project\Vehicle-Classification\data\inbox\archive\Vehicles\Cars\Car (419).jpg,label,2,1,class_02_passenger_car,c:\Users\amrem\Documents\Engineering Year 4\Machine Learning\Project\Vehicle-Classification\data\raw\class_02_passenger_car\Car (419).jpg
20251231_210351,2025-12-31T21:38:46,c:\Users\amrem\Documents\Engineering Year 4\Machine Learning\Project\Vehicle-Classification\data\inbox\archive\Vehicles\Cars\Car (420).jpg,label,6,5,class_06_three_axle_single_unit,c:\Users\amrem\Documents\Engineering Year 4\Machine Learning\Project\Vehicle-Classification\data\raw\class_06_three_axle_single_unit\Car (420).jpg
20251231_210351,2025-12-31T21:38:48,c:\Users\amrem\Documents\Engineering Year 4\Machine Learning\Project\Vehicle-Classification\data\inbox\archive\Vehicles\Cars\Car (421).jpg,label,2,1,class_02_passenger_car,c:\Users\amrem\Documents\Engineering Year 4\Machine Learning\Project\Vehicle-Classification\data\raw\class_02_passenger_car\Car (421).jpg
20251231_210351,2025-12-31T21:38:50,c:\Users\amrem\Documents\Engineering Year 4\Machine Learning\Project\Vehicle-Classification\data\inbox\archive\Vehicles\Cars\Car (422).jpg,reject,,,reject,c:\Users\amrem\Documents\Engineering Year 4\Machine Learning\Project\Vehicle-Classification\data\raw\reject\Car (422).jpg
20251231_210351,2025-12-31T21:38:51,c:\Users\amrem\Documents\Engineering Year 4\Machine Learning\Project\Vehicle-Classification\data\inbox\archive\Vehicles\Cars\Car (423).jpg,label,2,1,class_02_passenger_car,c:\Users\amrem\Documents\Engineering Year 4\Machine Learning\Project\Vehicle-Classification\data\raw\class_02_passenger_car\Car (423).jpg
20251231_210351,2025-12-31T21:38:57,c:\Users\amrem\Documents\Engineering Year 4\Machine Learning\Project\Vehicle-Classification\data\inbox\archive\Vehicles\Cars\Car (424).jpg,reject,,,reject,c:\Users\amrem\Documents\Engineering Year 4\Machine Learning\Project\Vehicle-Classification\data\raw\reject\Car (424).jpg
20251231_210351,2025-12-31T21:38:58,c:\Users\amrem\Documents\Engineering Year 4\Machine Learning\Project\Vehicle-Classification\data\inbox\archive\Vehicles\Cars\Car (425).jpg,label,2,1,class_02_passenger_car,c:\Users\amrem\Documents\Engineering Year 4\Machine Learning\Project\Vehicle-Classification\data\raw\class_02_passenger_car\Car (425).jpg
20251231_210351,2025-12-31T21:39:11,c:\Users\amrem\Documents\Engineering Year 4\Machine Learning\Project\Vehicle-Classification\data\inbox\archive\Vehicles\Cars\Car (426).jpg,label,9,8,class_09_five_axle_tractor_semitrailer,c:\Users\amrem\Documents\Engineering Year 4\Machine Learning\Project\Vehicle-Classification\data\raw\class_09_five_axle_tractor_semitrailer\Car (426).jpg
20251231_210351,2025-12-31T21:39:13,c:\Users\amrem\Documents\Engineering Year 4\Machine Learning\Project\Vehicle-Classification\data\inbox\archive\Vehicles\Cars\Car (427).jpg,label,2,1,class_02_passenger_car,c:\Users\amrem\Documents\Engineering Year 4\Machine Learning\Project\Vehicle-Classification\data\raw\class_02_passenger_car\Car (427).jpg
20251231_210351,2025-12-31T21:39:18,c:\Users\amrem\Documents\Engineering Year 4\Machine Learning\Project\Vehicle-Classification\data\inbox\archive\Vehicles\Cars\Car (428).jpg,label,3,2,class_03_four_tire_single_unit,c:\Users\amrem\Documents\Engineering Year 4\Machine Learning\Project\Vehicle-Classification\data\raw\class_03_four_tire_single_unit\Car (428).jpg
20251231_210351,2025-12-31T21:39:22,c:\Users\amrem\Documents\Engineering Year 4\Machine Learning\Project\Vehicle-Classification\data\inbox\archive\Vehicles\Cars\Car (429).jpg,label,6,5,class_06_three_axle_single_unit,c:\Users\amrem\Documents\Engineering Year 4\Machine Learning\Project\Vehicle-Classification\data\raw\class_06_three_axle_single_unit\Car (429).jpg
20251231_210351,2025-12-31T21:39:24,c:\Users\amrem\Documents\Engineering Year 4\Machine Learning\Project\Vehicle-Classification\data\inbox\archive\Vehicles\Cars\Car (43).jpg,label,2,1,class_02_passenger_car,c:\Users\amrem\Documents\Engineering Year 4\Machine Learning\Project\Vehicle-Classification\data\raw\class_02_passenger_car\Car (43).jpg
20251231_210351,2025-12-31T21:39:25,c:\Users\amrem\Documents\Engineering Year 4\Machine Learning\Project\Vehicle-Classification\data\inbox\archive\Vehicles\Cars\Car (430).jpg,label,2,1,class_02_passenger_car,c:\Users\amrem\Documents\Engineering Year 4\Machine Learning\Project\Vehicle-Classification\data\raw\class_02_passenger_car\Car (430).jpg
20251231_210351,2025-12-31T21:39:27,c:\Users\amrem\Documents\Engineering Year 4\Machine Learning\Project\Vehicle-Classification\data\inbox\archive\Vehicles\Cars\Car (431).jpg,label,2,1,class_02_passenger_car,c:\Users\amrem\Documents\Engineering Year 4\Machine Learning\Project\Vehicle-Classification\data\raw\class_02_passenger_car\Car (431).jpg
20251231_210351,2025-12-31T21:39:46,c:\Users\amrem\Documents\Engineering Year 4\Machine Learning\Project\Vehicle-Classification\data\inbox\archive\Vehicles\Cars\Car (432).jpg,label,3,2,class_03_four_tire_single_unit,c:\Users\amrem\Documents\Engineering Year 4\Machine Learning\Project\Vehicle-Classification\data\raw\class_03_four_tire_single_unit\Car (432).jpg
20251231_210351,2025-12-31T21:39:51,c:\Users\amrem\Documents\Engineering Year 4\Machine Learning\Project\Vehicle-Classification\data\inbox\archive\Vehicles\Cars\Car (433).jpg,label,6,5,class_06_three_axle_single_unit,c:\Users\amrem\Documents\Engineering Year 4\Machine Learning\Project\Vehicle-Classification\data\raw\class_06_three_axle_single_unit\Car (433).jpg
20251231_210351,2025-12-31T21:39:54,c:\Users\amrem\Documents\Engineering Year 4\Machine Learning\Project\Vehicle-Classification\data\inbox\archive\Vehicles\Cars\Car (434).jpg,label,3,2,class_03_four_tire_single_unit,c:\Users\amrem\Documents\Engineering Year 4\Machine Learning\Project\Vehicle-Classification\data\raw\class_03_four_tire_single_unit\Car (434).jpg
20251231_210351,2025-12-31T21:39:56,c:\Users\amrem\Documents\Engineering Year 4\Machine Learning\Project\Vehicle-Classification\data\inbox\archive\Vehicles\Cars\Car (435).jpg,label,2,1,class_02_passenger_car,c:\Users\amrem\Documents\Engineering Year 4\Machine Learning\Project\Vehicle-Classification\data\raw\class_02_passenger_car\Car (435).jpg
20251231_210351,2025-12-31T21:39:58,c:\Users\amrem\Documents\Engineering Year 4\Machine Learning\Project\Vehicle-Classification\data\inbox\archive\Vehicles\Cars\Car (436).jpg,label,2,1,class_02_passenger_car,c:\Users\amrem\Documents\Engineering Year 4\Machine Learning\Project\Vehicle-Classification\data\raw\class_02_passenger_car\Car (436).jpg
20251231_210351,2025-12-31T21:39:59,c:\Users\amrem\Documents\Engineering Year 4\Machine Learning\Project\Vehicle-Classification\data\inbox\archive\Vehicles\Cars\Car (437).jpg,label,2,1,class_02_passenger_car,c:\Users\amrem\Documents\Engineering Year 4\Machine Learning\Project\Vehicle-Classification\data\raw\class_02_passenger_car\Car (437).jpg
20251231_210351,2025-12-31T21:40:10,c:\Users\amrem\Documents\Engineering Year 4\Machine Learning\Project\Vehicle-Classification\data\inbox\archive\Vehicles\Cars\Car (438).jpg,label,5,4,class_05_two_axle_six_tire_single_unit,c:\Users\amrem\Documents\Engineering Year 4\Machine Learning\Project\Vehicle-Classification\data\raw\class_05_two_axle_six_tire_single_unit\Car (438).jpg
20251231_210351,2025-12-31T21:40:12,c:\Users\amrem\Documents\Engineering Year 4\Machine Learning\Project\Vehicle-Classification\data\inbox\archive\Vehicles\Cars\Car (439).jpg,label,3,2,class_03_four_tire_single_unit,c:\Users\amrem\Documents\Engineering Year 4\Machine Learning\Project\Vehicle-Classification\data\raw\class_03_four_tire_single_unit\Car (439).jpg
20251231_210351,2025-12-31T21:40:14,c:\Users\amrem\Documents\Engineering Year 4\Machine Learning\Project\Vehicle-Classification\data\inbox\archive\Vehicles\Cars\Car (44).jpg,label,2,1,class_02_passenger_car,c:\Users\amrem\Documents\Engineering Year 4\Machine Learning\Project\Vehicle-Classification\data\raw\class_02_passenger_car\Car (44).jpg
20251231_210351,2025-12-31T21:40:17,c:\Users\amrem\Documents\Engineering Year 4\Machine Learning\Project\Vehicle-Classification\data\inbox\archive\Vehicles\Cars\Car (440).jpg,reject,,,reject,c:\Users\amrem\Documents\Engineering Year 4\Machine Learning\Project\Vehicle-Classification\data\raw\reject\Car (440).jpg
20251231_210351,2025-12-31T21:40:20,c:\Users\amrem\Documents\Engineering Year 4\Machine Learning\Project\Vehicle-Classification\data\inbox\archive\Vehicles\Cars\Car (441).jpg,label,6,5,class_06_three_axle_single_unit,c:\Users\amrem\Documents\Engineering Year 4\Machine Learning\Project\Vehicle-Classification\data\raw\class_06_three_axle_single_unit\Car (441).jpg
20251231_210351,2025-12-31T21:40:21,c:\Users\amrem\Documents\Engineering Year 4\Machine Learning\Project\Vehicle-Classification\data\inbox\archive\Vehicles\Cars\Car (442).jpg,reject,,,reject,c:\Users\amrem\Documents\Engineering Year 4\Machine Learning\Project\Vehicle-Classification\data\raw\reject\Car (442).jpg
20251231_210351,2025-12-31T21:40:24,c:\Users\amrem\Documents\Engineering Year 4\Machine Learning\Project\Vehicle-Classification\data\inbox\archive\Vehicles\Cars\Car (443).jpg,label,2,1,class_02_passenger_car,c:\Users\amrem\Documents\Engineering Year 4\Machine Learning\Project\Vehicle-Classification\data\raw\class_02_passenger_car\Car (443).jpg
20251231_210351,2025-12-31T21:40:26,c:\Users\amrem\Documents\Engineering Year 4\Machine Learning\Project\Vehicle-Classification\data\inbox\archive\Vehicles\Cars\Car (444).jpg,reject,,,reject,c:\Users\amrem\Documents\Engineering Year 4\Machine Learning\Project\Vehicle-Classification\data\raw\reject\Car (444).jpg
20251231_210351,2025-12-31T21:40:27,c:\Users\amrem\Documents\Engineering Year 4\Machine Learning\Project\Vehicle-Classification\data\inbox\archive\Vehicles\Cars\Car (445).jpg,label,2,1,class_02_passenger_car,c:\Users\amrem\Documents\Engineering Year 4\Machine Learning\Project\Vehicle-Classification\data\raw\class_02_passenger_car\Car (445).jpg
20251231_210351,2025-12-31T21:40:40,c:\Users\amrem\Documents\Engineering Year 4\Machine Learning\Project\Vehicle-Classification\data\inbox\archive\Vehicles\Cars\Car (446).jpg,label,10,9,class_10_six_or_more_axle_single_trailer,c:\Users\amrem\Documents\Engineering Year 4\Machine Learning\Project\Vehicle-Classification\data\raw\class_10_six_or_more_axle_single_trailer\Car (446).jpg
20251231_210351,2025-12-31T21:40:42,c:\Users\amrem\Documents\Engineering Year 4\Machine Learning\Project\Vehicle-Classification\data\inbox\archive\Vehicles\Cars\Car (447).jpg,label,2,1,class_02_passenger_car,c:\Users\amrem\Documents\Engineering Year 4\Machine Learning\Project\Vehicle-Classification\data\raw\class_02_passenger_car\Car (447).jpg
20251231_210351,2025-12-31T21:40:44,c:\Users\amrem\Documents\Engineering Year 4\Machine Learning\Project\Vehicle-Classification\data\inbox\archive\Vehicles\Cars\Car (448).jpg,reject,,,reject,c:\Users\amrem\Documents\Engineering Year 4\Machine Learning\Project\Vehicle-Classification\data\raw\reject\Car (448).jpg
20251231_210351,2025-12-31T21:40:46,c:\Users\amrem\Documents\Engineering Year 4\Machine Learning\Project\Vehicle-Classification\data\inbox\archive\Vehicles\Cars\Car (449).jpg,reject,,,reject,c:\Users\amrem\Documents\Engineering Year 4\Machine Learning\Project\Vehicle-Classification\data\raw\reject\Car (449).jpg
20251231_210351,2025-12-31T21:40:47,c:\Users\amrem\Documents\Engineering Year 4\Machine Learning\Project\Vehicle-Classification\data\inbox\archive\Vehicles\Cars\Car (45).jpg,label,2,1,class_02_passenger_car,c:\Users\amrem\Documents\Engineering Year 4\Machine Learning\Project\Vehicle-Classification\data\raw\class_02_passenger_car\Car (45).jpg
20251231_210351,2025-12-31T21:40:49,c:\Users\amrem\Documents\Engineering Year 4\Machine Learning\Project\Vehicle-Classification\data\inbox\archive\Vehicles\Cars\Car (450).jpg,reject,,,reject,c:\Users\amrem\Documents\Engineering Year 4\Machine Learning\Project\Vehicle-Classification\data\raw\reject\Car (450).jpg
20251231_210351,2025-12-31T21:40:52,c:\Users\amrem\Documents\Engineering Year 4\Machine Learning\Project\Vehicle-Classification\data\inbox\archive\Vehicles\Cars\Car (451).jpg,label,2,1,class_02_passenger_car,c:\Users\amrem\Documents\Engineering Year 4\Machine Learning\Project\Vehicle-Classification\data\raw\class_02_passenger_car\Car (451).jpg
20251231_210351,2025-12-31T21:40:54,c:\Users\amrem\Documents\Engineering Year 4\Machine Learning\Project\Vehicle-Classification\data\inbox\archive\Vehicles\Cars\Car (452).jpg,label,2,1,class_02_passenger_car,c:\Users\amrem\Documents\Engineering Year 4\Machine Learning\Project\Vehicle-Classification\data\raw\class_02_passenger_car\Car (452).jpg
20251231_210351,2025-12-31T21:40:56,c:\Users\amrem\Documents\Engineering Year 4\Machine Learning\Project\Vehicle-Classification\data\inbox\archive\Vehicles\Cars\Car (453).jpg,label,2,1,class_02_passenger_car,c:\Users\amrem\Documents\Engineering Year 4\Machine Learning\Project\Vehicle-Classification\data\raw\class_02_passenger_car\Car (453).jpg
20251231_210351,2025-12-31T21:40:57,c:\Users\amrem\Documents\Engineering Year 4\Machine Learning\Project\Vehicle-Classification\data\inbox\archive\Vehicles\Cars\Car (454).jpg,label,2,1,class_02_passenger_car,c:\Users\amrem\Documents\Engineering Year 4\Machine Learning\Project\Vehicle-Classification\data\raw\class_02_passenger_car\Car (454).jpg
20251231_210351,2025-12-31T21:40:59,c:\Users\amrem\Documents\Engineering Year 4\Machine Learning\Project\Vehicle-Classification\data\inbox\archive\Vehicles\Cars\Car (455).jpg,label,2,1,class_02_passenger_car,c:\Users\amrem\Documents\Engineering Year 4\Machine Learning\Project\Vehicle-Classification\data\raw\class_02_passenger_car\Car (455).jpg
20251231_210351,2025-12-31T21:41:02,c:\Users\amrem\Documents\Engineering Year 4\Machine Learning\Project\Vehicle-Classification\data\inbox\archive\Vehicles\Cars\Car (456).jpg,label,2,1,class_02_passenger_car,c:\Users\amrem\Documents\Engineering Year 4\Machine Learning\Project\Vehicle-Classification\data\raw\class_02_passenger_car\Car (456).jpg
20251231_210351,2025-12-31T21:41:03,c:\Users\amrem\Documents\Engineering Year 4\Machine Learning\Project\Vehicle-Classification\data\inbox\archive\Vehicles\Cars\Car (457).jpg,label,2,1,class_02_passenger_car,c:\Users\amrem\Documents\Engineering Year 4\Machine Learning\Project\Vehicle-Classification\data\raw\class_02_passenger_car\Car (457).jpg
20251231_210351,2025-12-31T21:41:04,c:\Users\amrem\Documents\Engineering Year 4\Machine Learning\Project\Vehicle-Classification\data\inbox\archive\Vehicles\Cars\Car (458).jpg,label,2,1,class_02_passenger_car,c:\Users\amrem\Documents\Engineering Year 4\Machine Learning\Project\Vehicle-Classification\data\raw\class_02_passenger_car\Car (458).jpg
20251231_210351,2025-12-31T21:41:06,c:\Users\amrem\Documents\Engineering Year 4\Machine Learning\Project\Vehicle-Classification\data\inbox\archive\Vehicles\Cars\Car (459).jpg,label,2,1,class_02_passenger_car,c:\Users\amrem\Documents\Engineering Year 4\Machine Learning\Project\Vehicle-Classification\data\raw\class_02_passenger_car\Car (459).jpg
20251231_210351,2025-12-31T21:41:08,c:\Users\amrem\Documents\Engineering Year 4\Machine Learning\Project\Vehicle-Classification\data\inbox\archive\Vehicles\Cars\Car (46).jpg,reject,,,reject,c:\Users\amrem\Documents\Engineering Year 4\Machine Learning\Project\Vehicle-Classification\data\raw\reject\Car (46).jpg
20251231_210351,2025-12-31T21:41:09,c:\Users\amrem\Documents\Engineering Year 4\Machine Learning\Project\Vehicle-Classification\data\inbox\archive\Vehicles\Cars\Car (460).jpg,label,3,2,class_03_four_tire_single_unit,c:\Users\amrem\Documents\Engineering Year 4\Machine Learning\Project\Vehicle-Classification\data\raw\class_03_four_tire_single_unit\Car (460).jpg
20251231_210351,2025-12-31T21:41:11,c:\Users\amrem\Documents\Engineering Year 4\Machine Learning\Project\Vehicle-Classification\data\inbox\archive\Vehicles\Cars\Car (461).jpg,label,2,1,class_02_passenger_car,c:\Users\amrem\Documents\Engineering Year 4\Machine Learning\Project\Vehicle-Classification\data\raw\class_02_passenger_car\Car (461).jpg
20251231_210351,2025-12-31T21:41:12,c:\Users\amrem\Documents\Engineering Year 4\Machine Learning\Project\Vehicle-Classification\data\inbox\archive\Vehicles\Cars\Car (462).jpg,label,2,1,class_02_passenger_car,c:\Users\amrem\Documents\Engineering Year 4\Machine Learning\Project\Vehicle-Classification\data\raw\class_02_passenger_car\Car (462).jpg
20251231_210351,2025-12-31T21:41:19,c:\Users\amrem\Documents\Engineering Year 4\Machine Learning\Project\Vehicle-Classification\data\inbox\archive\Vehicles\Cars\Car (463).jpg,label,7,6,class_07_four_or_more_axle_single_unit,c:\Users\amrem\Documents\Engineering Year 4\Machine Learning\Project\Vehicle-Classification\data\raw\class_07_four_or_more_axle_single_unit\Car (463).jpg
20251231_210351,2025-12-31T21:41:21,c:\Users\amrem\Documents\Engineering Year 4\Machine Learning\Project\Vehicle-Classification\data\inbox\archive\Vehicles\Cars\Car (464).jpg,reject,,,reject,c:\Users\amrem\Documents\Engineering Year 4\Machine Learning\Project\Vehicle-Classification\data\raw\reject\Car (464).jpg
20251231_210351,2025-12-31T21:41:23,c:\Users\amrem\Documents\Engineering Year 4\Machine Learning\Project\Vehicle-Classification\data\inbox\archive\Vehicles\Cars\Car (465).jpg,reject,,,reject,c:\Users\amrem\Documents\Engineering Year 4\Machine Learning\Project\Vehicle-Classification\data\raw\reject\Car (465).jpg
20251231_210351,2025-12-31T21:41:25,c:\Users\amrem\Documents\Engineering Year 4\Machine Learning\Project\Vehicle-Classification\data\inbox\archive\Vehicles\Cars\Car (466).jpg,reject,,,reject,c:\Users\amrem\Documents\Engineering Year 4\Machine Learning\Project\Vehicle-Classification\data\raw\reject\Car (466).jpg
20251231_210351,2025-12-31T21:41:27,c:\Users\amrem\Documents\Engineering Year 4\Machine Learning\Project\Vehicle-Classification\data\inbox\archive\Vehicles\Cars\Car (467).jpg,label,3,2,class_03_four_tire_single_unit,c:\Users\amrem\Documents\Engineering Year 4\Machine Learning\Project\Vehicle-Classification\data\raw\class_03_four_tire_single_unit\Car (467).jpg
20251231_210351,2025-12-31T21:41:29,c:\Users\amrem\Documents\Engineering Year 4\Machine Learning\Project\Vehicle-Classification\data\inbox\archive\Vehicles\Cars\Car (468).jpg,reject,,,reject,c:\Users\amrem\Documents\Engineering Year 4\Machine Learning\Project\Vehicle-Classification\data\raw\reject\Car (468).jpg
20251231_210351,2025-12-31T21:41:30,c:\Users\amrem\Documents\Engineering Year 4\Machine Learning\Project\Vehicle-Classification\data\inbox\archive\Vehicles\Cars\Car (469).jpg,label,2,1,class_02_passenger_car,c:\Users\amrem\Documents\Engineering Year 4\Machine Learning\Project\Vehicle-Classification\data\raw\class_02_passenger_car\Car (469).jpg
20251231_210351,2025-12-31T21:41:32,c:\Users\amrem\Documents\Engineering Year 4\Machine Learning\Project\Vehicle-Classification\data\inbox\archive\Vehicles\Cars\Car (47).jpg,label,2,1,class_02_passenger_car,c:\Users\amrem\Documents\Engineering Year 4\Machine Learning\Project\Vehicle-Classification\data\raw\class_02_passenger_car\Car (47).jpg
20251231_210351,2025-12-31T21:41:34,c:\Users\amrem\Documents\Engineering Year 4\Machine Learning\Project\Vehicle-Classification\data\inbox\archive\Vehicles\Cars\Car (470).jpg,reject,,,reject,c:\Users\amrem\Documents\Engineering Year 4\Machine Learning\Project\Vehicle-Classification\data\raw\reject\Car (470).jpg
20251231_210351,2025-12-31T21:41:35,c:\Users\amrem\Documents\Engineering Year 4\Machine Learning\Project\Vehicle-Classification\data\inbox\archive\Vehicles\Cars\Car (471).jpg,label,2,1,class_02_passenger_car,c:\Users\amrem\Documents\Engineering Year 4\Machine Learning\Project\Vehicle-Classification\data\raw\class_02_passenger_car\Car (471).jpg
20251231_210351,2025-12-31T21:41:38,c:\Users\amrem\Documents\Engineering Year 4\Machine Learning\Project\Vehicle-Classification\data\inbox\archive\Vehicles\Cars\Car (472).jpg,label,6,5,class_06_three_axle_single_unit,c:\Users\amrem\Documents\Engineering Year 4\Machine Learning\Project\Vehicle-Classification\data\raw\class_06_three_axle_single_unit\Car (472).jpg
20251231_210351,2025-12-31T21:41:42,c:\Users\amrem\Documents\Engineering Year 4\Machine Learning\Project\Vehicle-Classification\data\inbox\archive\Vehicles\Cars\Car (473).jpg,label,5,4,class_05_two_axle_six_tire_single_unit,c:\Users\amrem\Documents\Engineering Year 4\Machine Learning\Project\Vehicle-Classification\data\raw\class_05_two_axle_six_tire_single_unit\Car (473).jpg
20251231_210351,2025-12-31T21:41:46,c:\Users\amrem\Documents\Engineering Year 4\Machine Learning\Project\Vehicle-Classification\data\inbox\archive\Vehicles\Cars\Car (474).jpg,label,5,4,class_05_two_axle_six_tire_single_unit,c:\Users\amrem\Documents\Engineering Year 4\Machine Learning\Project\Vehicle-Classification\data\raw\class_05_two_axle_six_tire_single_unit\Car (474).jpg
20251231_210351,2025-12-31T21:41:48,c:\Users\amrem\Documents\Engineering Year 4\Machine Learning\Project\Vehicle-Classification\data\inbox\archive\Vehicles\Cars\Car (475).jpg,label,2,1,class_02_passenger_car,c:\Users\amrem\Documents\Engineering Year 4\Machine Learning\Project\Vehicle-Classification\data\raw\class_02_passenger_car\Car (475).jpg
20251231_210351,2025-12-31T21:41:49,c:\Users\amrem\Documents\Engineering Year 4\Machine Learning\Project\Vehicle-Classification\data\inbox\archive\Vehicles\Cars\Car (476).jpg,label,2,1,class_02_passenger_car,c:\Users\amrem\Documents\Engineering Year 4\Machine Learning\Project\Vehicle-Classification\data\raw\class_02_passenger_car\Car (476).jpg
20251231_210351,2025-12-31T21:41:51,c:\Users\amrem\Documents\Engineering Year 4\Machine Learning\Project\Vehicle-Classification\data\inbox\archive\Vehicles\Cars\Car (477).jpg,reject,,,reject,c:\Users\amrem\Documents\Engineering Year 4\Machine Learning\Project\Vehicle-Classification\data\raw\reject\Car (477).jpg
20251231_210351,2025-12-31T21:41:53,c:\Users\amrem\Documents\Engineering Year 4\Machine Learning\Project\Vehicle-Classification\data\inbox\archive\Vehicles\Cars\Car (478).jpg,reject,,,reject,c:\Users\amrem\Documents\Engineering Year 4\Machine Learning\Project\Vehicle-Classification\data\raw\reject\Car (478).jpg
20251231_210351,2025-12-31T21:41:55,c:\Users\amrem\Documents\Engineering Year 4\Machine Learning\Project\Vehicle-Classification\data\inbox\archive\Vehicles\Cars\Car (479).jpg,reject,,,reject,c:\Users\amrem\Documents\Engineering Year 4\Machine Learning\Project\Vehicle-Classification\data\raw\reject\Car (479).jpg
20251231_210351,2025-12-31T21:41:57,c:\Users\amrem\Documents\Engineering Year 4\Machine Learning\Project\Vehicle-Classification\data\inbox\archive\Vehicles\Cars\Car (480).jpg,reject,,,reject,c:\Users\amrem\Documents\Engineering Year 4\Machine Learning\Project\Vehicle-Classification\data\raw\reject\Car (480).jpg
20251231_210351,2025-12-31T21:41:58,c:\Users\amrem\Documents\Engineering Year 4\Machine Learning\Project\Vehicle-Classification\data\inbox\archive\Vehicles\Cars\Car (481).jpg,label,2,1,class_02_passenger_car,c:\Users\amrem\Documents\Engineering Year 4\Machine Learning\Project\Vehicle-Classification\data\raw\class_02_passenger_car\Car (481).jpg
20251231_210351,2025-12-31T21:42:00,c:\Users\amrem\Documents\Engineering Year 4\Machine Learning\Project\Vehicle-Classification\data\inbox\archive\Vehicles\Cars\Car (482).jpg,label,2,1,class_02_passenger_car,c:\Users\amrem\Documents\Engineering Year 4\Machine Learning\Project\Vehicle-Classification\data\raw\class_02_passenger_car\Car (482).jpg
20251231_210351,2025-12-31T21:42:02,c:\Users\amrem\Documents\Engineering Year 4\Machine Learning\Project\Vehicle-Classification\data\inbox\archive\Vehicles\Cars\Car (483).jpg,label,5,4,class_05_two_axle_six_tire_single_unit,c:\Users\amrem\Documents\Engineering Year 4\Machine Learning\Project\Vehicle-Classification\data\raw\class_05_two_axle_six_tire_single_unit\Car (483).jpg
20251231_210351,2025-12-31T21:42:04,c:\Users\amrem\Documents\Engineering Year 4\Machine Learning\Project\Vehicle-Classification\data\inbox\archive\Vehicles\Cars\Car (484).jpg,label,2,1,class_02_passenger_car,c:\Users\amrem\Documents\Engineering Year 4\Machine Learning\Project\Vehicle-Classification\data\raw\class_02_passenger_car\Car (484).jpg
20251231_210351,2025-12-31T21:42:05,c:\Users\amrem\Documents\Engineering Year 4\Machine Learning\Project\Vehicle-Classification\data\inbox\archive\Vehicles\Cars\Car (485).jpg,label,2,1,class_02_passenger_car,c:\Users\amrem\Documents\Engineering Year 4\Machine Learning\Project\Vehicle-Classification\data\raw\class_02_passenger_car\Car (485).jpg
20251231_210351,2025-12-31T21:42:06,c:\Users\amrem\Documents\Engineering Year 4\Machine Learning\Project\Vehicle-Classification\data\inbox\archive\Vehicles\Cars\Car (486).jpg,label,2,1,class_02_passenger_car,c:\Users\amrem\Documents\Engineering Year 4\Machine Learning\Project\Vehicle-Classification\data\raw\class_02_passenger_car\Car (486).jpg
20251231_210351,2025-12-31T21:42:08,c:\Users\amrem\Documents\Engineering Year 4\Machine Learning\Project\Vehicle-Classification\data\inbox\archive\Vehicles\Cars\Car (487).jpg,label,3,2,class_03_four_tire_single_unit,c:\Users\amrem\Documents\Engineering Year 4\Machine Learning\Project\Vehicle-Classification\data\raw\class_03_four_tire_single_unit\Car (487).jpg
20251231_210351,2025-12-31T21:42:09,c:\Users\amrem\Documents\Engineering Year 4\Machine Learning\Project\Vehicle-Classification\data\inbox\archive\Vehicles\Cars\Car (488).jpg,label,2,1,class_02_passenger_car,c:\Users\amrem\Documents\Engineering Year 4\Machine Learning\Project\Vehicle-Classification\data\raw\class_02_passenger_car\Car (488).jpg
20251231_210351,2025-12-31T21:42:11,c:\Users\amrem\Documents\Engineering Year 4\Machine Learning\Project\Vehicle-Classification\data\inbox\archive\Vehicles\Cars\Car (489).jpg,label,2,1,class_02_passenger_car,c:\Users\amrem\Documents\Engineering Year 4\Machine Learning\Project\Vehicle-Classification\data\raw\class_02_passenger_car\Car (489).jpg
20251231_210351,2025-12-31T21:42:13,c:\Users\amrem\Documents\Engineering Year 4\Machine Learning\Project\Vehicle-Classification\data\inbox\archive\Vehicles\Cars\Car (490).jpg,reject,,,reject,c:\Users\amrem\Documents\Engineering Year 4\Machine Learning\Project\Vehicle-Classification\data\raw\reject\Car (490).jpg
20251231_210351,2025-12-31T21:42:15,c:\Users\amrem\Documents\Engineering Year 4\Machine Learning\Project\Vehicle-Classification\data\inbox\archive\Vehicles\Cars\Car (491).jpg,label,2,1,class_02_passenger_car,c:\Users\amrem\Documents\Engineering Year 4\Machine Learning\Project\Vehicle-Classification\data\raw\class_02_passenger_car\Car (491).jpg
20251231_210351,2025-12-31T21:42:17,c:\Users\amrem\Documents\Engineering Year 4\Machine Learning\Project\Vehicle-Classification\data\inbox\archive\Vehicles\Cars\Car (492).jpg,reject,,,reject,c:\Users\amrem\Documents\Engineering Year 4\Machine Learning\Project\Vehicle-Classification\data\raw\reject\Car (492).jpg
20251231_210351,2025-12-31T21:42:22,c:\Users\amrem\Documents\Engineering Year 4\Machine Learning\Project\Vehicle-Classification\data\inbox\archive\Vehicles\Cars\Car (493).jpg,label,3,2,class_03_four_tire_single_unit,c:\Users\amrem\Documents\Engineering Year 4\Machine Learning\Project\Vehicle-Classification\data\raw\class_03_four_tire_single_unit\Car (493).jpg
20251231_210351,2025-12-31T21:42:23,c:\Users\amrem\Documents\Engineering Year 4\Machine Learning\Project\Vehicle-Classification\data\inbox\archive\Vehicles\Cars\Car (494).jpg,label,2,1,class_02_passenger_car,c:\Users\amrem\Documents\Engineering Year 4\Machine Learning\Project\Vehicle-Classification\data\raw\class_02_passenger_car\Car (494).jpg
20251231_210351,2025-12-31T21:42:25,c:\Users\amrem\Documents\Engineering Year 4\Machine Learning\Project\Vehicle-Classification\data\inbox\archive\Vehicles\Cars\Car (495).jpg,label,3,2,class_03_four_tire_single_unit,c:\Users\amrem\Documents\Engineering Year 4\Machine Learning\Project\Vehicle-Classification\data\raw\class_03_four_tire_single_unit\Car (495).jpg
20251231_210351,2025-12-31T21:42:26,c:\Users\amrem\Documents\Engineering Year 4\Machine Learning\Project\Vehicle-Classification\data\inbox\archive\Vehicles\Cars\Car (496).jpg,label,3,2,class_03_four_tire_single_unit,c:\Users\amrem\Documents\Engineering Year 4\Machine Learning\Project\Vehicle-Classification\data\raw\class_03_four_tire_single_unit\Car (496).jpg
20251231_210351,2025-12-31T21:42:28,c:\Users\amrem\Documents\Engineering Year 4\Machine Learning\Project\Vehicle-Classification\data\inbox\archive\Vehicles\Cars\Car (497).jpg,label,2,1,class_02_passenger_car,c:\Users\amrem\Documents\Engineering Year 4\Machine Learning\Project\Vehicle-Classification\data\raw\class_02_passenger_car\Car (497).jpg
20251231_210351,2025-12-31T21:42:29,c:\Users\amrem\Documents\Engineering Year 4\Machine Learning\Project\Vehicle-Classification\data\inbox\archive\Vehicles\Cars\Car (498).jpg,label,2,1,class_02_passenger_car,c:\Users\amrem\Documents\Engineering Year 4\Machine Learning\Project\Vehicle-Classification\data\raw\class_02_passenger_car\Car (498).jpg
20251231_210351,2025-12-31T21:42:50,c:\Users\amrem\Documents\Engineering Year 4\Machine Learning\Project\Vehicle-Classification\data\inbox\archive\Vehicles\Cars\Car (499).jpg,label,9,8,class_09_five_axle_tractor_semitrailer,c:\Users\amrem\Documents\Engineering Year 4\Machine Learning\Project\Vehicle-Classification\data\raw\class_09_five_axle_tractor_semitrailer\Car (499).jpg
20251231_210351,2025-12-31T21:42:51,c:\Users\amrem\Documents\Engineering Year 4\Machine Learning\Project\Vehicle-Classification\data\inbox\archive\Vehicles\Cars\Car (5).jpg,label,2,1,class_02_passenger_car,c:\Users\amrem\Documents\Engineering Year 4\Machine Learning\Project\Vehicle-Classification\data\raw\class_02_passenger_car\Car (5).jpg
20251231_210351,2025-12-31T21:42:53,c:\Users\amrem\Documents\Engineering Year 4\Machine Learning\Project\Vehicle-Classification\data\inbox\archive\Vehicles\Cars\Car (500).jpg,label,2,1,class_02_passenger_car,c:\Users\amrem\Documents\Engineering Year 4\Machine Learning\Project\Vehicle-Classification\data\raw\class_02_passenger_car\Car (500).jpg
20251231_210351,2025-12-31T21:42:55,c:\Users\amrem\Documents\Engineering Year 4\Machine Learning\Project\Vehicle-Classification\data\inbox\archive\Vehicles\Cars\Car (501).jpg,reject,,,reject,c:\Users\amrem\Documents\Engineering Year 4\Machine Learning\Project\Vehicle-Classification\data\raw\reject\Car (501).jpg
20251231_210351,2025-12-31T21:42:56,c:\Users\amrem\Documents\Engineering Year 4\Machine Learning\Project\Vehicle-Classification\data\inbox\archive\Vehicles\Cars\Car (502).jpg,label,2,1,class_02_passenger_car,c:\Users\amrem\Documents\Engineering Year 4\Machine Learning\Project\Vehicle-Classification\data\raw\class_02_passenger_car\Car (502).jpg
20251231_210351,2025-12-31T21:43:00,c:\Users\amrem\Documents\Engineering Year 4\Machine Learning\Project\Vehicle-Classification\data\inbox\archive\Vehicles\Cars\Car (503).jpg,reject,,,reject,c:\Users\amrem\Documents\Engineering Year 4\Machine Learning\Project\Vehicle-Classification\data\raw\reject\Car (503).jpg
20251231_210351,2025-12-31T21:43:01,c:\Users\amrem\Documents\Engineering Year 4\Machine Learning\Project\Vehicle-Classification\data\inbox\archive\Vehicles\Cars\Car (504).jpg,reject,,,reject,c:\Users\amrem\Documents\Engineering Year 4\Machine Learning\Project\Vehicle-Classification\data\raw\reject\Car (504).jpg
20251231_210351,2025-12-31T21:43:03,c:\Users\amrem\Documents\Engineering Year 4\Machine Learning\Project\Vehicle-Classification\data\inbox\archive\Vehicles\Cars\Car (505).jpg,label,2,1,class_02_passenger_car,c:\Users\amrem\Documents\Engineering Year 4\Machine Learning\Project\Vehicle-Classification\data\raw\class_02_passenger_car\Car (505).jpg
20251231_210351,2025-12-31T21:43:04,c:\Users\amrem\Documents\Engineering Year 4\Machine Learning\Project\Vehicle-Classification\data\inbox\archive\Vehicles\Cars\Car (506).jpg,reject,,,reject,c:\Users\amrem\Documents\Engineering Year 4\Machine Learning\Project\Vehicle-Classification\data\raw\reject\Car (506).jpg
20251231_210351,2025-12-31T21:43:09,c:\Users\amrem\Documents\Engineering Year 4\Machine Learning\Project\Vehicle-Classification\data\inbox\archive\Vehicles\Cars\Car (507).jpg,skip,,,,
20251231_210351,2025-12-31T21:43:11,c:\Users\amrem\Documents\Engineering Year 4\Machine Learning\Project\Vehicle-Classification\data\inbox\archive\Vehicles\Cars\Car (508).jpg,label,2,1,class_02_passenger_car,c:\Users\amrem\Documents\Engineering Year 4\Machine Learning\Project\Vehicle-Classification\data\raw\class_02_passenger_car\Car (508).jpg
20251231_210351,2025-12-31T21:43:12,c:\Users\amrem\Documents\Engineering Year 4\Machine Learning\Project\Vehicle-Classification\data\inbox\archive\Vehicles\Cars\Car (509).jpg,label,2,1,class_02_passenger_car,c:\Users\amrem\Documents\Engineering Year 4\Machine Learning\Project\Vehicle-Classification\data\raw\class_02_passenger_car\Car (509).jpg
20251231_210351,2025-12-31T21:43:14,c:\Users\amrem\Documents\Engineering Year 4\Machine Learning\Project\Vehicle-Classification\data\inbox\archive\Vehicles\Cars\Car (51).jpg,reject,,,reject,c:\Users\amrem\Documents\Engineering Year 4\Machine Learning\Project\Vehicle-Classification\data\raw\reject\Car (51).jpg
20251231_210351,2025-12-31T21:43:15,c:\Users\amrem\Documents\Engineering Year 4\Machine Learning\Project\Vehicle-Classification\data\inbox\archive\Vehicles\Cars\Car (510).jpg,label,2,1,class_02_passenger_car,c:\Users\amrem\Documents\Engineering Year 4\Machine Learning\Project\Vehicle-Classification\data\raw\class_02_passenger_car\Car (510).jpg
20251231_210351,2025-12-31T21:43:21,c:\Users\amrem\Documents\Engineering Year 4\Machine Learning\Project\Vehicle-Classification\data\inbox\archive\Vehicles\Cars\Car (511).jpg,label,5,4,class_05_two_axle_six_tire_single_unit,c:\Users\amrem\Documents\Engineering Year 4\Machine Learning\Project\Vehicle-Classification\data\raw\class_05_two_axle_six_tire_single_unit\Car (511).jpg
20251231_210351,2025-12-31T21:43:23,c:\Users\amrem\Documents\Engineering Year 4\Machine Learning\Project\Vehicle-Classification\data\inbox\archive\Vehicles\Cars\Car (512).jpg,label,2,1,class_02_passenger_car,c:\Users\amrem\Documents\Engineering Year 4\Machine Learning\Project\Vehicle-Classification\data\raw\class_02_passenger_car\Car (512).jpg
20251231_210351,2025-12-31T21:43:24,c:\Users\amrem\Documents\Engineering Year 4\Machine Learning\Project\Vehicle-Classification\data\inbox\archive\Vehicles\Cars\Car (513).jpg,label,2,1,class_02_passenger_car,c:\Users\amrem\Documents\Engineering Year 4\Machine Learning\Project\Vehicle-Classification\data\raw\class_02_passenger_car\Car (513).jpg
20251231_210351,2025-12-31T21:43:37,c:\Users\amrem\Documents\Engineering Year 4\Machine Learning\Project\Vehicle-Classification\data\inbox\archive\Vehicles\Cars\Car (514).jpg,label,7,6,class_07_four_or_more_axle_single_unit,c:\Users\amrem\Documents\Engineering Year 4\Machine Learning\Project\Vehicle-Classification\data\raw\class_07_four_or_more_axle_single_unit\Car (514).jpg
20251231_210351,2025-12-31T21:43:44,c:\Users\amrem\Documents\Engineering Year 4\Machine Learning\Project\Vehicle-Classification\data\inbox\archive\Vehicles\Cars\Car (515).jpg,label,3,2,class_03_four_tire_single_unit,c:\Users\amrem\Documents\Engineering Year 4\Machine Learning\Project\Vehicle-Classification\data\raw\class_03_four_tire_single_unit\Car (515).jpg
20251231_210351,2025-12-31T21:43:46,c:\Users\amrem\Documents\Engineering Year 4\Machine Learning\Project\Vehicle-Classification\data\inbox\archive\Vehicles\Cars\Car (516).jpg,reject,,,reject,c:\Users\amrem\Documents\Engineering Year 4\Machine Learning\Project\Vehicle-Classification\data\raw\reject\Car (516).jpg
20251231_210351,2025-12-31T21:43:48,c:\Users\amrem\Documents\Engineering Year 4\Machine Learning\Project\Vehicle-Classification\data\inbox\archive\Vehicles\Cars\Car (517).jpg,label,2,1,class_02_passenger_car,c:\Users\amrem\Documents\Engineering Year 4\Machine Learning\Project\Vehicle-Classification\data\raw\class_02_passenger_car\Car (517).jpg
20251231_210351,2025-12-31T21:43:50,c:\Users\amrem\Documents\Engineering Year 4\Machine Learning\Project\Vehicle-Classification\data\inbox\archive\Vehicles\Cars\Car (518).jpg,label,2,1,class_02_passenger_car,c:\Users\amrem\Documents\Engineering Year 4\Machine Learning\Project\Vehicle-Classification\data\raw\class_02_passenger_car\Car (518).jpg
20251231_210351,2025-12-31T21:44:06,c:\Users\amrem\Documents\Engineering Year 4\Machine Learning\Project\Vehicle-Classification\data\inbox\archive\Vehicles\Cars\Car (519).jpg,label,9,8,class_09_five_axle_tractor_semitrailer,c:\Users\amrem\Documents\Engineering Year 4\Machine Learning\Project\Vehicle-Classification\data\raw\class_09_five_axle_tractor_semitrailer\Car (519).jpg
20251231_210351,2025-12-31T21:44:07,c:\Users\amrem\Documents\Engineering Year 4\Machine Learning\Project\Vehicle-Classification\data\inbox\archive\Vehicles\Cars\Car (520).jpg,label,2,1,class_02_passenger_car,c:\Users\amrem\Documents\Engineering Year 4\Machine Learning\Project\Vehicle-Classification\data\raw\class_02_passenger_car\Car (520).jpg
20251231_210351,2025-12-31T21:44:09,c:\Users\amrem\Documents\Engineering Year 4\Machine Learning\Project\Vehicle-Classification\data\inbox\archive\Vehicles\Cars\Car (521).jpg,label,2,1,class_02_passenger_car,c:\Users\amrem\Documents\Engineering Year 4\Machine Learning\Project\Vehicle-Classification\data\raw\class_02_passenger_car\Car (521).jpg
20251231_210351,2025-12-31T21:44:10,c:\Users\amrem\Documents\Engineering Year 4\Machine Learning\Project\Vehicle-Classification\data\inbox\archive\Vehicles\Cars\Car (522).jpg,label,2,1,class_02_passenger_car,c:\Users\amrem\Documents\Engineering Year 4\Machine Learning\Project\Vehicle-Classification\data\raw\class_02_passenger_car\Car (522).jpg
20251231_210351,2025-12-31T21:44:13,c:\Users\amrem\Documents\Engineering Year 4\Machine Learning\Project\Vehicle-Classification\data\inbox\archive\Vehicles\Cars\Car (523).jpg,reject,,,reject,c:\Users\amrem\Documents\Engineering Year 4\Machine Learning\Project\Vehicle-Classification\data\raw\reject\Car (523).jpg
20251231_210351,2025-12-31T21:44:14,c:\Users\amrem\Documents\Engineering Year 4\Machine Learning\Project\Vehicle-Classification\data\inbox\archive\Vehicles\Cars\Car (524).jpg,reject,,,reject,c:\Users\amrem\Documents\Engineering Year 4\Machine Learning\Project\Vehicle-Classification\data\raw\reject\Car (524).jpg
20251231_210351,2025-12-31T21:44:16,c:\Users\amrem\Documents\Engineering Year 4\Machine Learning\Project\Vehicle-Classification\data\inbox\archive\Vehicles\Cars\Car (525).jpg,reject,,,reject,c:\Users\amrem\Documents\Engineering Year 4\Machine Learning\Project\Vehicle-Classification\data\raw\reject\Car (525).jpg
20251231_210351,2025-12-31T21:44:17,c:\Users\amrem\Documents\Engineering Year 4\Machine Learning\Project\Vehicle-Classification\data\inbox\archive\Vehicles\Cars\Car (526).jpg,label,2,1,class_02_passenger_car,c:\Users\amrem\Documents\Engineering Year 4\Machine Learning\Project\Vehicle-Classification\data\raw\class_02_passenger_car\Car (526).jpg
20251231_210351,2025-12-31T21:44:18,c:\Users\amrem\Documents\Engineering Year 4\Machine Learning\Project\Vehicle-Classification\data\inbox\archive\Vehicles\Cars\Car (527).jpg,reject,,,reject,c:\Users\amrem\Documents\Engineering Year 4\Machine Learning\Project\Vehicle-Classification\data\raw\reject\Car (527).jpg
20251231_210351,2025-12-31T21:44:20,c:\Users\amrem\Documents\Engineering Year 4\Machine Learning\Project\Vehicle-Classification\data\inbox\archive\Vehicles\Cars\Car (528).jpg,label,2,1,class_02_passenger_car,c:\Users\amrem\Documents\Engineering Year 4\Machine Learning\Project\Vehicle-Classification\data\raw\class_02_passenger_car\Car (528).jpg
20251231_210351,2025-12-31T21:44:21,c:\Users\amrem\Documents\Engineering Year 4\Machine Learning\Project\Vehicle-Classification\data\inbox\archive\Vehicles\Cars\Car (529).jpg,label,2,1,class_02_passenger_car,c:\Users\amrem\Documents\Engineering Year 4\Machine Learning\Project\Vehicle-Classification\data\raw\class_02_passenger_car\Car (529).jpg
20251231_210351,2025-12-31T21:44:22,c:\Users\amrem\Documents\Engineering Year 4\Machine Learning\Project\Vehicle-Classification\data\inbox\archive\Vehicles\Cars\Car (53).jpg,label,2,1,class_02_passenger_car,c:\Users\amrem\Documents\Engineering Year 4\Machine Learning\Project\Vehicle-Classification\data\raw\class_02_passenger_car\Car (53).jpg
20251231_210351,2025-12-31T21:44:26,c:\Users\amrem\Documents\Engineering Year 4\Machine Learning\Project\Vehicle-Classification\data\inbox\archive\Vehicles\Cars\Car (530).jpg,label,6,5,class_06_three_axle_single_unit,c:\Users\amrem\Documents\Engineering Year 4\Machine Learning\Project\Vehicle-Classification\data\raw\class_06_three_axle_single_unit\Car (530).jpg
20251231_210351,2025-12-31T21:44:28,c:\Users\amrem\Documents\Engineering Year 4\Machine Learning\Project\Vehicle-Classification\data\inbox\archive\Vehicles\Cars\Car (531).jpg,label,3,2,class_03_four_tire_single_unit,c:\Users\amrem\Documents\Engineering Year 4\Machine Learning\Project\Vehicle-Classification\data\raw\class_03_four_tire_single_unit\Car (531).jpg
20251231_210351,2025-12-31T21:44:29,c:\Users\amrem\Documents\Engineering Year 4\Machine Learning\Project\Vehicle-Classification\data\inbox\archive\Vehicles\Cars\Car (532).jpg,label,2,1,class_02_passenger_car,c:\Users\amrem\Documents\Engineering Year 4\Machine Learning\Project\Vehicle-Classification\data\raw\class_02_passenger_car\Car (532).jpg
20251231_210351,2025-12-31T21:44:30,c:\Users\amrem\Documents\Engineering Year 4\Machine Learning\Project\Vehicle-Classification\data\inbox\archive\Vehicles\Cars\Car (533).jpg,label,2,1,class_02_passenger_car,c:\Users\amrem\Documents\Engineering Year 4\Machine Learning\Project\Vehicle-Classification\data\raw\class_02_passenger_car\Car (533).jpg
20251231_210351,2025-12-31T21:44:32,c:\Users\amrem\Documents\Engineering Year 4\Machine Learning\Project\Vehicle-Classification\data\inbox\archive\Vehicles\Cars\Car (534).jpg,label,2,1,class_02_passenger_car,c:\Users\amrem\Documents\Engineering Year 4\Machine Learning\Project\Vehicle-Classification\data\raw\class_02_passenger_car\Car (534).jpg
20251231_210351,2025-12-31T21:44:39,c:\Users\amrem\Documents\Engineering Year 4\Machine Learning\Project\Vehicle-Classification\data\inbox\archive\Vehicles\Cars\Car (535).jpg,reject,,,reject,c:\Users\amrem\Documents\Engineering Year 4\Machine Learning\Project\Vehicle-Classification\data\raw\reject\Car (535).jpg
20251231_210351,2025-12-31T21:44:41,c:\Users\amrem\Documents\Engineering Year 4\Machine Learning\Project\Vehicle-Classification\data\inbox\archive\Vehicles\Cars\Car (536).jpg,reject,,,reject,c:\Users\amrem\Documents\Engineering Year 4\Machine Learning\Project\Vehicle-Classification\data\raw\reject\Car (536).jpg
20251231_210351,2025-12-31T21:44:42,c:\Users\amrem\Documents\Engineering Year 4\Machine Learning\Project\Vehicle-Classification\data\inbox\archive\Vehicles\Cars\Car (537).jpg,reject,,,reject,c:\Users\amrem\Documents\Engineering Year 4\Machine Learning\Project\Vehicle-Classification\data\raw\reject\Car (537).jpg
20251231_210351,2025-12-31T21:44:43,c:\Users\amrem\Documents\Engineering Year 4\Machine Learning\Project\Vehicle-Classification\data\inbox\archive\Vehicles\Cars\Car (538).jpg,reject,,,reject,c:\Users\amrem\Documents\Engineering Year 4\Machine Learning\Project\Vehicle-Classification\data\raw\reject\Car (538).jpg
20251231_210351,2025-12-31T21:44:44,c:\Users\amrem\Documents\Engineering Year 4\Machine Learning\Project\Vehicle-Classification\data\inbox\archive\Vehicles\Cars\Car (539).jpg,reject,,,reject,c:\Users\amrem\Documents\Engineering Year 4\Machine Learning\Project\Vehicle-Classification\data\raw\reject\Car (539).jpg
20251231_210351,2025-12-31T21:44:49,c:\Users\amrem\Documents\Engineering Year 4\Machine Learning\Project\Vehicle-Classification\data\inbox\archive\Vehicles\Cars\Car (54).jpg,label,5,4,class_05_two_axle_six_tire_single_unit,c:\Users\amrem\Documents\Engineering Year 4\Machine Learning\Project\Vehicle-Classification\data\raw\class_05_two_axle_six_tire_single_unit\Car (54).jpg
20251231_210351,2025-12-31T21:44:50,c:\Users\amrem\Documents\Engineering Year 4\Machine Learning\Project\Vehicle-Classification\data\inbox\archive\Vehicles\Cars\Car (540).jpg,reject,,,reject,c:\Users\amrem\Documents\Engineering Year 4\Machine Learning\Project\Vehicle-Classification\data\raw\reject\Car (540).jpg
20251231_210351,2025-12-31T21:44:54,c:\Users\amrem\Documents\Engineering Year 4\Machine Learning\Project\Vehicle-Classification\data\inbox\archive\Vehicles\Cars\Car (541).jpg,label,6,5,class_06_three_axle_single_unit,c:\Users\amrem\Documents\Engineering Year 4\Machine Learning\Project\Vehicle-Classification\data\raw\class_06_three_axle_single_unit\Car (541).jpg
20251231_210351,2025-12-31T21:44:59,c:\Users\amrem\Documents\Engineering Year 4\Machine Learning\Project\Vehicle-Classification\data\inbox\archive\Vehicles\Cars\Car (542).jpg,label,5,4,class_05_two_axle_six_tire_single_unit,c:\Users\amrem\Documents\Engineering Year 4\Machine Learning\Project\Vehicle-Classification\data\raw\class_05_two_axle_six_tire_single_unit\Car (542).jpg
20251231_210351,2025-12-31T21:45:01,c:\Users\amrem\Documents\Engineering Year 4\Machine Learning\Project\Vehicle-Classification\data\inbox\archive\Vehicles\Cars\Car (543).jpg,reject,,,reject,c:\Users\amrem\Documents\Engineering Year 4\Machine Learning\Project\Vehicle-Classification\data\raw\reject\Car (543).jpg
20251231_210351,2025-12-31T21:45:02,c:\Users\amrem\Documents\Engineering Year 4\Machine Learning\Project\Vehicle-Classification\data\inbox\archive\Vehicles\Cars\Car (544).jpg,label,2,1,class_02_passenger_car,c:\Users\amrem\Documents\Engineering Year 4\Machine Learning\Project\Vehicle-Classification\data\raw\class_02_passenger_car\Car (544).jpg
20251231_210351,2025-12-31T21:45:04,c:\Users\amrem\Documents\Engineering Year 4\Machine Learning\Project\Vehicle-Classification\data\inbox\archive\Vehicles\Cars\Car (545).jpg,reject,,,reject,c:\Users\amrem\Documents\Engineering Year 4\Machine Learning\Project\Vehicle-Classification\data\raw\reject\Car (545).jpg
20251231_210351,2025-12-31T21:45:06,c:\Users\amrem\Documents\Engineering Year 4\Machine Learning\Project\Vehicle-Classification\data\inbox\archive\Vehicles\Cars\Car (546).jpg,label,2,1,class_02_passenger_car,c:\Users\amrem\Documents\Engineering Year 4\Machine Learning\Project\Vehicle-Classification\data\raw\class_02_passenger_car\Car (546).jpg
20251231_210351,2025-12-31T21:45:08,c:\Users\amrem\Documents\Engineering Year 4\Machine Learning\Project\Vehicle-Classification\data\inbox\archive\Vehicles\Cars\Car (547).jpg,label,3,2,class_03_four_tire_single_unit,c:\Users\amrem\Documents\Engineering Year 4\Machine Learning\Project\Vehicle-Classification\data\raw\class_03_four_tire_single_unit\Car (547).jpg
20251231_210351,2025-12-31T21:45:09,c:\Users\amrem\Documents\Engineering Year 4\Machine Learning\Project\Vehicle-Classification\data\inbox\archive\Vehicles\Cars\Car (548).jpg,label,2,1,class_02_passenger_car,c:\Users\amrem\Documents\Engineering Year 4\Machine Learning\Project\Vehicle-Classification\data\raw\class_02_passenger_car\Car (548).jpg
20251231_210351,2025-12-31T21:45:11,c:\Users\amrem\Documents\Engineering Year 4\Machine Learning\Project\Vehicle-Classification\data\inbox\archive\Vehicles\Cars\Car (549).jpg,reject,,,reject,c:\Users\amrem\Documents\Engineering Year 4\Machine Learning\Project\Vehicle-Classification\data\raw\reject\Car (549).jpg
20251231_210351,2025-12-31T21:45:13,c:\Users\amrem\Documents\Engineering Year 4\Machine Learning\Project\Vehicle-Classification\data\inbox\archive\Vehicles\Cars\Car (55).jpg,label,2,1,class_02_passenger_car,c:\Users\amrem\Documents\Engineering Year 4\Machine Learning\Project\Vehicle-Classification\data\raw\class_02_passenger_car\Car (55).jpg
20251231_210351,2025-12-31T21:45:32,c:\Users\amrem\Documents\Engineering Year 4\Machine Learning\Project\Vehicle-Classification\data\inbox\archive\Vehicles\Cars\Car (550).jpg,label,2,1,class_02_passenger_car,c:\Users\amrem\Documents\Engineering Year 4\Machine Learning\Project\Vehicle-Classification\data\raw\class_02_passenger_car\Car (550).jpg
20251231_210351,2025-12-31T21:45:34,c:\Users\amrem\Documents\Engineering Year 4\Machine Learning\Project\Vehicle-Classification\data\inbox\archive\Vehicles\Cars\Car (551).jpg,reject,,,reject,c:\Users\amrem\Documents\Engineering Year 4\Machine Learning\Project\Vehicle-Classification\data\raw\reject\Car (551).jpg
20251231_210351,2025-12-31T21:45:36,c:\Users\amrem\Documents\Engineering Year 4\Machine Learning\Project\Vehicle-Classification\data\inbox\archive\Vehicles\Cars\Car (552).jpg,label,2,1,class_02_passenger_car,c:\Users\amrem\Documents\Engineering Year 4\Machine Learning\Project\Vehicle-Classification\data\raw\class_02_passenger_car\Car (552).jpg
20251231_210351,2025-12-31T21:45:37,c:\Users\amrem\Documents\Engineering Year 4\Machine Learning\Project\Vehicle-Classification\data\inbox\archive\Vehicles\Cars\Car (553).jpg,label,2,1,class_02_passenger_car,c:\Users\amrem\Documents\Engineering Year 4\Machine Learning\Project\Vehicle-Classification\data\raw\class_02_passenger_car\Car (553).jpg
20251231_210351,2025-12-31T21:45:37,c:\Users\amrem\Documents\Engineering Year 4\Machine Learning\Project\Vehicle-Classification\data\inbox\archive\Vehicles\Cars\Car (554).jpg,label,2,1,class_02_passenger_car,c:\Users\amrem\Documents\Engineering Year 4\Machine Learning\Project\Vehicle-Classification\data\raw\class_02_passenger_car\Car (554).jpg
20251231_210351,2025-12-31T21:45:39,c:\Users\amrem\Documents\Engineering Year 4\Machine Learning\Project\Vehicle-Classification\data\inbox\archive\Vehicles\Cars\Car (555).jpg,label,2,1,class_02_passenger_car,c:\Users\amrem\Documents\Engineering Year 4\Machine Learning\Project\Vehicle-Classification\data\raw\class_02_passenger_car\Car (555).jpg
20251231_210351,2025-12-31T21:45:41,c:\Users\amrem\Documents\Engineering Year 4\Machine Learning\Project\Vehicle-Classification\data\inbox\archive\Vehicles\Cars\Car (556).jpg,reject,,,reject,c:\Users\amrem\Documents\Engineering Year 4\Machine Learning\Project\Vehicle-Classification\data\raw\reject\Car (556).jpg
20251231_210351,2025-12-31T21:45:42,c:\Users\amrem\Documents\Engineering Year 4\Machine Learning\Project\Vehicle-Classification\data\inbox\archive\Vehicles\Cars\Car (557).jpg,label,2,1,class_02_passenger_car,c:\Users\amrem\Documents\Engineering Year 4\Machine Learning\Project\Vehicle-Classification\data\raw\class_02_passenger_car\Car (557).jpg
20251231_210351,2025-12-31T21:45:43,c:\Users\amrem\Documents\Engineering Year 4\Machine Learning\Project\Vehicle-Classification\data\inbox\archive\Vehicles\Cars\Car (558).jpg,reject,,,reject,c:\Users\amrem\Documents\Engineering Year 4\Machine Learning\Project\Vehicle-Classification\data\raw\reject\Car (558).jpg
20251231_210351,2025-12-31T21:45:58,c:\Users\amrem\Documents\Engineering Year 4\Machine Learning\Project\Vehicle-Classification\data\inbox\archive\Vehicles\Cars\Car (559).jpg,label,9,8,class_09_five_axle_tractor_semitrailer,c:\Users\amrem\Documents\Engineering Year 4\Machine Learning\Project\Vehicle-Classification\data\raw\class_09_five_axle_tractor_semitrailer\Car (559).jpg
20251231_210351,2025-12-31T21:45:59,c:\Users\amrem\Documents\Engineering Year 4\Machine Learning\Project\Vehicle-Classification\data\inbox\archive\Vehicles\Cars\Car (560).jpg,label,2,1,class_02_passenger_car,c:\Users\amrem\Documents\Engineering Year 4\Machine Learning\Project\Vehicle-Classification\data\raw\class_02_passenger_car\Car (560).jpg
20251231_210351,2025-12-31T21:46:01,c:\Users\amrem\Documents\Engineering Year 4\Machine Learning\Project\Vehicle-Classification\data\inbox\archive\Vehicles\Cars\Car (561).jpg,label,2,1,class_02_passenger_car,c:\Users\amrem\Documents\Engineering Year 4\Machine Learning\Project\Vehicle-Classification\data\raw\class_02_passenger_car\Car (561).jpg
20251231_210351,2025-12-31T21:46:02,c:\Users\amrem\Documents\Engineering Year 4\Machine Learning\Project\Vehicle-Classification\data\inbox\archive\Vehicles\Cars\Car (562).jpg,label,2,1,class_02_passenger_car,c:\Users\amrem\Documents\Engineering Year 4\Machine Learning\Project\Vehicle-Classification\data\raw\class_02_passenger_car\Car (562).jpg
20251231_210351,2025-12-31T21:46:03,c:\Users\amrem\Documents\Engineering Year 4\Machine Learning\Project\Vehicle-Classification\data\inbox\archive\Vehicles\Cars\Car (563).jpg,label,2,1,class_02_passenger_car,c:\Users\amrem\Documents\Engineering Year 4\Machine Learning\Project\Vehicle-Classification\data\raw\class_02_passenger_car\Car (563).jpg
20251231_210351,2025-12-31T21:46:07,c:\Users\amrem\Documents\Engineering Year 4\Machine Learning\Project\Vehicle-Classification\data\inbox\archive\Vehicles\Cars\Car (564).jpg,reject,,,reject,c:\Users\amrem\Documents\Engineering Year 4\Machine Learning\Project\Vehicle-Classification\data\raw\reject\Car (564).jpg
20251231_210351,2025-12-31T21:46:09,c:\Users\amrem\Documents\Engineering Year 4\Machine Learning\Project\Vehicle-Classification\data\inbox\archive\Vehicles\Cars\Car (565).jpg,reject,,,reject,c:\Users\amrem\Documents\Engineering Year 4\Machine Learning\Project\Vehicle-Classification\data\raw\reject\Car (565).jpg
20251231_210351,2025-12-31T21:46:10,c:\Users\amrem\Documents\Engineering Year 4\Machine Learning\Project\Vehicle-Classification\data\inbox\archive\Vehicles\Cars\Car (566).jpg,reject,,,reject,c:\Users\amrem\Documents\Engineering Year 4\Machine Learning\Project\Vehicle-Classification\data\raw\reject\Car (566).jpg
20251231_210351,2025-12-31T21:46:12,c:\Users\amrem\Documents\Engineering Year 4\Machine Learning\Project\Vehicle-Classification\data\inbox\archive\Vehicles\Cars\Car (567).jpg,label,2,1,class_02_passenger_car,c:\Users\amrem\Documents\Engineering Year 4\Machine Learning\Project\Vehicle-Classification\data\raw\class_02_passenger_car\Car (567).jpg
20251231_210351,2025-12-31T21:46:16,c:\Users\amrem\Documents\Engineering Year 4\Machine Learning\Project\Vehicle-Classification\data\inbox\archive\Vehicles\Cars\Car (568).jpg,label,5,4,class_05_two_axle_six_tire_single_unit,c:\Users\amrem\Documents\Engineering Year 4\Machine Learning\Project\Vehicle-Classification\data\raw\class_05_two_axle_six_tire_single_unit\Car (568).jpg
20251231_210351,2025-12-31T21:46:18,c:\Users\amrem\Documents\Engineering Year 4\Machine Learning\Project\Vehicle-Classification\data\inbox\archive\Vehicles\Cars\Car (569).jpg,reject,,,reject,c:\Users\amrem\Documents\Engineering Year 4\Machine Learning\Project\Vehicle-Classification\data\raw\reject\Car (569).jpg
20251231_210351,2025-12-31T21:46:30,c:\Users\amrem\Documents\Engineering Year 4\Machine Learning\Project\Vehicle-Classification\data\inbox\archive\Vehicles\Cars\Car (570).jpg,label,5,4,class_05_two_axle_six_tire_single_unit,c:\Users\amrem\Documents\Engineering Year 4\Machine Learning\Project\Vehicle-Classification\data\raw\class_05_two_axle_six_tire_single_unit\Car (570).jpg
20251231_210351,2025-12-31T21:46:32,c:\Users\amrem\Documents\Engineering Year 4\Machine Learning\Project\Vehicle-Classification\data\inbox\archive\Vehicles\Cars\Car (571).jpg,reject,,,reject,c:\Users\amrem\Documents\Engineering Year 4\Machine Learning\Project\Vehicle-Classification\data\raw\reject\Car (571).jpg
20251231_210351,2025-12-31T21:46:38,c:\Users\amrem\Documents\Engineering Year 4\Machine Learning\Project\Vehicle-Classification\data\inbox\archive\Vehicles\Cars\Car (572).jpg,label,7,6,class_07_four_or_more_axle_single_unit,c:\Users\amrem\Documents\Engineering Year 4\Machine Learning\Project\Vehicle-Classification\data\raw\class_07_four_or_more_axle_single_unit\Car (572).jpg
20251231_210351,2025-12-31T21:46:52,c:\Users\amrem\Documents\Engineering Year 4\Machine Learning\Project\Vehicle-Classification\data\inbox\archive\Vehicles\Cars\Car (573).jpg,label,13,12,class_13_seven_or_more_axle_multi_trailer,c:\Users\amrem\Documents\Engineering Year 4\Machine Learning\Project\Vehicle-Classification\data\raw\class_13_seven_or_more_axle_multi_trailer\Car (573).jpg
20251231_210351,2025-12-31T21:46:54,c:\Users\amrem\Documents\Engineering Year 4\Machine Learning\Project\Vehicle-Classification\data\inbox\archive\Vehicles\Cars\Car (574).jpg,label,2,1,class_02_passenger_car,c:\Users\amrem\Documents\Engineering Year 4\Machine Learning\Project\Vehicle-Classification\data\raw\class_02_passenger_car\Car (574).jpg
20251231_210351,2025-12-31T21:47:10,c:\Users\amrem\Documents\Engineering Year 4\Machine Learning\Project\Vehicle-Classification\data\inbox\archive\Vehicles\Cars\Car (575).jpg,label,5,4,class_05_two_axle_six_tire_single_unit,c:\Users\amrem\Documents\Engineering Year 4\Machine Learning\Project\Vehicle-Classification\data\raw\class_05_two_axle_six_tire_single_unit\Car (575).jpg
20251231_210351,2025-12-31T21:47:22,c:\Users\amrem\Documents\Engineering Year 4\Machine Learning\Project\Vehicle-Classification\data\inbox\archive\Vehicles\Cars\Car (576).jpg,label,7,6,class_07_four_or_more_axle_single_unit,c:\Users\amrem\Documents\Engineering Year 4\Machine Learning\Project\Vehicle-Classification\data\raw\class_07_four_or_more_axle_single_unit\Car (576).jpg
20251231_210351,2025-12-31T21:47:24,c:\Users\amrem\Documents\Engineering Year 4\Machine Learning\Project\Vehicle-Classification\data\inbox\archive\Vehicles\Cars\Car (577).jpg,label,2,1,class_02_passenger_car,c:\Users\amrem\Documents\Engineering Year 4\Machine Learning\Project\Vehicle-Classification\data\raw\class_02_passenger_car\Car (577).jpg
20251231_210351,2025-12-31T21:47:26,c:\Users\amrem\Documents\Engineering Year 4\Machine Learning\Project\Vehicle-Classification\data\inbox\archive\Vehicles\Cars\Car (578).jpg,label,2,1,class_02_passenger_car,c:\Users\amrem\Documents\Engineering Year 4\Machine Learning\Project\Vehicle-Classification\data\raw\class_02_passenger_car\Car (578).jpg
20251231_210351,2025-12-31T21:47:28,c:\Users\amrem\Documents\Engineering Year 4\Machine Learning\Project\Vehicle-Classification\data\inbox\archive\Vehicles\Cars\Car (579).jpg,reject,,,reject,c:\Users\amrem\Documents\Engineering Year 4\Machine Learning\Project\Vehicle-Classification\data\raw\reject\Car (579).jpg
20251231_210351,2025-12-31T21:47:29,c:\Users\amrem\Documents\Engineering Year 4\Machine Learning\Project\Vehicle-Classification\data\inbox\archive\Vehicles\Cars\Car (580).jpg,reject,,,reject,c:\Users\amrem\Documents\Engineering Year 4\Machine Learning\Project\Vehicle-Classification\data\raw\reject\Car (580).jpg
20251231_210351,2025-12-31T21:47:31,c:\Users\amrem\Documents\Engineering Year 4\Machine Learning\Project\Vehicle-Classification\data\inbox\archive\Vehicles\Cars\Car (581).jpg,reject,,,reject,c:\Users\amrem\Documents\Engineering Year 4\Machine Learning\Project\Vehicle-Classification\data\raw\reject\Car (581).jpg
20251231_210351,2025-12-31T21:47:32,c:\Users\amrem\Documents\Engineering Year 4\Machine Learning\Project\Vehicle-Classification\data\inbox\archive\Vehicles\Cars\Car (582).jpg,label,2,1,class_02_passenger_car,c:\Users\amrem\Documents\Engineering Year 4\Machine Learning\Project\Vehicle-Classification\data\raw\class_02_passenger_car\Car (582).jpg
20251231_210351,2025-12-31T21:47:33,c:\Users\amrem\Documents\Engineering Year 4\Machine Learning\Project\Vehicle-Classification\data\inbox\archive\Vehicles\Cars\Car (583).jpg,reject,,,reject,c:\Users\amrem\Documents\Engineering Year 4\Machine Learning\Project\Vehicle-Classification\data\raw\reject\Car (583).jpg
20251231_210351,2025-12-31T21:47:37,c:\Users\amrem\Documents\Engineering Year 4\Machine Learning\Project\Vehicle-Classification\data\inbox\archive\Vehicles\Cars\Car (584).jpg,label,2,1,class_02_passenger_car,c:\Users\amrem\Documents\Engineering Year 4\Machine Learning\Project\Vehicle-Classification\data\raw\class_02_passenger_car\Car (584).jpg
20251231_210351,2025-12-31T21:47:45,c:\Users\amrem\Documents\Engineering Year 4\Machine Learning\Project\Vehicle-Classification\data\inbox\archive\Vehicles\Cars\Car (585).jpg,label,7,6,class_07_four_or_more_axle_single_unit,c:\Users\amrem\Documents\Engineering Year 4\Machine Learning\Project\Vehicle-Classification\data\raw\class_07_four_or_more_axle_single_unit\Car (585).jpg
20251231_210351,2025-12-31T21:47:47,c:\Users\amrem\Documents\Engineering Year 4\Machine Learning\Project\Vehicle-Classification\data\inbox\archive\Vehicles\Cars\Car (586).jpg,label,2,1,class_02_passenger_car,c:\Users\amrem\Documents\Engineering Year 4\Machine Learning\Project\Vehicle-Classification\data\raw\class_02_passenger_car\Car (586).jpg
20251231_210351,2025-12-31T21:47:48,c:\Users\amrem\Documents\Engineering Year 4\Machine Learning\Project\Vehicle-Classification\data\inbox\archive\Vehicles\Cars\Car (587).jpg,label,2,1,class_02_passenger_car,c:\Users\amrem\Documents\Engineering Year 4\Machine Learning\Project\Vehicle-Classification\data\raw\class_02_passenger_car\Car (587).jpg
20251231_210351,2025-12-31T21:47:51,c:\Users\amrem\Documents\Engineering Year 4\Machine Learning\Project\Vehicle-Classification\data\inbox\archive\Vehicles\Cars\Car (588).jpg,reject,,,reject,c:\Users\amrem\Documents\Engineering Year 4\Machine Learning\Project\Vehicle-Classification\data\raw\reject\Car (588).jpg
20251231_210351,2025-12-31T21:47:52,c:\Users\amrem\Documents\Engineering Year 4\Machine Learning\Project\Vehicle-Classification\data\inbox\archive\Vehicles\Cars\Car (589).jpg,label,2,1,class_02_passenger_car,c:\Users\amrem\Documents\Engineering Year 4\Machine Learning\Project\Vehicle-Classification\data\raw\class_02_passenger_car\Car (589).jpg
20251231_210351,2025-12-31T21:48:05,c:\Users\amrem\Documents\Engineering Year 4\Machine Learning\Project\Vehicle-Classification\data\inbox\archive\Vehicles\Cars\Car (59).jpg,label,9,8,class_09_five_axle_tractor_semitrailer,c:\Users\amrem\Documents\Engineering Year 4\Machine Learning\Project\Vehicle-Classification\data\raw\class_09_five_axle_tractor_semitrailer\Car (59).jpg
20251231_210351,2025-12-31T21:48:07,c:\Users\amrem\Documents\Engineering Year 4\Machine Learning\Project\Vehicle-Classification\data\inbox\archive\Vehicles\Cars\Car (590).jpg,label,2,1,class_02_passenger_car,c:\Users\amrem\Documents\Engineering Year 4\Machine Learning\Project\Vehicle-Classification\data\raw\class_02_passenger_car\Car (590).jpg
20251231_210351,2025-12-31T21:48:09,c:\Users\amrem\Documents\Engineering Year 4\Machine Learning\Project\Vehicle-Classification\data\inbox\archive\Vehicles\Cars\Car (591).jpg,label,2,1,class_02_passenger_car,c:\Users\amrem\Documents\Engineering Year 4\Machine Learning\Project\Vehicle-Classification\data\raw\class_02_passenger_car\Car (591).jpg
20251231_210351,2025-12-31T21:48:11,c:\Users\amrem\Documents\Engineering Year 4\Machine Learning\Project\Vehicle-Classification\data\inbox\archive\Vehicles\Cars\Car (592).jpg,reject,,,reject,c:\Users\amrem\Documents\Engineering Year 4\Machine Learning\Project\Vehicle-Classification\data\raw\reject\Car (592).jpg
20251231_210351,2025-12-31T21:48:19,c:\Users\amrem\Documents\Engineering Year 4\Machine Learning\Project\Vehicle-Classification\data\inbox\archive\Vehicles\Cars\Car (593).jpg,label,7,6,class_07_four_or_more_axle_single_unit,c:\Users\amrem\Documents\Engineering Year 4\Machine Learning\Project\Vehicle-Classification\data\raw\class_07_four_or_more_axle_single_unit\Car (593).jpg
20251231_210351,2025-12-31T21:48:21,c:\Users\amrem\Documents\Engineering Year 4\Machine Learning\Project\Vehicle-Classification\data\inbox\archive\Vehicles\Cars\Car (594).jpg,reject,,,reject,c:\Users\amrem\Documents\Engineering Year 4\Machine Learning\Project\Vehicle-Classification\data\raw\reject\Car (594).jpg
20251231_210351,2025-12-31T21:48:23,c:\Users\amrem\Documents\Engineering Year 4\Machine Learning\Project\Vehicle-Classification\data\inbox\archive\Vehicles\Cars\Car (595).jpg,reject,,,reject,c:\Users\amrem\Documents\Engineering Year 4\Machine Learning\Project\Vehicle-Classification\data\raw\reject\Car (595).jpg
20251231_210351,2025-12-31T21:48:28,c:\Users\amrem\Documents\Engineering Year 4\Machine Learning\Project\Vehicle-Classification\data\inbox\archive\Vehicles\Cars\Car (596).jpg,label,6,5,class_06_three_axle_single_unit,c:\Users\amrem\Documents\Engineering Year 4\Machine Learning\Project\Vehicle-Classification\data\raw\class_06_three_axle_single_unit\Car (596).jpg
20251231_210351,2025-12-31T21:48:30,c:\Users\amrem\Documents\Engineering Year 4\Machine Learning\Project\Vehicle-Classification\data\inbox\archive\Vehicles\Cars\Car (597).jpg,label,2,1,class_02_passenger_car,c:\Users\amrem\Documents\Engineering Year 4\Machine Learning\Project\Vehicle-Classification\data\raw\class_02_passenger_car\Car (597).jpg
20251231_210351,2025-12-31T21:48:31,c:\Users\amrem\Documents\Engineering Year 4\Machine Learning\Project\Vehicle-Classification\data\inbox\archive\Vehicles\Cars\Car (598).jpg,label,2,1,class_02_passenger_car,c:\Users\amrem\Documents\Engineering Year 4\Machine Learning\Project\Vehicle-Classification\data\raw\class_02_passenger_car\Car (598).jpg
20251231_210351,2025-12-31T21:48:32,c:\Users\amrem\Documents\Engineering Year 4\Machine Learning\Project\Vehicle-Classification\data\inbox\archive\Vehicles\Cars\Car (599).jpg,label,2,1,class_02_passenger_car,c:\Users\amrem\Documents\Engineering Year 4\Machine Learning\Project\Vehicle-Classification\data\raw\class_02_passenger_car\Car (599).jpg
20251231_210351,2025-12-31T21:48:34,c:\Users\amrem\Documents\Engineering Year 4\Machine Learning\Project\Vehicle-Classification\data\inbox\archive\Vehicles\Cars\Car (6).jpg,label,2,1,class_02_passenger_car,c:\Users\amrem\Documents\Engineering Year 4\Machine Learning\Project\Vehicle-Classification\data\raw\class_02_passenger_car\Car (6).jpg
20251231_210351,2025-12-31T21:48:36,c:\Users\amrem\Documents\Engineering Year 4\Machine Learning\Project\Vehicle-Classification\data\inbox\archive\Vehicles\Cars\Car (60).jpg,reject,,,reject,c:\Users\amrem\Documents\Engineering Year 4\Machine Learning\Project\Vehicle-Classification\data\raw\reject\Car (60).jpg
20251231_210351,2025-12-31T21:48:37,c:\Users\amrem\Documents\Engineering Year 4\Machine Learning\Project\Vehicle-Classification\data\inbox\archive\Vehicles\Cars\Car (600).jpg,reject,,,reject,c:\Users\amrem\Documents\Engineering Year 4\Machine Learning\Project\Vehicle-Classification\data\raw\reject\Car (600).jpg
20251231_210351,2025-12-31T21:48:40,c:\Users\amrem\Documents\Engineering Year 4\Machine Learning\Project\Vehicle-Classification\data\inbox\archive\Vehicles\Cars\Car (601).jpg,reject,,,reject,c:\Users\amrem\Documents\Engineering Year 4\Machine Learning\Project\Vehicle-Classification\data\raw\reject\Car (601).jpg
20251231_210351,2025-12-31T21:48:41,c:\Users\amrem\Documents\Engineering Year 4\Machine Learning\Project\Vehicle-Classification\data\inbox\archive\Vehicles\Cars\Car (602).jpg,reject,,,reject,c:\Users\amrem\Documents\Engineering Year 4\Machine Learning\Project\Vehicle-Classification\data\raw\reject\Car (602).jpg
20251231_210351,2025-12-31T21:48:46,c:\Users\amrem\Documents\Engineering Year 4\Machine Learning\Project\Vehicle-Classification\data\inbox\archive\Vehicles\Cars\Car (603).jpg,label,7,6,class_07_four_or_more_axle_single_unit,c:\Users\amrem\Documents\Engineering Year 4\Machine Learning\Project\Vehicle-Classification\data\raw\class_07_four_or_more_axle_single_unit\Car (603).jpg
20251231_210351,2025-12-31T21:48:48,c:\Users\amrem\Documents\Engineering Year 4\Machine Learning\Project\Vehicle-Classification\data\inbox\archive\Vehicles\Cars\Car (604).jpg,label,2,1,class_02_passenger_car,c:\Users\amrem\Documents\Engineering Year 4\Machine Learning\Project\Vehicle-Classification\data\raw\class_02_passenger_car\Car (604).jpg
20251231_210351,2025-12-31T21:48:50,c:\Users\amrem\Documents\Engineering Year 4\Machine Learning\Project\Vehicle-Classification\data\inbox\archive\Vehicles\Cars\Car (605).jpg,reject,,,reject,c:\Users\amrem\Documents\Engineering Year 4\Machine Learning\Project\Vehicle-Classification\data\raw\reject\Car (605).jpg
20251231_210351,2025-12-31T21:48:52,c:\Users\amrem\Documents\Engineering Year 4\Machine Learning\Project\Vehicle-Classification\data\inbox\archive\Vehicles\Cars\Car (606).jpg,reject,,,reject,c:\Users\amrem\Documents\Engineering Year 4\Machine Learning\Project\Vehicle-Classification\data\raw\reject\Car (606).jpg
20251231_210351,2025-12-31T21:48:53,c:\Users\amrem\Documents\Engineering Year 4\Machine Learning\Project\Vehicle-Classification\data\inbox\archive\Vehicles\Cars\Car (607).jpg,label,2,1,class_02_passenger_car,c:\Users\amrem\Documents\Engineering Year 4\Machine Learning\Project\Vehicle-Classification\data\raw\class_02_passenger_car\Car (607).jpg
20251231_210351,2025-12-31T21:48:54,c:\Users\amrem\Documents\Engineering Year 4\Machine Learning\Project\Vehicle-Classification\data\inbox\archive\Vehicles\Cars\Car (608).jpg,label,2,1,class_02_passenger_car,c:\Users\amrem\Documents\Engineering Year 4\Machine Learning\Project\Vehicle-Classification\data\raw\class_02_passenger_car\Car (608).jpg
20251231_210351,2025-12-31T21:48:56,c:\Users\amrem\Documents\Engineering Year 4\Machine Learning\Project\Vehicle-Classification\data\inbox\archive\Vehicles\Cars\Car (609).jpg,label,2,1,class_02_passenger_car,c:\Users\amrem\Documents\Engineering Year 4\Machine Learning\Project\Vehicle-Classification\data\raw\class_02_passenger_car\Car (609).jpg
20251231_210351,2025-12-31T21:48:57,c:\Users\amrem\Documents\Engineering Year 4\Machine Learning\Project\Vehicle-Classification\data\inbox\archive\Vehicles\Cars\Car (61).jpg,label,2,1,class_02_passenger_car,c:\Users\amrem\Documents\Engineering Year 4\Machine Learning\Project\Vehicle-Classification\data\raw\class_02_passenger_car\Car (61).jpg
20251231_210351,2025-12-31T21:49:01,c:\Users\amrem\Documents\Engineering Year 4\Machine Learning\Project\Vehicle-Classification\data\inbox\archive\Vehicles\Cars\Car (610).jpg,reject,,,reject,c:\Users\amrem\Documents\Engineering Year 4\Machine Learning\Project\Vehicle-Classification\data\raw\reject\Car (610).jpg
20251231_210351,2025-12-31T21:49:02,c:\Users\amrem\Documents\Engineering Year 4\Machine Learning\Project\Vehicle-Classification\data\inbox\archive\Vehicles\Cars\Car (611).jpg,label,2,1,class_02_passenger_car,c:\Users\amrem\Documents\Engineering Year 4\Machine Learning\Project\Vehicle-Classification\data\raw\class_02_passenger_car\Car (611).jpg
20251231_210351,2025-12-31T21:49:05,c:\Users\amrem\Documents\Engineering Year 4\Machine Learning\Project\Vehicle-Classification\data\inbox\archive\Vehicles\Cars\Car (612).jpg,label,2,1,class_02_passenger_car,c:\Users\amrem\Documents\Engineering Year 4\Machine Learning\Project\Vehicle-Classification\data\raw\class_02_passenger_car\Car (612).jpg
20251231_210351,2025-12-31T21:49:08,c:\Users\amrem\Documents\Engineering Year 4\Machine Learning\Project\Vehicle-Classification\data\inbox\archive\Vehicles\Cars\Car (613).jpg,label,3,2,class_03_four_tire_single_unit,c:\Users\amrem\Documents\Engineering Year 4\Machine Learning\Project\Vehicle-Classification\data\raw\class_03_four_tire_single_unit\Car (613).jpg
20251231_210351,2025-12-31T21:49:10,c:\Users\amrem\Documents\Engineering Year 4\Machine Learning\Project\Vehicle-Classification\data\inbox\archive\Vehicles\Cars\Car (614).jpg,label,2,1,class_02_passenger_car,c:\Users\amrem\Documents\Engineering Year 4\Machine Learning\Project\Vehicle-Classification\data\raw\class_02_passenger_car\Car (614).jpg
20251231_210351,2025-12-31T21:49:11,c:\Users\amrem\Documents\Engineering Year 4\Machine Learning\Project\Vehicle-Classification\data\inbox\archive\Vehicles\Cars\Car (615).jpg,label,2,1,class_02_passenger_car,c:\Users\amrem\Documents\Engineering Year 4\Machine Learning\Project\Vehicle-Classification\data\raw\class_02_passenger_car\Car (615).jpg
20251231_210351,2025-12-31T21:49:12,c:\Users\amrem\Documents\Engineering Year 4\Machine Learning\Project\Vehicle-Classification\data\inbox\archive\Vehicles\Cars\Car (616).jpg,label,2,1,class_02_passenger_car,c:\Users\amrem\Documents\Engineering Year 4\Machine Learning\Project\Vehicle-Classification\data\raw\class_02_passenger_car\Car (616).jpg
20251231_210351,2025-12-31T21:49:14,c:\Users\amrem\Documents\Engineering Year 4\Machine Learning\Project\Vehicle-Classification\data\inbox\archive\Vehicles\Cars\Car (617).jpg,reject,,,reject,c:\Users\amrem\Documents\Engineering Year 4\Machine Learning\Project\Vehicle-Classification\data\raw\reject\Car (617).jpg
20251231_210351,2025-12-31T21:49:16,c:\Users\amrem\Documents\Engineering Year 4\Machine Learning\Project\Vehicle-Classification\data\inbox\archive\Vehicles\Cars\Car (618).jpg,reject,,,reject,c:\Users\amrem\Documents\Engineering Year 4\Machine Learning\Project\Vehicle-Classification\data\raw\reject\Car (618).jpg
20251231_210351,2025-12-31T21:49:17,c:\Users\amrem\Documents\Engineering Year 4\Machine Learning\Project\Vehicle-Classification\data\inbox\archive\Vehicles\Cars\Car (619).jpg,label,2,1,class_02_passenger_car,c:\Users\amrem\Documents\Engineering Year 4\Machine Learning\Project\Vehicle-Classification\data\raw\class_02_passenger_car\Car (619).jpg
20251231_210351,2025-12-31T21:49:19,c:\Users\amrem\Documents\Engineering Year 4\Machine Learning\Project\Vehicle-Classification\data\inbox\archive\Vehicles\Cars\Car (62).jpg,label,2,1,class_02_passenger_car,c:\Users\amrem\Documents\Engineering Year 4\Machine Learning\Project\Vehicle-Classification\data\raw\class_02_passenger_car\Car (62).jpg
20251231_210351,2025-12-31T21:49:19,c:\Users\amrem\Documents\Engineering Year 4\Machine Learning\Project\Vehicle-Classification\data\inbox\archive\Vehicles\Cars\Car (620).jpg,label,2,1,class_02_passenger_car,c:\Users\amrem\Documents\Engineering Year 4\Machine Learning\Project\Vehicle-Classification\data\raw\class_02_passenger_car\Car (620).jpg
20251231_210351,2025-12-31T21:49:20,c:\Users\amrem\Documents\Engineering Year 4\Machine Learning\Project\Vehicle-Classification\data\inbox\archive\Vehicles\Cars\Car (621).jpg,label,2,1,class_02_passenger_car,c:\Users\amrem\Documents\Engineering Year 4\Machine Learning\Project\Vehicle-Classification\data\raw\class_02_passenger_car\Car (621).jpg
20251231_210351,2025-12-31T21:49:21,c:\Users\amrem\Documents\Engineering Year 4\Machine Learning\Project\Vehicle-Classification\data\inbox\archive\Vehicles\Cars\Car (622).jpg,label,2,1,class_02_passenger_car,c:\Users\amrem\Documents\Engineering Year 4\Machine Learning\Project\Vehicle-Classification\data\raw\class_02_passenger_car\Car (622).jpg
20251231_210351,2025-12-31T21:49:22,c:\Users\amrem\Documents\Engineering Year 4\Machine Learning\Project\Vehicle-Classification\data\inbox\archive\Vehicles\Cars\Car (623).jpg,label,2,1,class_02_passenger_car,c:\Users\amrem\Documents\Engineering Year 4\Machine Learning\Project\Vehicle-Classification\data\raw\class_02_passenger_car\Car (623).jpg
20251231_210351,2025-12-31T21:49:22,c:\Users\amrem\Documents\Engineering Year 4\Machine Learning\Project\Vehicle-Classification\data\inbox\archive\Vehicles\Cars\Car (624).jpg,label,2,1,class_02_passenger_car,c:\Users\amrem\Documents\Engineering Year 4\Machine Learning\Project\Vehicle-Classification\data\raw\class_02_passenger_car\Car (624).jpg
20251231_210351,2025-12-31T21:49:23,c:\Users\amrem\Documents\Engineering Year 4\Machine Learning\Project\Vehicle-Classification\data\inbox\archive\Vehicles\Cars\Car (625).jpg,label,2,1,class_02_passenger_car,c:\Users\amrem\Documents\Engineering Year 4\Machine Learning\Project\Vehicle-Classification\data\raw\class_02_passenger_car\Car (625).jpg
20251231_210351,2025-12-31T21:49:24,c:\Users\amrem\Documents\Engineering Year 4\Machine Learning\Project\Vehicle-Classification\data\inbox\archive\Vehicles\Cars\Car (626).JPG,label,2,1,class_02_passenger_car,c:\Users\amrem\Documents\Engineering Year 4\Machine Learning\Project\Vehicle-Classification\data\raw\class_02_passenger_car\Car (626).JPG
20251231_210351,2025-12-31T21:49:25,c:\Users\amrem\Documents\Engineering Year 4\Machine Learning\Project\Vehicle-Classification\data\inbox\archive\Vehicles\Cars\Car (627).jpg,label,2,1,class_02_passenger_car,c:\Users\amrem\Documents\Engineering Year 4\Machine Learning\Project\Vehicle-Classification\data\raw\class_02_passenger_car\Car (627).jpg
20251231_210351,2025-12-31T21:49:26,c:\Users\amrem\Documents\Engineering Year 4\Machine Learning\Project\Vehicle-Classification\data\inbox\archive\Vehicles\Cars\Car (628).jpg,label,2,1,class_02_passenger_car,c:\Users\amrem\Documents\Engineering Year 4\Machine Learning\Project\Vehicle-Classification\data\raw\class_02_passenger_car\Car (628).jpg
20251231_210351,2025-12-31T21:49:28,c:\Users\amrem\Documents\Engineering Year 4\Machine Learning\Project\Vehicle-Classification\data\inbox\archive\Vehicles\Cars\Car (629).jpg,label,3,2,class_03_four_tire_single_unit,c:\Users\amrem\Documents\Engineering Year 4\Machine Learning\Project\Vehicle-Classification\data\raw\class_03_four_tire_single_unit\Car (629).jpg
20251231_210351,2025-12-31T21:49:30,c:\Users\amrem\Documents\Engineering Year 4\Machine Learning\Project\Vehicle-Classification\data\inbox\archive\Vehicles\Cars\Car (63).jpg,label,2,1,class_02_passenger_car,c:\Users\amrem\Documents\Engineering Year 4\Machine Learning\Project\Vehicle-Classification\data\raw\class_02_passenger_car\Car (63).jpg
20251231_210351,2025-12-31T21:49:31,c:\Users\amrem\Documents\Engineering Year 4\Machine Learning\Project\Vehicle-Classification\data\inbox\archive\Vehicles\Cars\Car (630).jpg,label,2,1,class_02_passenger_car,c:\Users\amrem\Documents\Engineering Year 4\Machine Learning\Project\Vehicle-Classification\data\raw\class_02_passenger_car\Car (630).jpg
20251231_210351,2025-12-31T21:49:32,c:\Users\amrem\Documents\Engineering Year 4\Machine Learning\Project\Vehicle-Classification\data\inbox\archive\Vehicles\Cars\Car (631).jpg,label,2,1,class_02_passenger_car,c:\Users\amrem\Documents\Engineering Year 4\Machine Learning\Project\Vehicle-Classification\data\raw\class_02_passenger_car\Car (631).jpg
20251231_210351,2025-12-31T21:49:39,c:\Users\amrem\Documents\Engineering Year 4\Machine Learning\Project\Vehicle-Classification\data\inbox\archive\Vehicles\Cars\Car (632).jpg,label,5,4,class_05_two_axle_six_tire_single_unit,c:\Users\amrem\Documents\Engineering Year 4\Machine Learning\Project\Vehicle-Classification\data\raw\class_05_two_axle_six_tire_single_unit\Car (632).jpg
20251231_210351,2025-12-31T21:49:44,c:\Users\amrem\Documents\Engineering Year 4\Machine Learning\Project\Vehicle-Classification\data\inbox\archive\Vehicles\Cars\Car (633).jpg,label,2,1,class_02_passenger_car,c:\Users\amrem\Documents\Engineering Year 4\Machine Learning\Project\Vehicle-Classification\data\raw\class_02_passenger_car\Car (633).jpg
20251231_210351,2025-12-31T21:49:46,c:\Users\amrem\Documents\Engineering Year 4\Machine Learning\Project\Vehicle-Classification\data\inbox\archive\Vehicles\Cars\Car (634).jpg,label,2,1,class_02_passenger_car,c:\Users\amrem\Documents\Engineering Year 4\Machine Learning\Project\Vehicle-Classification\data\raw\class_02_passenger_car\Car (634).jpg
20251231_210351,2025-12-31T21:49:47,c:\Users\amrem\Documents\Engineering Year 4\Machine Learning\Project\Vehicle-Classification\data\inbox\archive\Vehicles\Cars\Car (635).jpg,label,2,1,class_02_passenger_car,c:\Users\amrem\Documents\Engineering Year 4\Machine Learning\Project\Vehicle-Classification\data\raw\class_02_passenger_car\Car (635).jpg
20251231_210351,2025-12-31T21:49:49,c:\Users\amrem\Documents\Engineering Year 4\Machine Learning\Project\Vehicle-Classification\data\inbox\archive\Vehicles\Cars\Car (636).jpg,label,2,1,class_02_passenger_car,c:\Users\amrem\Documents\Engineering Year 4\Machine Learning\Project\Vehicle-Classification\data\raw\class_02_passenger_car\Car (636).jpg
20251231_210351,2025-12-31T21:49:51,c:\Users\amrem\Documents\Engineering Year 4\Machine Learning\Project\Vehicle-Classification\data\inbox\archive\Vehicles\Cars\Car (637).jpg,label,2,1,class_02_passenger_car,c:\Users\amrem\Documents\Engineering Year 4\Machine Learning\Project\Vehicle-Classification\data\raw\class_02_passenger_car\Car (637).jpg
20251231_210351,2025-12-31T21:49:52,c:\Users\amrem\Documents\Engineering Year 4\Machine Learning\Project\Vehicle-Classification\data\inbox\archive\Vehicles\Cars\Car (638).jpg,label,2,1,class_02_passenger_car,c:\Users\amrem\Documents\Engineering Year 4\Machine Learning\Project\Vehicle-Classification\data\raw\class_02_passenger_car\Car (638).jpg
20251231_210351,2025-12-31T21:49:54,c:\Users\amrem\Documents\Engineering Year 4\Machine Learning\Project\Vehicle-Classification\data\inbox\archive\Vehicles\Cars\Car (639).jpg,reject,,,reject,c:\Users\amrem\Documents\Engineering Year 4\Machine Learning\Project\Vehicle-Classification\data\raw\reject\Car (639).jpg
20251231_210351,2025-12-31T21:49:55,c:\Users\amrem\Documents\Engineering Year 4\Machine Learning\Project\Vehicle-Classification\data\inbox\archive\Vehicles\Cars\Car (64).jpg,label,2,1,class_02_passenger_car,c:\Users\amrem\Documents\Engineering Year 4\Machine Learning\Project\Vehicle-Classification\data\raw\class_02_passenger_car\Car (64).jpg
20251231_210351,2025-12-31T21:49:56,c:\Users\amrem\Documents\Engineering Year 4\Machine Learning\Project\Vehicle-Classification\data\inbox\archive\Vehicles\Cars\Car (640).jpg,label,2,1,class_02_passenger_car,c:\Users\amrem\Documents\Engineering Year 4\Machine Learning\Project\Vehicle-Classification\data\raw\class_02_passenger_car\Car (640).jpg
20251231_210351,2025-12-31T21:49:58,c:\Users\amrem\Documents\Engineering Year 4\Machine Learning\Project\Vehicle-Classification\data\inbox\archive\Vehicles\Cars\Car (641).jpg,label,2,1,class_02_passenger_car,c:\Users\amrem\Documents\Engineering Year 4\Machine Learning\Project\Vehicle-Classification\data\raw\class_02_passenger_car\Car (641).jpg
20251231_210351,2025-12-31T21:49:59,c:\Users\amrem\Documents\Engineering Year 4\Machine Learning\Project\Vehicle-Classification\data\inbox\archive\Vehicles\Cars\Car (642).jpg,label,2,1,class_02_passenger_car,c:\Users\amrem\Documents\Engineering Year 4\Machine Learning\Project\Vehicle-Classification\data\raw\class_02_passenger_car\Car (642).jpg
20251231_210351,2025-12-31T21:50:00,c:\Users\amrem\Documents\Engineering Year 4\Machine Learning\Project\Vehicle-Classification\data\inbox\archive\Vehicles\Cars\Car (643).jpg,label,2,1,class_02_passenger_car,c:\Users\amrem\Documents\Engineering Year 4\Machine Learning\Project\Vehicle-Classification\data\raw\class_02_passenger_car\Car (643).jpg
20251231_210351,2025-12-31T21:50:09,c:\Users\amrem\Documents\Engineering Year 4\Machine Learning\Project\Vehicle-Classification\data\inbox\archive\Vehicles\Cars\Car (644).jpg,label,9,8,class_09_five_axle_tractor_semitrailer,c:\Users\amrem\Documents\Engineering Year 4\Machine Learning\Project\Vehicle-Classification\data\raw\class_09_five_axle_tractor_semitrailer\Car (644).jpg
20251231_210351,2025-12-31T21:50:11,c:\Users\amrem\Documents\Engineering Year 4\Machine Learning\Project\Vehicle-Classification\data\inbox\archive\Vehicles\Cars\Car (645).jpg,label,2,1,class_02_passenger_car,c:\Users\amrem\Documents\Engineering Year 4\Machine Learning\Project\Vehicle-Classification\data\raw\class_02_passenger_car\Car (645).jpg
20251231_210351,2025-12-31T21:50:12,c:\Users\amrem\Documents\Engineering Year 4\Machine Learning\Project\Vehicle-Classification\data\inbox\archive\Vehicles\Cars\Car (646).jpg,label,2,1,class_02_passenger_car,c:\Users\amrem\Documents\Engineering Year 4\Machine Learning\Project\Vehicle-Classification\data\raw\class_02_passenger_car\Car (646).jpg
20251231_210351,2025-12-31T21:50:13,c:\Users\amrem\Documents\Engineering Year 4\Machine Learning\Project\Vehicle-Classification\data\inbox\archive\Vehicles\Cars\Car (647).jpg,label,2,1,class_02_passenger_car,c:\Users\amrem\Documents\Engineering Year 4\Machine Learning\Project\Vehicle-Classification\data\raw\class_02_passenger_car\Car (647).jpg
20251231_210351,2025-12-31T21:50:14,c:\Users\amrem\Documents\Engineering Year 4\Machine Learning\Project\Vehicle-Classification\data\inbox\archive\Vehicles\Cars\Car (648).jpg,label,2,1,class_02_passenger_car,c:\Users\amrem\Documents\Engineering Year 4\Machine Learning\Project\Vehicle-Classification\data\raw\class_02_passenger_car\Car (648).jpg
20251231_210351,2025-12-31T21:50:15,c:\Users\amrem\Documents\Engineering Year 4\Machine Learning\Project\Vehicle-Classification\data\inbox\archive\Vehicles\Cars\Car (649).jpg,label,2,1,class_02_passenger_car,c:\Users\amrem\Documents\Engineering Year 4\Machine Learning\Project\Vehicle-Classification\data\raw\class_02_passenger_car\Car (649).jpg
20251231_210351,2025-12-31T21:50:16,c:\Users\amrem\Documents\Engineering Year 4\Machine Learning\Project\Vehicle-Classification\data\inbox\archive\Vehicles\Cars\Car (65).jpg,label,2,1,class_02_passenger_car,c:\Users\amrem\Documents\Engineering Year 4\Machine Learning\Project\Vehicle-Classification\data\raw\class_02_passenger_car\Car (65).jpg
20251231_210351,2025-12-31T21:50:19,c:\Users\amrem\Documents\Engineering Year 4\Machine Learning\Project\Vehicle-Classification\data\inbox\archive\Vehicles\Cars\Car (650).jpg,reject,,,reject,c:\Users\amrem\Documents\Engineering Year 4\Machine Learning\Project\Vehicle-Classification\data\raw\reject\Car (650).jpg
20251231_210351,2025-12-31T21:50:20,c:\Users\amrem\Documents\Engineering Year 4\Machine Learning\Project\Vehicle-Classification\data\inbox\archive\Vehicles\Cars\Car (651).jpg,label,2,1,class_02_passenger_car,c:\Users\amrem\Documents\Engineering Year 4\Machine Learning\Project\Vehicle-Classification\data\raw\class_02_passenger_car\Car (651).jpg
20251231_210351,2025-12-31T21:50:21,c:\Users\amrem\Documents\Engineering Year 4\Machine Learning\Project\Vehicle-Classification\data\inbox\archive\Vehicles\Cars\Car (652).jpg,label,2,1,class_02_passenger_car,c:\Users\amrem\Documents\Engineering Year 4\Machine Learning\Project\Vehicle-Classification\data\raw\class_02_passenger_car\Car (652).jpg
20251231_210351,2025-12-31T21:50:21,c:\Users\amrem\Documents\Engineering Year 4\Machine Learning\Project\Vehicle-Classification\data\inbox\archive\Vehicles\Cars\Car (653).jpg,label,2,1,class_02_passenger_car,c:\Users\amrem\Documents\Engineering Year 4\Machine Learning\Project\Vehicle-Classification\data\raw\class_02_passenger_car\Car (653).jpg
20251231_210351,2025-12-31T21:50:27,c:\Users\amrem\Documents\Engineering Year 4\Machine Learning\Project\Vehicle-Classification\data\inbox\archive\Vehicles\Cars\Car (654).jpg,label,5,4,class_05_two_axle_six_tire_single_unit,c:\Users\amrem\Documents\Engineering Year 4\Machine Learning\Project\Vehicle-Classification\data\raw\class_05_two_axle_six_tire_single_unit\Car (654).jpg
20251231_210351,2025-12-31T21:50:29,c:\Users\amrem\Documents\Engineering Year 4\Machine Learning\Project\Vehicle-Classification\data\inbox\archive\Vehicles\Cars\Car (655).jpg,reject,,,reject,c:\Users\amrem\Documents\Engineering Year 4\Machine Learning\Project\Vehicle-Classification\data\raw\reject\Car (655).jpg
20251231_210351,2025-12-31T21:50:31,c:\Users\amrem\Documents\Engineering Year 4\Machine Learning\Project\Vehicle-Classification\data\inbox\archive\Vehicles\Cars\Car (656).jpg,label,2,1,class_02_passenger_car,c:\Users\amrem\Documents\Engineering Year 4\Machine Learning\Project\Vehicle-Classification\data\raw\class_02_passenger_car\Car (656).jpg
20251231_210351,2025-12-31T21:50:34,c:\Users\amrem\Documents\Engineering Year 4\Machine Learning\Project\Vehicle-Classification\data\inbox\archive\Vehicles\Cars\Car (657).jpg,reject,,,reject,c:\Users\amrem\Documents\Engineering Year 4\Machine Learning\Project\Vehicle-Classification\data\raw\reject\Car (657).jpg
20251231_210351,2025-12-31T21:50:35,c:\Users\amrem\Documents\Engineering Year 4\Machine Learning\Project\Vehicle-Classification\data\inbox\archive\Vehicles\Cars\Car (658).jpg,reject,,,reject,c:\Users\amrem\Documents\Engineering Year 4\Machine Learning\Project\Vehicle-Classification\data\raw\reject\Car (658).jpg
20251231_210351,2025-12-31T21:50:37,c:\Users\amrem\Documents\Engineering Year 4\Machine Learning\Project\Vehicle-Classification\data\inbox\archive\Vehicles\Cars\Car (659).jpg,label,2,1,class_02_passenger_car,c:\Users\amrem\Documents\Engineering Year 4\Machine Learning\Project\Vehicle-Classification\data\raw\class_02_passenger_car\Car (659).jpg
20251231_210351,2025-12-31T21:50:38,c:\Users\amrem\Documents\Engineering Year 4\Machine Learning\Project\Vehicle-Classification\data\inbox\archive\Vehicles\Cars\Car (66).jpg,label,2,1,class_02_passenger_car,c:\Users\amrem\Documents\Engineering Year 4\Machine Learning\Project\Vehicle-Classification\data\raw\class_02_passenger_car\Car (66).jpg
20251231_210351,2025-12-31T21:50:49,c:\Users\amrem\Documents\Engineering Year 4\Machine Learning\Project\Vehicle-Classification\data\inbox\archive\Vehicles\Cars\Car (660).jpg,reject,,,reject,c:\Users\amrem\Documents\Engineering Year 4\Machine Learning\Project\Vehicle-Classification\data\raw\reject\Car (660).jpg
20251231_210351,2025-12-31T21:50:51,c:\Users\amrem\Documents\Engineering Year 4\Machine Learning\Project\Vehicle-Classification\data\inbox\archive\Vehicles\Cars\Car (661).jpg,reject,,,reject,c:\Users\amrem\Documents\Engineering Year 4\Machine Learning\Project\Vehicle-Classification\data\raw\reject\Car (661).jpg
20251231_210351,2025-12-31T21:50:54,c:\Users\amrem\Documents\Engineering Year 4\Machine Learning\Project\Vehicle-Classification\data\inbox\archive\Vehicles\Cars\Car (662).jpg,label,5,4,class_05_two_axle_six_tire_single_unit,c:\Users\amrem\Documents\Engineering Year 4\Machine Learning\Project\Vehicle-Classification\data\raw\class_05_two_axle_six_tire_single_unit\Car (662).jpg
20251231_210351,2025-12-31T21:50:56,c:\Users\amrem\Documents\Engineering Year 4\Machine Learning\Project\Vehicle-Classification\data\inbox\archive\Vehicles\Cars\Car (663).jpg,label,2,1,class_02_passenger_car,c:\Users\amrem\Documents\Engineering Year 4\Machine Learning\Project\Vehicle-Classification\data\raw\class_02_passenger_car\Car (663).jpg
20251231_210351,2025-12-31T21:51:00,c:\Users\amrem\Documents\Engineering Year 4\Machine Learning\Project\Vehicle-Classification\data\inbox\archive\Vehicles\Cars\Car (664).jpg,reject,,,reject,c:\Users\amrem\Documents\Engineering Year 4\Machine Learning\Project\Vehicle-Classification\data\raw\reject\Car (664).jpg
20251231_210351,2025-12-31T21:51:08,c:\Users\amrem\Documents\Engineering Year 4\Machine Learning\Project\Vehicle-Classification\data\inbox\archive\Vehicles\Cars\Car (665).jpg,label,9,8,class_09_five_axle_tractor_semitrailer,c:\Users\amrem\Documents\Engineering Year 4\Machine Learning\Project\Vehicle-Classification\data\raw\class_09_five_axle_tractor_semitrailer\Car (665).jpg
20251231_210351,2025-12-31T21:51:09,c:\Users\amrem\Documents\Engineering Year 4\Machine Learning\Project\Vehicle-Classification\data\inbox\archive\Vehicles\Cars\Car (666).jpg,label,2,1,class_02_passenger_car,c:\Users\amrem\Documents\Engineering Year 4\Machine Learning\Project\Vehicle-Classification\data\raw\class_02_passenger_car\Car (666).jpg
20251231_210351,2025-12-31T21:51:12,c:\Users\amrem\Documents\Engineering Year 4\Machine Learning\Project\Vehicle-Classification\data\inbox\archive\Vehicles\Cars\Car (667).jpg,reject,,,reject,c:\Users\amrem\Documents\Engineering Year 4\Machine Learning\Project\Vehicle-Classification\data\raw\reject\Car (667).jpg
20251231_210351,2025-12-31T21:51:13,c:\Users\amrem\Documents\Engineering Year 4\Machine Learning\Project\Vehicle-Classification\data\inbox\archive\Vehicles\Cars\Car (668).jpg,label,2,1,class_02_passenger_car,c:\Users\amrem\Documents\Engineering Year 4\Machine Learning\Project\Vehicle-Classification\data\raw\class_02_passenger_car\Car (668).jpg
20251231_210351,2025-12-31T21:51:15,c:\Users\amrem\Documents\Engineering Year 4\Machine Learning\Project\Vehicle-Classification\data\inbox\archive\Vehicles\Cars\Car (669).jpg,label,2,1,class_02_passenger_car,c:\Users\amrem\Documents\Engineering Year 4\Machine Learning\Project\Vehicle-Classification\data\raw\class_02_passenger_car\Car (669).jpg
20251231_210351,2025-12-31T21:51:16,c:\Users\amrem\Documents\Engineering Year 4\Machine Learning\Project\Vehicle-Classification\data\inbox\archive\Vehicles\Cars\Car (67).jpg,label,2,1,class_02_passenger_car,c:\Users\amrem\Documents\Engineering Year 4\Machine Learning\Project\Vehicle-Classification\data\raw\class_02_passenger_car\Car (67).jpg
20251231_210351,2025-12-31T21:51:19,c:\Users\amrem\Documents\Engineering Year 4\Machine Learning\Project\Vehicle-Classification\data\inbox\archive\Vehicles\Cars\Car (670).jpg,reject,,,reject,c:\Users\amrem\Documents\Engineering Year 4\Machine Learning\Project\Vehicle-Classification\data\raw\reject\Car (670).jpg
20251231_210351,2025-12-31T21:51:21,c:\Users\amrem\Documents\Engineering Year 4\Machine Learning\Project\Vehicle-Classification\data\inbox\archive\Vehicles\Cars\Car (671).jpg,reject,,,reject,c:\Users\amrem\Documents\Engineering Year 4\Machine Learning\Project\Vehicle-Classification\data\raw\reject\Car (671).jpg
20251231_210351,2025-12-31T21:51:23,c:\Users\amrem\Documents\Engineering Year 4\Machine Learning\Project\Vehicle-Classification\data\inbox\archive\Vehicles\Cars\Car (672).jpg,reject,,,reject,c:\Users\amrem\Documents\Engineering Year 4\Machine Learning\Project\Vehicle-Classification\data\raw\reject\Car (672).jpg
20251231_210351,2025-12-31T21:51:24,c:\Users\amrem\Documents\Engineering Year 4\Machine Learning\Project\Vehicle-Classification\data\inbox\archive\Vehicles\Cars\Car (673).jpg,reject,,,reject,c:\Users\amrem\Documents\Engineering Year 4\Machine Learning\Project\Vehicle-Classification\data\raw\reject\Car (673).jpg
20251231_210351,2025-12-31T21:51:25,c:\Users\amrem\Documents\Engineering Year 4\Machine Learning\Project\Vehicle-Classification\data\inbox\archive\Vehicles\Cars\Car (674).jpg,label,2,1,class_02_passenger_car,c:\Users\amrem\Documents\Engineering Year 4\Machine Learning\Project\Vehicle-Classification\data\raw\class_02_passenger_car\Car (674).jpg
20251231_210351,2025-12-31T21:51:26,c:\Users\amrem\Documents\Engineering Year 4\Machine Learning\Project\Vehicle-Classification\data\inbox\archive\Vehicles\Cars\Car (675).jpg,reject,,,reject,c:\Users\amrem\Documents\Engineering Year 4\Machine Learning\Project\Vehicle-Classification\data\raw\reject\Car (675).jpg
20251231_210351,2025-12-31T21:51:27,c:\Users\amrem\Documents\Engineering Year 4\Machine Learning\Project\Vehicle-Classification\data\inbox\archive\Vehicles\Cars\Car (676).jpg,label,2,1,class_02_passenger_car,c:\Users\amrem\Documents\Engineering Year 4\Machine Learning\Project\Vehicle-Classification\data\raw\class_02_passenger_car\Car (676).jpg
20251231_210351,2025-12-31T21:51:29,c:\Users\amrem\Documents\Engineering Year 4\Machine Learning\Project\Vehicle-Classification\data\inbox\archive\Vehicles\Cars\Car (677).jpg,reject,,,reject,c:\Users\amrem\Documents\Engineering Year 4\Machine Learning\Project\Vehicle-Classification\data\raw\reject\Car (677).jpg
20251231_210351,2025-12-31T21:51:30,c:\Users\amrem\Documents\Engineering Year 4\Machine Learning\Project\Vehicle-Classification\data\inbox\archive\Vehicles\Cars\Car (678).jpg,label,2,1,class_02_passenger_car,c:\Users\amrem\Documents\Engineering Year 4\Machine Learning\Project\Vehicle-Classification\data\raw\class_02_passenger_car\Car (678).jpg
20251231_210351,2025-12-31T21:51:31,c:\Users\amrem\Documents\Engineering Year 4\Machine Learning\Project\Vehicle-Classification\data\inbox\archive\Vehicles\Cars\Car (679).jpg,label,2,1,class_02_passenger_car,c:\Users\amrem\Documents\Engineering Year 4\Machine Learning\Project\Vehicle-Classification\data\raw\class_02_passenger_car\Car (679).jpg
20251231_210351,2025-12-31T21:51:32,c:\Users\amrem\Documents\Engineering Year 4\Machine Learning\Project\Vehicle-Classification\data\inbox\archive\Vehicles\Cars\Car (68).jpg,reject,,,reject,c:\Users\amrem\Documents\Engineering Year 4\Machine Learning\Project\Vehicle-Classification\data\raw\reject\Car (68).jpg
20251231_210351,2025-12-31T21:51:33,c:\Users\amrem\Documents\Engineering Year 4\Machine Learning\Project\Vehicle-Classification\data\inbox\archive\Vehicles\Cars\Car (680).jpg,label,2,1,class_02_passenger_car,c:\Users\amrem\Documents\Engineering Year 4\Machine Learning\Project\Vehicle-Classification\data\raw\class_02_passenger_car\Car (680).jpg
20251231_210351,2025-12-31T21:51:34,c:\Users\amrem\Documents\Engineering Year 4\Machine Learning\Project\Vehicle-Classification\data\inbox\archive\Vehicles\Cars\Car (681).jpg,label,2,1,class_02_passenger_car,c:\Users\amrem\Documents\Engineering Year 4\Machine Learning\Project\Vehicle-Classification\data\raw\class_02_passenger_car\Car (681).jpg
20251231_210351,2025-12-31T21:51:34,c:\Users\amrem\Documents\Engineering Year 4\Machine Learning\Project\Vehicle-Classification\data\inbox\archive\Vehicles\Cars\Car (682).jpg,reject,,,reject,c:\Users\amrem\Documents\Engineering Year 4\Machine Learning\Project\Vehicle-Classification\data\raw\reject\Car (682).jpg
20251231_210351,2025-12-31T21:51:38,c:\Users\amrem\Documents\Engineering Year 4\Machine Learning\Project\Vehicle-Classification\data\inbox\archive\Vehicles\Cars\Car (683).jpg,reject,,,reject,c:\Users\amrem\Documents\Engineering Year 4\Machine Learning\Project\Vehicle-Classification\data\raw\reject\Car (683).jpg
20251231_210351,2025-12-31T21:51:39,c:\Users\amrem\Documents\Engineering Year 4\Machine Learning\Project\Vehicle-Classification\data\inbox\archive\Vehicles\Cars\Car (684).jpg,label,2,1,class_02_passenger_car,c:\Users\amrem\Documents\Engineering Year 4\Machine Learning\Project\Vehicle-Classification\data\raw\class_02_passenger_car\Car (684).jpg
20251231_210351,2025-12-31T21:51:40,c:\Users\amrem\Documents\Engineering Year 4\Machine Learning\Project\Vehicle-Classification\data\inbox\archive\Vehicles\Cars\Car (685).jpg,label,2,1,class_02_passenger_car,c:\Users\amrem\Documents\Engineering Year 4\Machine Learning\Project\Vehicle-Classification\data\raw\class_02_passenger_car\Car (685).jpg
20251231_210351,2025-12-31T21:51:42,c:\Users\amrem\Documents\Engineering Year 4\Machine Learning\Project\Vehicle-Classification\data\inbox\archive\Vehicles\Cars\Car (686).jpg,reject,,,reject,c:\Users\amrem\Documents\Engineering Year 4\Machine Learning\Project\Vehicle-Classification\data\raw\reject\Car (686).jpg
20251231_210351,2025-12-31T21:51:43,c:\Users\amrem\Documents\Engineering Year 4\Machine Learning\Project\Vehicle-Classification\data\inbox\archive\Vehicles\Cars\Car (687).jpg,label,2,1,class_02_passenger_car,c:\Users\amrem\Documents\Engineering Year 4\Machine Learning\Project\Vehicle-Classification\data\raw\class_02_passenger_car\Car (687).jpg
20251231_210351,2025-12-31T21:51:44,c:\Users\amrem\Documents\Engineering Year 4\Machine Learning\Project\Vehicle-Classification\data\inbox\archive\Vehicles\Cars\Car (688).jpg,reject,,,reject,c:\Users\amrem\Documents\Engineering Year 4\Machine Learning\Project\Vehicle-Classification\data\raw\reject\Car (688).jpg
20251231_210351,2025-12-31T21:51:45,c:\Users\amrem\Documents\Engineering Year 4\Machine Learning\Project\Vehicle-Classification\data\inbox\archive\Vehicles\Cars\Car (689).jpg,reject,,,reject,c:\Users\amrem\Documents\Engineering Year 4\Machine Learning\Project\Vehicle-Classification\data\raw\reject\Car (689).jpg
20251231_210351,2025-12-31T21:51:46,c:\Users\amrem\Documents\Engineering Year 4\Machine Learning\Project\Vehicle-Classification\data\inbox\archive\Vehicles\Cars\Car (69).jpg,label,2,1,class_02_passenger_car,c:\Users\amrem\Documents\Engineering Year 4\Machine Learning\Project\Vehicle-Classification\data\raw\class_02_passenger_car\Car (69).jpg
20251231_210351,2025-12-31T21:51:47,c:\Users\amrem\Documents\Engineering Year 4\Machine Learning\Project\Vehicle-Classification\data\inbox\archive\Vehicles\Cars\Car (690).jpg,reject,,,reject,c:\Users\amrem\Documents\Engineering Year 4\Machine Learning\Project\Vehicle-Classification\data\raw\reject\Car (690).jpg
20251231_210351,2025-12-31T21:51:48,c:\Users\amrem\Documents\Engineering Year 4\Machine Learning\Project\Vehicle-Classification\data\inbox\archive\Vehicles\Cars\Car (691).jpg,reject,,,reject,c:\Users\amrem\Documents\Engineering Year 4\Machine Learning\Project\Vehicle-Classification\data\raw\reject\Car (691).jpg
20251231_210351,2025-12-31T21:51:55,c:\Users\amrem\Documents\Engineering Year 4\Machine Learning\Project\Vehicle-Classification\data\inbox\archive\Vehicles\Cars\Car (692).jpg,label,6,5,class_06_three_axle_single_unit,c:\Users\amrem\Documents\Engineering Year 4\Machine Learning\Project\Vehicle-Classification\data\raw\class_06_three_axle_single_unit\Car (692).jpg
20251231_210351,2025-12-31T21:51:57,c:\Users\amrem\Documents\Engineering Year 4\Machine Learning\Project\Vehicle-Classification\data\inbox\archive\Vehicles\Cars\Car (693).jpg,reject,,,reject,c:\Users\amrem\Documents\Engineering Year 4\Machine Learning\Project\Vehicle-Classification\data\raw\reject\Car (693).jpg
20251231_210351,2025-12-31T21:52:03,c:\Users\amrem\Documents\Engineering Year 4\Machine Learning\Project\Vehicle-Classification\data\inbox\archive\Vehicles\Cars\Car (694).jpg,label,3,2,class_03_four_tire_single_unit,c:\Users\amrem\Documents\Engineering Year 4\Machine Learning\Project\Vehicle-Classification\data\raw\class_03_four_tire_single_unit\Car (694).jpg
20251231_210351,2025-12-31T21:52:04,c:\Users\amrem\Documents\Engineering Year 4\Machine Learning\Project\Vehicle-Classification\data\inbox\archive\Vehicles\Cars\Car (695).jpg,label,2,1,class_02_passenger_car,c:\Users\amrem\Documents\Engineering Year 4\Machine Learning\Project\Vehicle-Classification\data\raw\class_02_passenger_car\Car (695).jpg
20251231_210351,2025-12-31T21:52:05,c:\Users\amrem\Documents\Engineering Year 4\Machine Learning\Project\Vehicle-Classification\data\inbox\archive\Vehicles\Cars\Car (696).jpg,label,2,1,class_02_passenger_car,c:\Users\amrem\Documents\Engineering Year 4\Machine Learning\Project\Vehicle-Classification\data\raw\class_02_passenger_car\Car (696).jpg
20251231_210351,2025-12-31T21:52:06,c:\Users\amrem\Documents\Engineering Year 4\Machine Learning\Project\Vehicle-Classification\data\inbox\archive\Vehicles\Cars\Car (697).jpg,label,2,1,class_02_passenger_car,c:\Users\amrem\Documents\Engineering Year 4\Machine Learning\Project\Vehicle-Classification\data\raw\class_02_passenger_car\Car (697).jpg
20251231_210351,2025-12-31T21:52:07,c:\Users\amrem\Documents\Engineering Year 4\Machine Learning\Project\Vehicle-Classification\data\inbox\archive\Vehicles\Cars\Car (698).jpg,label,2,1,class_02_passenger_car,c:\Users\amrem\Documents\Engineering Year 4\Machine Learning\Project\Vehicle-Classification\data\raw\class_02_passenger_car\Car (698).jpg
20251231_210351,2025-12-31T21:52:08,c:\Users\amrem\Documents\Engineering Year 4\Machine Learning\Project\Vehicle-Classification\data\inbox\archive\Vehicles\Cars\Car (699).jpg,label,2,1,class_02_passenger_car,c:\Users\amrem\Documents\Engineering Year 4\Machine Learning\Project\Vehicle-Classification\data\raw\class_02_passenger_car\Car (699).jpg
20251231_210351,2025-12-31T21:52:08,c:\Users\amrem\Documents\Engineering Year 4\Machine Learning\Project\Vehicle-Classification\data\inbox\archive\Vehicles\Cars\Car (7).jpg,label,2,1,class_02_passenger_car,c:\Users\amrem\Documents\Engineering Year 4\Machine Learning\Project\Vehicle-Classification\data\raw\class_02_passenger_car\Car (7).jpg
20251231_210351,2025-12-31T21:52:09,c:\Users\amrem\Documents\Engineering Year 4\Machine Learning\Project\Vehicle-Classification\data\inbox\archive\Vehicles\Cars\Car (70).jpg,label,2,1,class_02_passenger_car,c:\Users\amrem\Documents\Engineering Year 4\Machine Learning\Project\Vehicle-Classification\data\raw\class_02_passenger_car\Car (70).jpg
20251231_210351,2025-12-31T21:52:10,c:\Users\amrem\Documents\Engineering Year 4\Machine Learning\Project\Vehicle-Classification\data\inbox\archive\Vehicles\Cars\Car (700).jpg,label,2,1,class_02_passenger_car,c:\Users\amrem\Documents\Engineering Year 4\Machine Learning\Project\Vehicle-Classification\data\raw\class_02_passenger_car\Car (700).jpg
20251231_210351,2025-12-31T21:52:15,c:\Users\amrem\Documents\Engineering Year 4\Machine Learning\Project\Vehicle-Classification\data\inbox\archive\Vehicles\Cars\Car (701).jpg,label,5,4,class_05_two_axle_six_tire_single_unit,c:\Users\amrem\Documents\Engineering Year 4\Machine Learning\Project\Vehicle-Classification\data\raw\class_05_two_axle_six_tire_single_unit\Car (701).jpg
20251231_210351,2025-12-31T21:52:17,c:\Users\amrem\Documents\Engineering Year 4\Machine Learning\Project\Vehicle-Classification\data\inbox\archive\Vehicles\Cars\Car (702).jpg,reject,,,reject,c:\Users\amrem\Documents\Engineering Year 4\Machine Learning\Project\Vehicle-Classification\data\raw\reject\Car (702).jpg
20251231_210351,2025-12-31T21:52:22,c:\Users\amrem\Documents\Engineering Year 4\Machine Learning\Project\Vehicle-Classification\data\inbox\archive\Vehicles\Cars\Car (703).jpg,reject,,,reject,c:\Users\amrem\Documents\Engineering Year 4\Machine Learning\Project\Vehicle-Classification\data\raw\reject\Car (703).jpg
20251231_210351,2025-12-31T21:52:28,c:\Users\amrem\Documents\Engineering Year 4\Machine Learning\Project\Vehicle-Classification\data\inbox\archive\Vehicles\Cars\Car (704).jpg,label,6,5,class_06_three_axle_single_unit,c:\Users\amrem\Documents\Engineering Year 4\Machine Learning\Project\Vehicle-Classification\data\raw\class_06_three_axle_single_unit\Car (704).jpg
20251231_210351,2025-12-31T21:52:30,c:\Users\amrem\Documents\Engineering Year 4\Machine Learning\Project\Vehicle-Classification\data\inbox\archive\Vehicles\Cars\Car (705).jpg,label,3,2,class_03_four_tire_single_unit,c:\Users\amrem\Documents\Engineering Year 4\Machine Learning\Project\Vehicle-Classification\data\raw\class_03_four_tire_single_unit\Car (705).jpg
20251231_210351,2025-12-31T21:52:32,c:\Users\amrem\Documents\Engineering Year 4\Machine Learning\Project\Vehicle-Classification\data\inbox\archive\Vehicles\Cars\Car (706).jpg,label,2,1,class_02_passenger_car,c:\Users\amrem\Documents\Engineering Year 4\Machine Learning\Project\Vehicle-Classification\data\raw\class_02_passenger_car\Car (706).jpg
20251231_210351,2025-12-31T21:52:33,c:\Users\amrem\Documents\Engineering Year 4\Machine Learning\Project\Vehicle-Classification\data\inbox\archive\Vehicles\Cars\Car (707).jpg,label,2,1,class_02_passenger_car,c:\Users\amrem\Documents\Engineering Year 4\Machine Learning\Project\Vehicle-Classification\data\raw\class_02_passenger_car\Car (707).jpg
20251231_210351,2025-12-31T21:52:34,c:\Users\amrem\Documents\Engineering Year 4\Machine Learning\Project\Vehicle-Classification\data\inbox\archive\Vehicles\Cars\Car (708).jpg,reject,,,reject,c:\Users\amrem\Documents\Engineering Year 4\Machine Learning\Project\Vehicle-Classification\data\raw\reject\Car (708).jpg
20251231_210351,2025-12-31T21:52:36,c:\Users\amrem\Documents\Engineering Year 4\Machine Learning\Project\Vehicle-Classification\data\inbox\archive\Vehicles\Cars\Car (709).jpg,label,2,1,class_02_passenger_car,c:\Users\amrem\Documents\Engineering Year 4\Machine Learning\Project\Vehicle-Classification\data\raw\class_02_passenger_car\Car (709).jpg
20251231_210351,2025-12-31T21:52:36,c:\Users\amrem\Documents\Engineering Year 4\Machine Learning\Project\Vehicle-Classification\data\inbox\archive\Vehicles\Cars\Car (71).jpg,label,2,1,class_02_passenger_car,c:\Users\amrem\Documents\Engineering Year 4\Machine Learning\Project\Vehicle-Classification\data\raw\class_02_passenger_car\Car (71).jpg
20251231_210351,2025-12-31T21:52:37,c:\Users\amrem\Documents\Engineering Year 4\Machine Learning\Project\Vehicle-Classification\data\inbox\archive\Vehicles\Cars\Car (710).jpg,label,2,1,class_02_passenger_car,c:\Users\amrem\Documents\Engineering Year 4\Machine Learning\Project\Vehicle-Classification\data\raw\class_02_passenger_car\Car (710).jpg
20251231_210351,2025-12-31T21:52:39,c:\Users\amrem\Documents\Engineering Year 4\Machine Learning\Project\Vehicle-Classification\data\inbox\archive\Vehicles\Cars\Car (711).jpg,reject,,,reject,c:\Users\amrem\Documents\Engineering Year 4\Machine Learning\Project\Vehicle-Classification\data\raw\reject\Car (711).jpg
20251231_210351,2025-12-31T21:52:40,c:\Users\amrem\Documents\Engineering Year 4\Machine Learning\Project\Vehicle-Classification\data\inbox\archive\Vehicles\Cars\Car (712).jpg,label,2,1,class_02_passenger_car,c:\Users\amrem\Documents\Engineering Year 4\Machine Learning\Project\Vehicle-Classification\data\raw\class_02_passenger_car\Car (712).jpg
20251231_210351,2025-12-31T21:52:44,c:\Users\amrem\Documents\Engineering Year 4\Machine Learning\Project\Vehicle-Classification\data\inbox\archive\Vehicles\Cars\Car (713).jpg,label,6,5,class_06_three_axle_single_unit,c:\Users\amrem\Documents\Engineering Year 4\Machine Learning\Project\Vehicle-Classification\data\raw\class_06_three_axle_single_unit\Car (713).jpg
20251231_210351,2025-12-31T21:52:45,c:\Users\amrem\Documents\Engineering Year 4\Machine Learning\Project\Vehicle-Classification\data\inbox\archive\Vehicles\Cars\Car (714).jpg,label,2,1,class_02_passenger_car,c:\Users\amrem\Documents\Engineering Year 4\Machine Learning\Project\Vehicle-Classification\data\raw\class_02_passenger_car\Car (714).jpg
20251231_210351,2025-12-31T21:52:49,c:\Users\amrem\Documents\Engineering Year 4\Machine Learning\Project\Vehicle-Classification\data\inbox\archive\Vehicles\Cars\Car (715).jpg,label,5,4,class_05_two_axle_six_tire_single_unit,c:\Users\amrem\Documents\Engineering Year 4\Machine Learning\Project\Vehicle-Classification\data\raw\class_05_two_axle_six_tire_single_unit\Car (715).jpg
20251231_210351,2025-12-31T21:52:51,c:\Users\amrem\Documents\Engineering Year 4\Machine Learning\Project\Vehicle-Classification\data\inbox\archive\Vehicles\Cars\Car (716).jpg,reject,,,reject,c:\Users\amrem\Documents\Engineering Year 4\Machine Learning\Project\Vehicle-Classification\data\raw\reject\Car (716).jpg
20251231_210351,2025-12-31T21:52:52,c:\Users\amrem\Documents\Engineering Year 4\Machine Learning\Project\Vehicle-Classification\data\inbox\archive\Vehicles\Cars\Car (717).jpg,reject,,,reject,c:\Users\amrem\Documents\Engineering Year 4\Machine Learning\Project\Vehicle-Classification\data\raw\reject\Car (717).jpg
20251231_210351,2025-12-31T21:52:53,c:\Users\amrem\Documents\Engineering Year 4\Machine Learning\Project\Vehicle-Classification\data\inbox\archive\Vehicles\Cars\Car (718).jpg,label,2,1,class_02_passenger_car,c:\Users\amrem\Documents\Engineering Year 4\Machine Learning\Project\Vehicle-Classification\data\raw\class_02_passenger_car\Car (718).jpg
20251231_210351,2025-12-31T21:52:56,c:\Users\amrem\Documents\Engineering Year 4\Machine Learning\Project\Vehicle-Classification\data\inbox\archive\Vehicles\Cars\Car (719).jpg,label,5,4,class_05_two_axle_six_tire_single_unit,c:\Users\amrem\Documents\Engineering Year 4\Machine Learning\Project\Vehicle-Classification\data\raw\class_05_two_axle_six_tire_single_unit\Car (719).jpg
20251231_210351,2025-12-31T21:52:58,c:\Users\amrem\Documents\Engineering Year 4\Machine Learning\Project\Vehicle-Classification\data\inbox\archive\Vehicles\Cars\Car (72).jpg,label,2,1,class_02_passenger_car,c:\Users\amrem\Documents\Engineering Year 4\Machine Learning\Project\Vehicle-Classification\data\raw\class_02_passenger_car\Car (72).jpg
20251231_210351,2025-12-31T21:53:00,c:\Users\amrem\Documents\Engineering Year 4\Machine Learning\Project\Vehicle-Classification\data\inbox\archive\Vehicles\Cars\Car (720).jpg,label,5,4,class_05_two_axle_six_tire_single_unit,c:\Users\amrem\Documents\Engineering Year 4\Machine Learning\Project\Vehicle-Classification\data\raw\class_05_two_axle_six_tire_single_unit\Car (720).jpg
20251231_210351,2025-12-31T21:53:02,c:\Users\amrem\Documents\Engineering Year 4\Machine Learning\Project\Vehicle-Classification\data\inbox\archive\Vehicles\Cars\Car (721).jpg,reject,,,reject,c:\Users\amrem\Documents\Engineering Year 4\Machine Learning\Project\Vehicle-Classification\data\raw\reject\Car (721).jpg
20251231_210351,2025-12-31T21:53:03,c:\Users\amrem\Documents\Engineering Year 4\Machine Learning\Project\Vehicle-Classification\data\inbox\archive\Vehicles\Cars\Car (722).jpg,reject,,,reject,c:\Users\amrem\Documents\Engineering Year 4\Machine Learning\Project\Vehicle-Classification\data\raw\reject\Car (722).jpg
20251231_210351,2025-12-31T21:53:04,c:\Users\amrem\Documents\Engineering Year 4\Machine Learning\Project\Vehicle-Classification\data\inbox\archive\Vehicles\Cars\Car (723).jpg,label,2,1,class_02_passenger_car,c:\Users\amrem\Documents\Engineering Year 4\Machine Learning\Project\Vehicle-Classification\data\raw\class_02_passenger_car\Car (723).jpg
20251231_210351,2025-12-31T21:53:07,c:\Users\amrem\Documents\Engineering Year 4\Machine Learning\Project\Vehicle-Classification\data\inbox\archive\Vehicles\Cars\Car (724).jpg,label,6,5,class_06_three_axle_single_unit,c:\Users\amrem\Documents\Engineering Year 4\Machine Learning\Project\Vehicle-Classification\data\raw\class_06_three_axle_single_unit\Car (724).jpg
20251231_210351,2025-12-31T21:53:08,c:\Users\amrem\Documents\Engineering Year 4\Machine Learning\Project\Vehicle-Classification\data\inbox\archive\Vehicles\Cars\Car (725).jpg,label,2,1,class_02_passenger_car,c:\Users\amrem\Documents\Engineering Year 4\Machine Learning\Project\Vehicle-Classification\data\raw\class_02_passenger_car\Car (725).jpg
20251231_210351,2025-12-31T21:53:10,c:\Users\amrem\Documents\Engineering Year 4\Machine Learning\Project\Vehicle-Classification\data\inbox\archive\Vehicles\Cars\Car (726).jpg,reject,,,reject,c:\Users\amrem\Documents\Engineering Year 4\Machine Learning\Project\Vehicle-Classification\data\raw\reject\Car (726).jpg
20251231_210351,2025-12-31T21:53:13,c:\Users\amrem\Documents\Engineering Year 4\Machine Learning\Project\Vehicle-Classification\data\inbox\archive\Vehicles\Cars\Car (727).jpg,label,2,1,class_02_passenger_car,c:\Users\amrem\Documents\Engineering Year 4\Machine Learning\Project\Vehicle-Classification\data\raw\class_02_passenger_car\Car (727).jpg
20251231_210351,2025-12-31T21:53:15,c:\Users\amrem\Documents\Engineering Year 4\Machine Learning\Project\Vehicle-Classification\data\inbox\archive\Vehicles\Cars\Car (728).jpg,label,2,1,class_02_passenger_car,c:\Users\amrem\Documents\Engineering Year 4\Machine Learning\Project\Vehicle-Classification\data\raw\class_02_passenger_car\Car (728).jpg
20251231_210351,2025-12-31T21:53:16,c:\Users\amrem\Documents\Engineering Year 4\Machine Learning\Project\Vehicle-Classification\data\inbox\archive\Vehicles\Cars\Car (729).jpg,label,2,1,class_02_passenger_car,c:\Users\amrem\Documents\Engineering Year 4\Machine Learning\Project\Vehicle-Classification\data\raw\class_02_passenger_car\Car (729).jpg
20251231_210351,2025-12-31T21:53:17,c:\Users\amrem\Documents\Engineering Year 4\Machine Learning\Project\Vehicle-Classification\data\inbox\archive\Vehicles\Cars\Car (73).jpg,label,2,1,class_02_passenger_car,c:\Users\amrem\Documents\Engineering Year 4\Machine Learning\Project\Vehicle-Classification\data\raw\class_02_passenger_car\Car (73).jpg
20251231_210351,2025-12-31T21:53:19,c:\Users\amrem\Documents\Engineering Year 4\Machine Learning\Project\Vehicle-Classification\data\inbox\archive\Vehicles\Cars\Car (730).jpg,label,2,1,class_02_passenger_car,c:\Users\amrem\Documents\Engineering Year 4\Machine Learning\Project\Vehicle-Classification\data\raw\class_02_passenger_car\Car (730).jpg
20251231_210351,2025-12-31T21:53:20,c:\Users\amrem\Documents\Engineering Year 4\Machine Learning\Project\Vehicle-Classification\data\inbox\archive\Vehicles\Cars\Car (731).jpg,label,2,1,class_02_passenger_car,c:\Users\amrem\Documents\Engineering Year 4\Machine Learning\Project\Vehicle-Classification\data\raw\class_02_passenger_car\Car (731).jpg
20251231_210351,2025-12-31T21:53:21,c:\Users\amrem\Documents\Engineering Year 4\Machine Learning\Project\Vehicle-Classification\data\inbox\archive\Vehicles\Cars\Car (732).jpg,label,2,1,class_02_passenger_car,c:\Users\amrem\Documents\Engineering Year 4\Machine Learning\Project\Vehicle-Classification\data\raw\class_02_passenger_car\Car (732).jpg
20251231_210351,2025-12-31T21:53:25,c:\Users\amrem\Documents\Engineering Year 4\Machine Learning\Project\Vehicle-Classification\data\inbox\archive\Vehicles\Cars\Car (733).jpg,label,3,2,class_03_four_tire_single_unit,c:\Users\amrem\Documents\Engineering Year 4\Machine Learning\Project\Vehicle-Classification\data\raw\class_03_four_tire_single_unit\Car (733).jpg
20251231_210351,2025-12-31T21:53:27,c:\Users\amrem\Documents\Engineering Year 4\Machine Learning\Project\Vehicle-Classification\data\inbox\archive\Vehicles\Cars\Car (734).jpg,label,2,1,class_02_passenger_car,c:\Users\amrem\Documents\Engineering Year 4\Machine Learning\Project\Vehicle-Classification\data\raw\class_02_passenger_car\Car (734).jpg
20251231_210351,2025-12-31T21:53:33,c:\Users\amrem\Documents\Engineering Year 4\Machine Learning\Project\Vehicle-Classification\data\inbox\archive\Vehicles\Cars\Car (735).jpg,label,9,8,class_09_five_axle_tractor_semitrailer,c:\Users\amrem\Documents\Engineering Year 4\Machine Learning\Project\Vehicle-Classification\data\raw\class_09_five_axle_tractor_semitrailer\Car (735).jpg
20251231_210351,2025-12-31T21:53:34,c:\Users\amrem\Documents\Engineering Year 4\Machine Learning\Project\Vehicle-Classification\data\inbox\archive\Vehicles\Cars\Car (736).jpg,label,2,1,class_02_passenger_car,c:\Users\amrem\Documents\Engineering Year 4\Machine Learning\Project\Vehicle-Classification\data\raw\class_02_passenger_car\Car (736).jpg
20251231_210351,2025-12-31T21:53:35,c:\Users\amrem\Documents\Engineering Year 4\Machine Learning\Project\Vehicle-Classification\data\inbox\archive\Vehicles\Cars\Car (737).jpg,label,2,1,class_02_passenger_car,c:\Users\amrem\Documents\Engineering Year 4\Machine Learning\Project\Vehicle-Classification\data\raw\class_02_passenger_car\Car (737).jpg
20251231_210351,2025-12-31T21:53:36,c:\Users\amrem\Documents\Engineering Year 4\Machine Learning\Project\Vehicle-Classification\data\inbox\archive\Vehicles\Cars\Car (738).jpg,label,2,1,class_02_passenger_car,c:\Users\amrem\Documents\Engineering Year 4\Machine Learning\Project\Vehicle-Classification\data\raw\class_02_passenger_car\Car (738).jpg
20251231_210351,2025-12-31T21:53:37,c:\Users\amrem\Documents\Engineering Year 4\Machine Learning\Project\Vehicle-Classification\data\inbox\archive\Vehicles\Cars\Car (739).jpg,label,2,1,class_02_passenger_car,c:\Users\amrem\Documents\Engineering Year 4\Machine Learning\Project\Vehicle-Classification\data\raw\class_02_passenger_car\Car (739).jpg
20251231_210351,2025-12-31T21:53:38,c:\Users\amrem\Documents\Engineering Year 4\Machine Learning\Project\Vehicle-Classification\data\inbox\archive\Vehicles\Cars\Car (74).jpg,label,2,1,class_02_passenger_car,c:\Users\amrem\Documents\Engineering Year 4\Machine Learning\Project\Vehicle-Classification\data\raw\class_02_passenger_car\Car (74).jpg
20251231_210351,2025-12-31T21:53:40,c:\Users\amrem\Documents\Engineering Year 4\Machine Learning\Project\Vehicle-Classification\data\inbox\archive\Vehicles\Cars\Car (740).jpg,label,2,1,class_02_passenger_car,c:\Users\amrem\Documents\Engineering Year 4\Machine Learning\Project\Vehicle-Classification\data\raw\class_02_passenger_car\Car (740).jpg
20251231_210351,2025-12-31T21:53:41,c:\Users\amrem\Documents\Engineering Year 4\Machine Learning\Project\Vehicle-Classification\data\inbox\archive\Vehicles\Cars\Car (741).jpg,label,2,1,class_02_passenger_car,c:\Users\amrem\Documents\Engineering Year 4\Machine Learning\Project\Vehicle-Classification\data\raw\class_02_passenger_car\Car (741).jpg
20251231_210351,2025-12-31T21:53:42,c:\Users\amrem\Documents\Engineering Year 4\Machine Learning\Project\Vehicle-Classification\data\inbox\archive\Vehicles\Cars\Car (742).jpg,label,2,1,class_02_passenger_car,c:\Users\amrem\Documents\Engineering Year 4\Machine Learning\Project\Vehicle-Classification\data\raw\class_02_passenger_car\Car (742).jpg
20251231_210351,2025-12-31T21:53:44,c:\Users\amrem\Documents\Engineering Year 4\Machine Learning\Project\Vehicle-Classification\data\inbox\archive\Vehicles\Cars\Car (743).jpg,reject,,,reject,c:\Users\amrem\Documents\Engineering Year 4\Machine Learning\Project\Vehicle-Classification\data\raw\reject\Car (743).jpg
20251231_210351,2025-12-31T21:53:48,c:\Users\amrem\Documents\Engineering Year 4\Machine Learning\Project\Vehicle-Classification\data\inbox\archive\Vehicles\Cars\Car (744).jpg,label,6,5,class_06_three_axle_single_unit,c:\Users\amrem\Documents\Engineering Year 4\Machine Learning\Project\Vehicle-Classification\data\raw\class_06_three_axle_single_unit\Car (744).jpg
20251231_210351,2025-12-31T21:53:57,c:\Users\amrem\Documents\Engineering Year 4\Machine Learning\Project\Vehicle-Classification\data\inbox\archive\Vehicles\Cars\Car (745).jpg,reject,,,reject,c:\Users\amrem\Documents\Engineering Year 4\Machine Learning\Project\Vehicle-Classification\data\raw\reject\Car (745).jpg
20251231_210351,2025-12-31T21:53:58,c:\Users\amrem\Documents\Engineering Year 4\Machine Learning\Project\Vehicle-Classification\data\inbox\archive\Vehicles\Cars\Car (746).jpg,reject,,,reject,c:\Users\amrem\Documents\Engineering Year 4\Machine Learning\Project\Vehicle-Classification\data\raw\reject\Car (746).jpg
20251231_210351,2025-12-31T21:53:59,c:\Users\amrem\Documents\Engineering Year 4\Machine Learning\Project\Vehicle-Classification\data\inbox\archive\Vehicles\Cars\Car (747).jpg,label,2,1,class_02_passenger_car,c:\Users\amrem\Documents\Engineering Year 4\Machine Learning\Project\Vehicle-Classification\data\raw\class_02_passenger_car\Car (747).jpg
20251231_210351,2025-12-31T21:54:01,c:\Users\amrem\Documents\Engineering Year 4\Machine Learning\Project\Vehicle-Classification\data\inbox\archive\Vehicles\Cars\Car (748).jpg,label,2,1,class_02_passenger_car,c:\Users\amrem\Documents\Engineering Year 4\Machine Learning\Project\Vehicle-Classification\data\raw\class_02_passenger_car\Car (748).jpg
20251231_210351,2025-12-31T21:54:02,c:\Users\amrem\Documents\Engineering Year 4\Machine Learning\Project\Vehicle-Classification\data\inbox\archive\Vehicles\Cars\Car (749).jpg,reject,,,reject,c:\Users\amrem\Documents\Engineering Year 4\Machine Learning\Project\Vehicle-Classification\data\raw\reject\Car (749).jpg
20251231_210351,2025-12-31T21:54:03,c:\Users\amrem\Documents\Engineering Year 4\Machine Learning\Project\Vehicle-Classification\data\inbox\archive\Vehicles\Cars\Car (75).jpg,reject,,,reject,c:\Users\amrem\Documents\Engineering Year 4\Machine Learning\Project\Vehicle-Classification\data\raw\reject\Car (75).jpg
20251231_210351,2025-12-31T21:54:04,c:\Users\amrem\Documents\Engineering Year 4\Machine Learning\Project\Vehicle-Classification\data\inbox\archive\Vehicles\Cars\Car (750).jpg,label,2,1,class_02_passenger_car,c:\Users\amrem\Documents\Engineering Year 4\Machine Learning\Project\Vehicle-Classification\data\raw\class_02_passenger_car\Car (750).jpg
20251231_210351,2025-12-31T21:54:07,c:\Users\amrem\Documents\Engineering Year 4\Machine Learning\Project\Vehicle-Classification\data\inbox\archive\Vehicles\Cars\Car (751).jpg,label,6,5,class_06_three_axle_single_unit,c:\Users\amrem\Documents\Engineering Year 4\Machine Learning\Project\Vehicle-Classification\data\raw\class_06_three_axle_single_unit\Car (751).jpg
20251231_210351,2025-12-31T21:54:08,c:\Users\amrem\Documents\Engineering Year 4\Machine Learning\Project\Vehicle-Classification\data\inbox\archive\Vehicles\Cars\Car (752).jpg,reject,,,reject,c:\Users\amrem\Documents\Engineering Year 4\Machine Learning\Project\Vehicle-Classification\data\raw\reject\Car (752).jpg
20251231_210351,2025-12-31T21:54:10,c:\Users\amrem\Documents\Engineering Year 4\Machine Learning\Project\Vehicle-Classification\data\inbox\archive\Vehicles\Cars\Car (753).jpg,reject,,,reject,c:\Users\amrem\Documents\Engineering Year 4\Machine Learning\Project\Vehicle-Classification\data\raw\reject\Car (753).jpg
20251231_210351,2025-12-31T21:54:11,c:\Users\amrem\Documents\Engineering Year 4\Machine Learning\Project\Vehicle-Classification\data\inbox\archive\Vehicles\Cars\Car (754).jpg,reject,,,reject,c:\Users\amrem\Documents\Engineering Year 4\Machine Learning\Project\Vehicle-Classification\data\raw\reject\Car (754).jpg
20251231_210351,2025-12-31T21:54:12,c:\Users\amrem\Documents\Engineering Year 4\Machine Learning\Project\Vehicle-Classification\data\inbox\archive\Vehicles\Cars\Car (755).jpg,label,2,1,class_02_passenger_car,c:\Users\amrem\Documents\Engineering Year 4\Machine Learning\Project\Vehicle-Classification\data\raw\class_02_passenger_car\Car (755).jpg
20251231_210351,2025-12-31T21:54:13,c:\Users\amrem\Documents\Engineering Year 4\Machine Learning\Project\Vehicle-Classification\data\inbox\archive\Vehicles\Cars\Car (756).jpg,label,2,1,class_02_passenger_car,c:\Users\amrem\Documents\Engineering Year 4\Machine Learning\Project\Vehicle-Classification\data\raw\class_02_passenger_car\Car (756).jpg
20251231_210351,2025-12-31T21:54:14,c:\Users\amrem\Documents\Engineering Year 4\Machine Learning\Project\Vehicle-Classification\data\inbox\archive\Vehicles\Cars\Car (757).jpg,reject,,,reject,c:\Users\amrem\Documents\Engineering Year 4\Machine Learning\Project\Vehicle-Classification\data\raw\reject\Car (757).jpg
20251231_210351,2025-12-31T21:54:16,c:\Users\amrem\Documents\Engineering Year 4\Machine Learning\Project\Vehicle-Classification\data\inbox\archive\Vehicles\Cars\Car (758).jpg,label,2,1,class_02_passenger_car,c:\Users\amrem\Documents\Engineering Year 4\Machine Learning\Project\Vehicle-Classification\data\raw\class_02_passenger_car\Car (758).jpg
20251231_210351,2025-12-31T21:54:17,c:\Users\amrem\Documents\Engineering Year 4\Machine Learning\Project\Vehicle-Classification\data\inbox\archive\Vehicles\Cars\Car (759).jpg,reject,,,reject,c:\Users\amrem\Documents\Engineering Year 4\Machine Learning\Project\Vehicle-Classification\data\raw\reject\Car (759).jpg
20251231_210351,2025-12-31T21:54:19,c:\Users\amrem\Documents\Engineering Year 4\Machine Learning\Project\Vehicle-Classification\data\inbox\archive\Vehicles\Cars\Car (76).jpg,label,2,1,class_02_passenger_car,c:\Users\amrem\Documents\Engineering Year 4\Machine Learning\Project\Vehicle-Classification\data\raw\class_02_passenger_car\Car (76).jpg
20251231_210351,2025-12-31T21:54:20,c:\Users\amrem\Documents\Engineering Year 4\Machine Learning\Project\Vehicle-Classification\data\inbox\archive\Vehicles\Cars\Car (760).jpg,label,2,1,class_02_passenger_car,c:\Users\amrem\Documents\Engineering Year 4\Machine Learning\Project\Vehicle-Classification\data\raw\class_02_passenger_car\Car (760).jpg
20251231_210351,2025-12-31T21:54:27,c:\Users\amrem\Documents\Engineering Year 4\Machine Learning\Project\Vehicle-Classification\data\inbox\archive\Vehicles\Cars\Car (761).jpg,label,7,6,class_07_four_or_more_axle_single_unit,c:\Users\amrem\Documents\Engineering Year 4\Machine Learning\Project\Vehicle-Classification\data\raw\class_07_four_or_more_axle_single_unit\Car (761).jpg
20251231_210351,2025-12-31T21:54:31,c:\Users\amrem\Documents\Engineering Year 4\Machine Learning\Project\Vehicle-Classification\data\inbox\archive\Vehicles\Cars\Car (762).jpg,label,2,1,class_02_passenger_car,c:\Users\amrem\Documents\Engineering Year 4\Machine Learning\Project\Vehicle-Classification\data\raw\class_02_passenger_car\Car (762).jpg
20251231_210351,2025-12-31T21:54:32,c:\Users\amrem\Documents\Engineering Year 4\Machine Learning\Project\Vehicle-Classification\data\inbox\archive\Vehicles\Cars\Car (763).jpg,label,2,1,class_02_passenger_car,c:\Users\amrem\Documents\Engineering Year 4\Machine Learning\Project\Vehicle-Classification\data\raw\class_02_passenger_car\Car (763).jpg
20251231_210351,2025-12-31T21:54:35,c:\Users\amrem\Documents\Engineering Year 4\Machine Learning\Project\Vehicle-Classification\data\inbox\archive\Vehicles\Cars\Car (764).jpg,reject,,,reject,c:\Users\amrem\Documents\Engineering Year 4\Machine Learning\Project\Vehicle-Classification\data\raw\reject\Car (764).jpg
20251231_210351,2025-12-31T21:54:36,c:\Users\amrem\Documents\Engineering Year 4\Machine Learning\Project\Vehicle-Classification\data\inbox\archive\Vehicles\Cars\Car (765).jpg,reject,,,reject,c:\Users\amrem\Documents\Engineering Year 4\Machine Learning\Project\Vehicle-Classification\data\raw\reject\Car (765).jpg
20251231_210351,2025-12-31T21:54:37,c:\Users\amrem\Documents\Engineering Year 4\Machine Learning\Project\Vehicle-Classification\data\inbox\archive\Vehicles\Cars\Car (766).jpg,label,2,1,class_02_passenger_car,c:\Users\amrem\Documents\Engineering Year 4\Machine Learning\Project\Vehicle-Classification\data\raw\class_02_passenger_car\Car (766).jpg
20251231_210351,2025-12-31T21:54:39,c:\Users\amrem\Documents\Engineering Year 4\Machine Learning\Project\Vehicle-Classification\data\inbox\archive\Vehicles\Cars\Car (767).jpg,reject,,,reject,c:\Users\amrem\Documents\Engineering Year 4\Machine Learning\Project\Vehicle-Classification\data\raw\reject\Car (767).jpg
20251231_210351,2025-12-31T21:54:40,c:\Users\amrem\Documents\Engineering Year 4\Machine Learning\Project\Vehicle-Classification\data\inbox\archive\Vehicles\Cars\Car (768).jpg,reject,,,reject,c:\Users\amrem\Documents\Engineering Year 4\Machine Learning\Project\Vehicle-Classification\data\raw\reject\Car (768).jpg
20251231_210351,2025-12-31T21:54:41,c:\Users\amrem\Documents\Engineering Year 4\Machine Learning\Project\Vehicle-Classification\data\inbox\archive\Vehicles\Cars\Car (769).jpg,label,2,1,class_02_passenger_car,c:\Users\amrem\Documents\Engineering Year 4\Machine Learning\Project\Vehicle-Classification\data\raw\class_02_passenger_car\Car (769).jpg
20251231_210351,2025-12-31T21:54:42,c:\Users\amrem\Documents\Engineering Year 4\Machine Learning\Project\Vehicle-Classification\data\inbox\archive\Vehicles\Cars\Car (77).jpg,label,2,1,class_02_passenger_car,c:\Users\amrem\Documents\Engineering Year 4\Machine Learning\Project\Vehicle-Classification\data\raw\class_02_passenger_car\Car (77).jpg
20251231_210351,2025-12-31T21:54:43,c:\Users\amrem\Documents\Engineering Year 4\Machine Learning\Project\Vehicle-Classification\data\inbox\archive\Vehicles\Cars\Car (770).jpg,label,2,1,class_02_passenger_car,c:\Users\amrem\Documents\Engineering Year 4\Machine Learning\Project\Vehicle-Classification\data\raw\class_02_passenger_car\Car (770).jpg
20251231_210351,2025-12-31T21:54:45,c:\Users\amrem\Documents\Engineering Year 4\Machine Learning\Project\Vehicle-Classification\data\inbox\archive\Vehicles\Cars\Car (771).jpg,label,2,1,class_02_passenger_car,c:\Users\amrem\Documents\Engineering Year 4\Machine Learning\Project\Vehicle-Classification\data\raw\class_02_passenger_car\Car (771).jpg
20251231_210351,2025-12-31T21:54:46,c:\Users\amrem\Documents\Engineering Year 4\Machine Learning\Project\Vehicle-Classification\data\inbox\archive\Vehicles\Cars\Car (772).jpg,reject,,,reject,c:\Users\amrem\Documents\Engineering Year 4\Machine Learning\Project\Vehicle-Classification\data\raw\reject\Car (772).jpg
20251231_210351,2025-12-31T21:54:47,c:\Users\amrem\Documents\Engineering Year 4\Machine Learning\Project\Vehicle-Classification\data\inbox\archive\Vehicles\Cars\Car (773).jpg,label,2,1,class_02_passenger_car,c:\Users\amrem\Documents\Engineering Year 4\Machine Learning\Project\Vehicle-Classification\data\raw\class_02_passenger_car\Car (773).jpg
20251231_210351,2025-12-31T21:54:48,c:\Users\amrem\Documents\Engineering Year 4\Machine Learning\Project\Vehicle-Classification\data\inbox\archive\Vehicles\Cars\Car (774).jpg,label,2,1,class_02_passenger_car,c:\Users\amrem\Documents\Engineering Year 4\Machine Learning\Project\Vehicle-Classification\data\raw\class_02_passenger_car\Car (774).jpg
20251231_210351,2025-12-31T21:54:48,c:\Users\amrem\Documents\Engineering Year 4\Machine Learning\Project\Vehicle-Classification\data\inbox\archive\Vehicles\Cars\Car (775).jpg,reject,,,reject,c:\Users\amrem\Documents\Engineering Year 4\Machine Learning\Project\Vehicle-Classification\data\raw\reject\Car (775).jpg
20251231_210351,2025-12-31T21:54:50,c:\Users\amrem\Documents\Engineering Year 4\Machine Learning\Project\Vehicle-Classification\data\inbox\archive\Vehicles\Cars\Car (776).jpg,reject,,,reject,c:\Users\amrem\Documents\Engineering Year 4\Machine Learning\Project\Vehicle-Classification\data\raw\reject\Car (776).jpg
20251231_210351,2025-12-31T21:54:51,c:\Users\amrem\Documents\Engineering Year 4\Machine Learning\Project\Vehicle-Classification\data\inbox\archive\Vehicles\Cars\Car (777).jpg,label,2,1,class_02_passenger_car,c:\Users\amrem\Documents\Engineering Year 4\Machine Learning\Project\Vehicle-Classification\data\raw\class_02_passenger_car\Car (777).jpg
20251231_210351,2025-12-31T21:54:54,c:\Users\amrem\Documents\Engineering Year 4\Machine Learning\Project\Vehicle-Classification\data\inbox\archive\Vehicles\Cars\Car (778).jpg,label,5,4,class_05_two_axle_six_tire_single_unit,c:\Users\amrem\Documents\Engineering Year 4\Machine Learning\Project\Vehicle-Classification\data\raw\class_05_two_axle_six_tire_single_unit\Car (778).jpg
20251231_210351,2025-12-31T21:54:56,c:\Users\amrem\Documents\Engineering Year 4\Machine Learning\Project\Vehicle-Classification\data\inbox\archive\Vehicles\Cars\Car (779).jpg,label,2,1,class_02_passenger_car,c:\Users\amrem\Documents\Engineering Year 4\Machine Learning\Project\Vehicle-Classification\data\raw\class_02_passenger_car\Car (779).jpg
20251231_210351,2025-12-31T21:54:57,c:\Users\amrem\Documents\Engineering Year 4\Machine Learning\Project\Vehicle-Classification\data\inbox\archive\Vehicles\Cars\Car (78).jpg,reject,,,reject,c:\Users\amrem\Documents\Engineering Year 4\Machine Learning\Project\Vehicle-Classification\data\raw\reject\Car (78).jpg
20251231_210351,2025-12-31T21:54:58,c:\Users\amrem\Documents\Engineering Year 4\Machine Learning\Project\Vehicle-Classification\data\inbox\archive\Vehicles\Cars\Car (780).jpg,reject,,,reject,c:\Users\amrem\Documents\Engineering Year 4\Machine Learning\Project\Vehicle-Classification\data\raw\reject\Car (780).jpg
20251231_210351,2025-12-31T21:54:59,c:\Users\amrem\Documents\Engineering Year 4\Machine Learning\Project\Vehicle-Classification\data\inbox\archive\Vehicles\Cars\Car (781).jpg,label,2,1,class_02_passenger_car,c:\Users\amrem\Documents\Engineering Year 4\Machine Learning\Project\Vehicle-Classification\data\raw\class_02_passenger_car\Car (781).jpg
20251231_210351,2025-12-31T21:55:00,c:\Users\amrem\Documents\Engineering Year 4\Machine Learning\Project\Vehicle-Classification\data\inbox\archive\Vehicles\Cars\Car (782).jpg,reject,,,reject,c:\Users\amrem\Documents\Engineering Year 4\Machine Learning\Project\Vehicle-Classification\data\raw\reject\Car (782).jpg
20251231_210351,2025-12-31T21:55:01,c:\Users\amrem\Documents\Engineering Year 4\Machine Learning\Project\Vehicle-Classification\data\inbox\archive\Vehicles\Cars\Car (783).jpg,reject,,,reject,c:\Users\amrem\Documents\Engineering Year 4\Machine Learning\Project\Vehicle-Classification\data\raw\reject\Car (783).jpg
20251231_210351,2025-12-31T21:55:05,c:\Users\amrem\Documents\Engineering Year 4\Machine Learning\Project\Vehicle-Classification\data\inbox\archive\Vehicles\Cars\Car (784).jpg,label,3,2,class_03_four_tire_single_unit,c:\Users\amrem\Documents\Engineering Year 4\Machine Learning\Project\Vehicle-Classification\data\raw\class_03_four_tire_single_unit\Car (784).jpg
20251231_210351,2025-12-31T21:55:06,c:\Users\amrem\Documents\Engineering Year 4\Machine Learning\Project\Vehicle-Classification\data\inbox\archive\Vehicles\Cars\Car (785).jpg,label,2,1,class_02_passenger_car,c:\Users\amrem\Documents\Engineering Year 4\Machine Learning\Project\Vehicle-Classification\data\raw\class_02_passenger_car\Car (785).jpg
20251231_210351,2025-12-31T21:55:07,c:\Users\amrem\Documents\Engineering Year 4\Machine Learning\Project\Vehicle-Classification\data\inbox\archive\Vehicles\Cars\Car (786).jpg,label,2,1,class_02_passenger_car,c:\Users\amrem\Documents\Engineering Year 4\Machine Learning\Project\Vehicle-Classification\data\raw\class_02_passenger_car\Car (786).jpg
20251231_210351,2025-12-31T21:55:08,c:\Users\amrem\Documents\Engineering Year 4\Machine Learning\Project\Vehicle-Classification\data\inbox\archive\Vehicles\Cars\Car (787).jpg,label,3,2,class_03_four_tire_single_unit,c:\Users\amrem\Documents\Engineering Year 4\Machine Learning\Project\Vehicle-Classification\data\raw\class_03_four_tire_single_unit\Car (787).jpg
20251231_210351,2025-12-31T21:55:12,c:\Users\amrem\Documents\Engineering Year 4\Machine Learning\Project\Vehicle-Classification\data\inbox\archive\Vehicles\Cars\Car (788).jpg,label,6,5,class_06_three_axle_single_unit,c:\Users\amrem\Documents\Engineering Year 4\Machine Learning\Project\Vehicle-Classification\data\raw\class_06_three_axle_single_unit\Car (788).jpg
20251231_210351,2025-12-31T21:55:14,c:\Users\amrem\Documents\Engineering Year 4\Machine Learning\Project\Vehicle-Classification\data\inbox\archive\Vehicles\Cars\Car (789).jpg,label,2,1,class_02_passenger_car,c:\Users\amrem\Documents\Engineering Year 4\Machine Learning\Project\Vehicle-Classification\data\raw\class_02_passenger_car\Car (789).jpg
20251231_210351,2025-12-31T21:55:15,c:\Users\amrem\Documents\Engineering Year 4\Machine Learning\Project\Vehicle-Classification\data\inbox\archive\Vehicles\Cars\Car (79).jpg,label,2,1,class_02_passenger_car,c:\Users\amrem\Documents\Engineering Year 4\Machine Learning\Project\Vehicle-Classification\data\raw\class_02_passenger_car\Car (79).jpg
20251231_210351,2025-12-31T21:55:17,c:\Users\amrem\Documents\Engineering Year 4\Machine Learning\Project\Vehicle-Classification\data\inbox\archive\Vehicles\Cars\Car (790).jpg,reject,,,reject,c:\Users\amrem\Documents\Engineering Year 4\Machine Learning\Project\Vehicle-Classification\data\raw\reject\Car (790).jpg
20251231_210351,2025-12-31T21:55:18,c:\Users\amrem\Documents\Engineering Year 4\Machine Learning\Project\Vehicle-Classification\data\inbox\archive\Vehicles\Cars\Car (791).jpg,label,3,2,class_03_four_tire_single_unit,c:\Users\amrem\Documents\Engineering Year 4\Machine Learning\Project\Vehicle-Classification\data\raw\class_03_four_tire_single_unit\Car (791).jpg
20251231_210351,2025-12-31T21:55:19,c:\Users\amrem\Documents\Engineering Year 4\Machine Learning\Project\Vehicle-Classification\data\inbox\archive\Vehicles\Cars\Car (792).jpg,label,2,1,class_02_passenger_car,c:\Users\amrem\Documents\Engineering Year 4\Machine Learning\Project\Vehicle-Classification\data\raw\class_02_passenger_car\Car (792).jpg
20251231_210351,2025-12-31T21:55:23,c:\Users\amrem\Documents\Engineering Year 4\Machine Learning\Project\Vehicle-Classification\data\inbox\archive\Vehicles\Cars\Car (793).jpg,label,2,1,class_02_passenger_car,c:\Users\amrem\Documents\Engineering Year 4\Machine Learning\Project\Vehicle-Classification\data\raw\class_02_passenger_car\Car (793).jpg
20251231_210351,2025-12-31T21:55:24,c:\Users\amrem\Documents\Engineering Year 4\Machine Learning\Project\Vehicle-Classification\data\inbox\archive\Vehicles\Cars\Car (794).jpg,reject,,,reject,c:\Users\amrem\Documents\Engineering Year 4\Machine Learning\Project\Vehicle-Classification\data\raw\reject\Car (794).jpg
20251231_210351,2025-12-31T21:55:25,c:\Users\amrem\Documents\Engineering Year 4\Machine Learning\Project\Vehicle-Classification\data\inbox\archive\Vehicles\Cars\Car (795).jpg,reject,,,reject,c:\Users\amrem\Documents\Engineering Year 4\Machine Learning\Project\Vehicle-Classification\data\raw\reject\Car (795).jpg
20251231_210351,2025-12-31T21:55:26,c:\Users\amrem\Documents\Engineering Year 4\Machine Learning\Project\Vehicle-Classification\data\inbox\archive\Vehicles\Cars\Car (796).jpg,label,2,1,class_02_passenger_car,c:\Users\amrem\Documents\Engineering Year 4\Machine Learning\Project\Vehicle-Classification\data\raw\class_02_passenger_car\Car (796).jpg
20251231_210351,2025-12-31T21:55:27,c:\Users\amrem\Documents\Engineering Year 4\Machine Learning\Project\Vehicle-Classification\data\inbox\archive\Vehicles\Cars\Car (797).jpg,reject,,,reject,c:\Users\amrem\Documents\Engineering Year 4\Machine Learning\Project\Vehicle-Classification\data\raw\reject\Car (797).jpg
20251231_210351,2025-12-31T21:55:28,c:\Users\amrem\Documents\Engineering Year 4\Machine Learning\Project\Vehicle-Classification\data\inbox\archive\Vehicles\Cars\Car (798).jpg,reject,,,reject,c:\Users\amrem\Documents\Engineering Year 4\Machine Learning\Project\Vehicle-Classification\data\raw\reject\Car (798).jpg
20251231_210351,2025-12-31T21:55:29,c:\Users\amrem\Documents\Engineering Year 4\Machine Learning\Project\Vehicle-Classification\data\inbox\archive\Vehicles\Cars\Car (799).jpg,label,2,1,class_02_passenger_car,c:\Users\amrem\Documents\Engineering Year 4\Machine Learning\Project\Vehicle-Classification\data\raw\class_02_passenger_car\Car (799).jpg
20251231_210351,2025-12-31T21:55:30,c:\Users\amrem\Documents\Engineering Year 4\Machine Learning\Project\Vehicle-Classification\data\inbox\archive\Vehicles\Cars\Car (8).jpg,reject,,,reject,c:\Users\amrem\Documents\Engineering Year 4\Machine Learning\Project\Vehicle-Classification\data\raw\reject\Car (8).jpg
20251231_210351,2025-12-31T21:55:31,c:\Users\amrem\Documents\Engineering Year 4\Machine Learning\Project\Vehicle-Classification\data\inbox\archive\Vehicles\Cars\Car (80).jpg,label,2,1,class_02_passenger_car,c:\Users\amrem\Documents\Engineering Year 4\Machine Learning\Project\Vehicle-Classification\data\raw\class_02_passenger_car\Car (80).jpg
20251231_210351,2025-12-31T21:55:32,c:\Users\amrem\Documents\Engineering Year 4\Machine Learning\Project\Vehicle-Classification\data\inbox\archive\Vehicles\Cars\Car (800).jpg,label,2,1,class_02_passenger_car,c:\Users\amrem\Documents\Engineering Year 4\Machine Learning\Project\Vehicle-Classification\data\raw\class_02_passenger_car\Car (800).jpg
20251231_210351,2025-12-31T21:55:33,c:\Users\amrem\Documents\Engineering Year 4\Machine Learning\Project\Vehicle-Classification\data\inbox\archive\Vehicles\Cars\Car (81).jpg,reject,,,reject,c:\Users\amrem\Documents\Engineering Year 4\Machine Learning\Project\Vehicle-Classification\data\raw\reject\Car (81).jpg
20251231_210351,2025-12-31T21:55:34,c:\Users\amrem\Documents\Engineering Year 4\Machine Learning\Project\Vehicle-Classification\data\inbox\archive\Vehicles\Cars\Car (82).jpg,label,2,1,class_02_passenger_car,c:\Users\amrem\Documents\Engineering Year 4\Machine Learning\Project\Vehicle-Classification\data\raw\class_02_passenger_car\Car (82).jpg
20251231_210351,2025-12-31T21:55:35,c:\Users\amrem\Documents\Engineering Year 4\Machine Learning\Project\Vehicle-Classification\data\inbox\archive\Vehicles\Cars\Car (83).jpg,reject,,,reject,c:\Users\amrem\Documents\Engineering Year 4\Machine Learning\Project\Vehicle-Classification\data\raw\reject\Car (83).jpg
20251231_210351,2025-12-31T21:55:37,c:\Users\amrem\Documents\Engineering Year 4\Machine Learning\Project\Vehicle-Classification\data\inbox\archive\Vehicles\Cars\Car (84).jpg,reject,,,reject,c:\Users\amrem\Documents\Engineering Year 4\Machine Learning\Project\Vehicle-Classification\data\raw\reject\Car (84).jpg
20251231_210351,2025-12-31T21:55:38,c:\Users\amrem\Documents\Engineering Year 4\Machine Learning\Project\Vehicle-Classification\data\inbox\archive\Vehicles\Cars\Car (85).jpg,reject,,,reject,c:\Users\amrem\Documents\Engineering Year 4\Machine Learning\Project\Vehicle-Classification\data\raw\reject\Car (85).jpg
20251231_210351,2025-12-31T21:55:40,c:\Users\amrem\Documents\Engineering Year 4\Machine Learning\Project\Vehicle-Classification\data\inbox\archive\Vehicles\Cars\Car (86).jpg,label,2,1,class_02_passenger_car,c:\Users\amrem\Documents\Engineering Year 4\Machine Learning\Project\Vehicle-Classification\data\raw\class_02_passenger_car\Car (86).jpg
20251231_210351,2025-12-31T21:55:41,c:\Users\amrem\Documents\Engineering Year 4\Machine Learning\Project\Vehicle-Classification\data\inbox\archive\Vehicles\Cars\Car (87).jpg,reject,,,reject,c:\Users\amrem\Documents\Engineering Year 4\Machine Learning\Project\Vehicle-Classification\data\raw\reject\Car (87).jpg
20251231_210351,2025-12-31T21:55:41,c:\Users\amrem\Documents\Engineering Year 4\Machine Learning\Project\Vehicle-Classification\data\inbox\archive\Vehicles\Cars\Car (88).jpg,reject,,,reject,c:\Users\amrem\Documents\Engineering Year 4\Machine Learning\Project\Vehicle-Classification\data\raw\reject\Car (88).jpg
20251231_210351,2025-12-31T21:55:42,c:\Users\amrem\Documents\Engineering Year 4\Machine Learning\Project\Vehicle-Classification\data\inbox\archive\Vehicles\Cars\Car (89).jpg,reject,,,reject,c:\Users\amrem\Documents\Engineering Year 4\Machine Learning\Project\Vehicle-Classification\data\raw\reject\Car (89).jpg
20251231_210351,2025-12-31T21:55:43,c:\Users\amrem\Documents\Engineering Year 4\Machine Learning\Project\Vehicle-Classification\data\inbox\archive\Vehicles\Cars\Car (9).jpg,label,2,1,class_02_passenger_car,c:\Users\amrem\Documents\Engineering Year 4\Machine Learning\Project\Vehicle-Classification\data\raw\class_02_passenger_car\Car (9).jpg
20251231_210351,2025-12-31T21:55:44,c:\Users\amrem\Documents\Engineering Year 4\Machine Learning\Project\Vehicle-Classification\data\inbox\archive\Vehicles\Cars\Car (90).jpg,label,2,1,class_02_passenger_car,c:\Users\amrem\Documents\Engineering Year 4\Machine Learning\Project\Vehicle-Classification\data\raw\class_02_passenger_car\Car (90).jpg
20251231_210351,2025-12-31T21:55:45,c:\Users\amrem\Documents\Engineering Year 4\Machine Learning\Project\Vehicle-Classification\data\inbox\archive\Vehicles\Cars\Car (91).jpg,reject,,,reject,c:\Users\amrem\Documents\Engineering Year 4\Machine Learning\Project\Vehicle-Classification\data\raw\reject\Car (91).jpg
20251231_210351,2025-12-31T21:55:46,c:\Users\amrem\Documents\Engineering Year 4\Machine Learning\Project\Vehicle-Classification\data\inbox\archive\Vehicles\Cars\Car (92).jpg,label,2,1,class_02_passenger_car,c:\Users\amrem\Documents\Engineering Year 4\Machine Learning\Project\Vehicle-Classification\data\raw\class_02_passenger_car\Car (92).jpg
20251231_210351,2025-12-31T21:55:47,c:\Users\amrem\Documents\Engineering Year 4\Machine Learning\Project\Vehicle-Classification\data\inbox\archive\Vehicles\Cars\Car (93).jpg,reject,,,reject,c:\Users\amrem\Documents\Engineering Year 4\Machine Learning\Project\Vehicle-Classification\data\raw\reject\Car (93).jpg
20251231_210351,2025-12-31T21:55:48,c:\Users\amrem\Documents\Engineering Year 4\Machine Learning\Project\Vehicle-Classification\data\inbox\archive\Vehicles\Cars\Car (94).jpg,reject,,,reject,c:\Users\amrem\Documents\Engineering Year 4\Machine Learning\Project\Vehicle-Classification\data\raw\reject\Car (94).jpg
20251231_210351,2025-12-31T21:55:50,c:\Users\amrem\Documents\Engineering Year 4\Machine Learning\Project\Vehicle-Classification\data\inbox\archive\Vehicles\Cars\Car (95).jpg,reject,,,reject,c:\Users\amrem\Documents\Engineering Year 4\Machine Learning\Project\Vehicle-Classification\data\raw\reject\Car (95).jpg
20251231_210351,2025-12-31T21:55:51,c:\Users\amrem\Documents\Engineering Year 4\Machine Learning\Project\Vehicle-Classification\data\inbox\archive\Vehicles\Cars\Car (96).jpg,label,2,1,class_02_passenger_car,c:\Users\amrem\Documents\Engineering Year 4\Machine Learning\Project\Vehicle-Classification\data\raw\class_02_passenger_car\Car (96).jpg
20251231_210351,2025-12-31T21:55:52,c:\Users\amrem\Documents\Engineering Year 4\Machine Learning\Project\Vehicle-Classification\data\inbox\archive\Vehicles\Cars\Car (97).jpg,reject,,,reject,c:\Users\amrem\Documents\Engineering Year 4\Machine Learning\Project\Vehicle-Classification\data\raw\reject\Car (97).jpg
20251231_210351,2025-12-31T21:55:54,c:\Users\amrem\Documents\Engineering Year 4\Machine Learning\Project\Vehicle-Classification\data\inbox\archive\Vehicles\Cars\Car (98).jpg,reject,,,reject,c:\Users\amrem\Documents\Engineering Year 4\Machine Learning\Project\Vehicle-Classification\data\raw\reject\Car (98).jpg
20251231_210351,2025-12-31T21:55:55,c:\Users\amrem\Documents\Engineering Year 4\Machine Learning\Project\Vehicle-Classification\data\inbox\archive\Vehicles\Cars\Car (99).jpg,reject,,,reject,c:\Users\amrem\Documents\Engineering Year 4\Machine Learning\Project\Vehicle-Classification\data\raw\reject\Car (99).jpg
20251231_210351,2025-12-31T21:55:59,c:\Users\amrem\Documents\Engineering Year 4\Machine Learning\Project\Vehicle-Classification\data\inbox\archive\Vehicles\Motorcycles\Motorcycle (1).jpg,label,1,0,class_01_motorcycle,c:\Users\amrem\Documents\Engineering Year 4\Machine Learning\Project\Vehicle-Classification\data\raw\class_01_motorcycle\Motorcycle (1).jpg
20251231_210351,2025-12-31T21:56:00,c:\Users\amrem\Documents\Engineering Year 4\Machine Learning\Project\Vehicle-Classification\data\inbox\archive\Vehicles\Motorcycles\Motorcycle (10).jpg,label,1,0,class_01_motorcycle,c:\Users\amrem\Documents\Engineering Year 4\Machine Learning\Project\Vehicle-Classification\data\raw\class_01_motorcycle\Motorcycle (10).jpg
20251231_210351,2025-12-31T21:56:01,c:\Users\amrem\Documents\Engineering Year 4\Machine Learning\Project\Vehicle-Classification\data\inbox\archive\Vehicles\Motorcycles\Motorcycle (100).jpg,label,1,0,class_01_motorcycle,c:\Users\amrem\Documents\Engineering Year 4\Machine Learning\Project\Vehicle-Classification\data\raw\class_01_motorcycle\Motorcycle (100).jpg
20251231_210351,2025-12-31T21:56:02,c:\Users\amrem\Documents\Engineering Year 4\Machine Learning\Project\Vehicle-Classification\data\inbox\archive\Vehicles\Motorcycles\Motorcycle (101).jpg,label,1,0,class_01_motorcycle,c:\Users\amrem\Documents\Engineering Year 4\Machine Learning\Project\Vehicle-Classification\data\raw\class_01_motorcycle\Motorcycle (101).jpg
20251231_210351,2025-12-31T21:56:03,c:\Users\amrem\Documents\Engineering Year 4\Machine Learning\Project\Vehicle-Classification\data\inbox\archive\Vehicles\Motorcycles\Motorcycle (102).jpg,label,1,0,class_01_motorcycle,c:\Users\amrem\Documents\Engineering Year 4\Machine Learning\Project\Vehicle-Classification\data\raw\class_01_motorcycle\Motorcycle (102).jpg
20251231_210351,2025-12-31T21:56:03,c:\Users\amrem\Documents\Engineering Year 4\Machine Learning\Project\Vehicle-Classification\data\inbox\archive\Vehicles\Motorcycles\Motorcycle (103).jpg,label,1,0,class_01_motorcycle,c:\Users\amrem\Documents\Engineering Year 4\Machine Learning\Project\Vehicle-Classification\data\raw\class_01_motorcycle\Motorcycle (103).jpg
20251231_210351,2025-12-31T21:56:05,c:\Users\amrem\Documents\Engineering Year 4\Machine Learning\Project\Vehicle-Classification\data\inbox\archive\Vehicles\Motorcycles\Motorcycle (104).jpg,label,1,0,class_01_motorcycle,c:\Users\amrem\Documents\Engineering Year 4\Machine Learning\Project\Vehicle-Classification\data\raw\class_01_motorcycle\Motorcycle (104).jpg
20251231_210351,2025-12-31T21:56:06,c:\Users\amrem\Documents\Engineering Year 4\Machine Learning\Project\Vehicle-Classification\data\inbox\archive\Vehicles\Motorcycles\Motorcycle (105).jpg,label,1,0,class_01_motorcycle,c:\Users\amrem\Documents\Engineering Year 4\Machine Learning\Project\Vehicle-Classification\data\raw\class_01_motorcycle\Motorcycle (105).jpg
20251231_210351,2025-12-31T21:56:06,c:\Users\amrem\Documents\Engineering Year 4\Machine Learning\Project\Vehicle-Classification\data\inbox\archive\Vehicles\Motorcycles\Motorcycle (106).jpg,label,1,0,class_01_motorcycle,c:\Users\amrem\Documents\Engineering Year 4\Machine Learning\Project\Vehicle-Classification\data\raw\class_01_motorcycle\Motorcycle (106).jpg
20251231_210351,2025-12-31T21:56:07,c:\Users\amrem\Documents\Engineering Year 4\Machine Learning\Project\Vehicle-Classification\data\inbox\archive\Vehicles\Motorcycles\Motorcycle (107).jpg,label,1,0,class_01_motorcycle,c:\Users\amrem\Documents\Engineering Year 4\Machine Learning\Project\Vehicle-Classification\data\raw\class_01_motorcycle\Motorcycle (107).jpg
20251231_210351,2025-12-31T21:56:07,c:\Users\amrem\Documents\Engineering Year 4\Machine Learning\Project\Vehicle-Classification\data\inbox\archive\Vehicles\Motorcycles\Motorcycle (108).jpg,label,1,0,class_01_motorcycle,c:\Users\amrem\Documents\Engineering Year 4\Machine Learning\Project\Vehicle-Classification\data\raw\class_01_motorcycle\Motorcycle (108).jpg
20251231_210351,2025-12-31T21:56:08,c:\Users\amrem\Documents\Engineering Year 4\Machine Learning\Project\Vehicle-Classification\data\inbox\archive\Vehicles\Motorcycles\Motorcycle (109).jpg,label,1,0,class_01_motorcycle,c:\Users\amrem\Documents\Engineering Year 4\Machine Learning\Project\Vehicle-Classification\data\raw\class_01_motorcycle\Motorcycle (109).jpg
20251231_210351,2025-12-31T21:56:09,c:\Users\amrem\Documents\Engineering Year 4\Machine Learning\Project\Vehicle-Classification\data\inbox\archive\Vehicles\Motorcycles\Motorcycle (11).jpg,label,1,0,class_01_motorcycle,c:\Users\amrem\Documents\Engineering Year 4\Machine Learning\Project\Vehicle-Classification\data\raw\class_01_motorcycle\Motorcycle (11).jpg
20251231_210351,2025-12-31T21:56:11,c:\Users\amrem\Documents\Engineering Year 4\Machine Learning\Project\Vehicle-Classification\data\inbox\archive\Vehicles\Motorcycles\Motorcycle (110).jpg,label,1,0,class_01_motorcycle,c:\Users\amrem\Documents\Engineering Year 4\Machine Learning\Project\Vehicle-Classification\data\raw\class_01_motorcycle\Motorcycle (110).jpg
20251231_210351,2025-12-31T21:56:11,c:\Users\amrem\Documents\Engineering Year 4\Machine Learning\Project\Vehicle-Classification\data\inbox\archive\Vehicles\Motorcycles\Motorcycle (111).jpg,label,1,0,class_01_motorcycle,c:\Users\amrem\Documents\Engineering Year 4\Machine Learning\Project\Vehicle-Classification\data\raw\class_01_motorcycle\Motorcycle (111).jpg
20251231_210351,2025-12-31T21:56:12,c:\Users\amrem\Documents\Engineering Year 4\Machine Learning\Project\Vehicle-Classification\data\inbox\archive\Vehicles\Motorcycles\Motorcycle (112).jpg,label,1,0,class_01_motorcycle,c:\Users\amrem\Documents\Engineering Year 4\Machine Learning\Project\Vehicle-Classification\data\raw\class_01_motorcycle\Motorcycle (112).jpg
20251231_210351,2025-12-31T21:56:13,c:\Users\amrem\Documents\Engineering Year 4\Machine Learning\Project\Vehicle-Classification\data\inbox\archive\Vehicles\Motorcycles\Motorcycle (113).jpg,label,1,0,class_01_motorcycle,c:\Users\amrem\Documents\Engineering Year 4\Machine Learning\Project\Vehicle-Classification\data\raw\class_01_motorcycle\Motorcycle (113).jpg
20251231_210351,2025-12-31T21:56:13,c:\Users\amrem\Documents\Engineering Year 4\Machine Learning\Project\Vehicle-Classification\data\inbox\archive\Vehicles\Motorcycles\Motorcycle (114).jpg,label,1,0,class_01_motorcycle,c:\Users\amrem\Documents\Engineering Year 4\Machine Learning\Project\Vehicle-Classification\data\raw\class_01_motorcycle\Motorcycle (114).jpg
20251231_210351,2025-12-31T21:56:14,c:\Users\amrem\Documents\Engineering Year 4\Machine Learning\Project\Vehicle-Classification\data\inbox\archive\Vehicles\Motorcycles\Motorcycle (115).jpg,label,1,0,class_01_motorcycle,c:\Users\amrem\Documents\Engineering Year 4\Machine Learning\Project\Vehicle-Classification\data\raw\class_01_motorcycle\Motorcycle (115).jpg
20251231_210351,2025-12-31T21:56:15,c:\Users\amrem\Documents\Engineering Year 4\Machine Learning\Project\Vehicle-Classification\data\inbox\archive\Vehicles\Motorcycles\Motorcycle (116).jpg,label,1,0,class_01_motorcycle,c:\Users\amrem\Documents\Engineering Year 4\Machine Learning\Project\Vehicle-Classification\data\raw\class_01_motorcycle\Motorcycle (116).jpg
20251231_210351,2025-12-31T21:56:16,c:\Users\amrem\Documents\Engineering Year 4\Machine Learning\Project\Vehicle-Classification\data\inbox\archive\Vehicles\Motorcycles\Motorcycle (117).jpg,label,1,0,class_01_motorcycle,c:\Users\amrem\Documents\Engineering Year 4\Machine Learning\Project\Vehicle-Classification\data\raw\class_01_motorcycle\Motorcycle (117).jpg
20251231_210351,2025-12-31T21:56:20,c:\Users\amrem\Documents\Engineering Year 4\Machine Learning\Project\Vehicle-Classification\data\inbox\archive\Vehicles\Motorcycles\Motorcycle (118).jpg,reject,,,reject,c:\Users\amrem\Documents\Engineering Year 4\Machine Learning\Project\Vehicle-Classification\data\raw\reject\Motorcycle (118).jpg
20251231_210351,2025-12-31T21:56:22,c:\Users\amrem\Documents\Engineering Year 4\Machine Learning\Project\Vehicle-Classification\data\inbox\archive\Vehicles\Motorcycles\Motorcycle (119).jpg,reject,,,reject,c:\Users\amrem\Documents\Engineering Year 4\Machine Learning\Project\Vehicle-Classification\data\raw\reject\Motorcycle (119).jpg
20251231_210351,2025-12-31T21:56:24,c:\Users\amrem\Documents\Engineering Year 4\Machine Learning\Project\Vehicle-Classification\data\inbox\archive\Vehicles\Motorcycles\Motorcycle (12).jpg,reject,,,reject,c:\Users\amrem\Documents\Engineering Year 4\Machine Learning\Project\Vehicle-Classification\data\raw\reject\Motorcycle (12).jpg
20251231_210351,2025-12-31T21:56:25,c:\Users\amrem\Documents\Engineering Year 4\Machine Learning\Project\Vehicle-Classification\data\inbox\archive\Vehicles\Motorcycles\Motorcycle (120).jpg,label,1,0,class_01_motorcycle,c:\Users\amrem\Documents\Engineering Year 4\Machine Learning\Project\Vehicle-Classification\data\raw\class_01_motorcycle\Motorcycle (120).jpg
20251231_210351,2025-12-31T21:56:27,c:\Users\amrem\Documents\Engineering Year 4\Machine Learning\Project\Vehicle-Classification\data\inbox\archive\Vehicles\Motorcycles\Motorcycle (121).jpg,reject,,,reject,c:\Users\amrem\Documents\Engineering Year 4\Machine Learning\Project\Vehicle-Classification\data\raw\reject\Motorcycle (121).jpg
20251231_210351,2025-12-31T21:56:28,c:\Users\amrem\Documents\Engineering Year 4\Machine Learning\Project\Vehicle-Classification\data\inbox\archive\Vehicles\Motorcycles\Motorcycle (122).jpg,reject,,,reject,c:\Users\amrem\Documents\Engineering Year 4\Machine Learning\Project\Vehicle-Classification\data\raw\reject\Motorcycle (122).jpg
20251231_210351,2025-12-31T21:56:29,c:\Users\amrem\Documents\Engineering Year 4\Machine Learning\Project\Vehicle-Classification\data\inbox\archive\Vehicles\Motorcycles\Motorcycle (123).jpg,label,1,0,class_01_motorcycle,c:\Users\amrem\Documents\Engineering Year 4\Machine Learning\Project\Vehicle-Classification\data\raw\class_01_motorcycle\Motorcycle (123).jpg
20251231_210351,2025-12-31T21:56:29,c:\Users\amrem\Documents\Engineering Year 4\Machine Learning\Project\Vehicle-Classification\data\inbox\archive\Vehicles\Motorcycles\Motorcycle (124).jpg,label,1,0,class_01_motorcycle,c:\Users\amrem\Documents\Engineering Year 4\Machine Learning\Project\Vehicle-Classification\data\raw\class_01_motorcycle\Motorcycle (124).jpg
20251231_210351,2025-12-31T21:56:30,c:\Users\amrem\Documents\Engineering Year 4\Machine Learning\Project\Vehicle-Classification\data\inbox\archive\Vehicles\Motorcycles\Motorcycle (125).jpg,label,1,0,class_01_motorcycle,c:\Users\amrem\Documents\Engineering Year 4\Machine Learning\Project\Vehicle-Classification\data\raw\class_01_motorcycle\Motorcycle (125).jpg
20251231_210351,2025-12-31T21:56:31,c:\Users\amrem\Documents\Engineering Year 4\Machine Learning\Project\Vehicle-Classification\data\inbox\archive\Vehicles\Motorcycles\Motorcycle (126).jpg,reject,,,reject,c:\Users\amrem\Documents\Engineering Year 4\Machine Learning\Project\Vehicle-Classification\data\raw\reject\Motorcycle (126).jpg
20251231_210351,2025-12-31T21:56:32,c:\Users\amrem\Documents\Engineering Year 4\Machine Learning\Project\Vehicle-Classification\data\inbox\archive\Vehicles\Motorcycles\Motorcycle (127).jpg,label,1,0,class_01_motorcycle,c:\Users\amrem\Documents\Engineering Year 4\Machine Learning\Project\Vehicle-Classification\data\raw\class_01_motorcycle\Motorcycle (127).jpg
20251231_210351,2025-12-31T21:56:33,c:\Users\amrem\Documents\Engineering Year 4\Machine Learning\Project\Vehicle-Classification\data\inbox\archive\Vehicles\Motorcycles\Motorcycle (128).jpg,label,1,0,class_01_motorcycle,c:\Users\amrem\Documents\Engineering Year 4\Machine Learning\Project\Vehicle-Classification\data\raw\class_01_motorcycle\Motorcycle (128).jpg
20251231_210351,2025-12-31T21:56:34,c:\Users\amrem\Documents\Engineering Year 4\Machine Learning\Project\Vehicle-Classification\data\inbox\archive\Vehicles\Motorcycles\Motorcycle (129).jpg,reject,,,reject,c:\Users\amrem\Documents\Engineering Year 4\Machine Learning\Project\Vehicle-Classification\data\raw\reject\Motorcycle (129).jpg
20251231_210351,2025-12-31T21:56:35,c:\Users\amrem\Documents\Engineering Year 4\Machine Learning\Project\Vehicle-Classification\data\inbox\archive\Vehicles\Motorcycles\Motorcycle (13).jpg,label,1,0,class_01_motorcycle,c:\Users\amrem\Documents\Engineering Year 4\Machine Learning\Project\Vehicle-Classification\data\raw\class_01_motorcycle\Motorcycle (13).jpg
20251231_210351,2025-12-31T21:56:36,c:\Users\amrem\Documents\Engineering Year 4\Machine Learning\Project\Vehicle-Classification\data\inbox\archive\Vehicles\Motorcycles\Motorcycle (130).jpg,label,1,0,class_01_motorcycle,c:\Users\amrem\Documents\Engineering Year 4\Machine Learning\Project\Vehicle-Classification\data\raw\class_01_motorcycle\Motorcycle (130).jpg
20251231_210351,2025-12-31T21:56:37,c:\Users\amrem\Documents\Engineering Year 4\Machine Learning\Project\Vehicle-Classification\data\inbox\archive\Vehicles\Motorcycles\Motorcycle (131).jpg,label,1,0,class_01_motorcycle,c:\Users\amrem\Documents\Engineering Year 4\Machine Learning\Project\Vehicle-Classification\data\raw\class_01_motorcycle\Motorcycle (131).jpg
20251231_210351,2025-12-31T21:56:38,c:\Users\amrem\Documents\Engineering Year 4\Machine Learning\Project\Vehicle-Classification\data\inbox\archive\Vehicles\Motorcycles\Motorcycle (132).jpg,label,1,0,class_01_motorcycle,c:\Users\amrem\Documents\Engineering Year 4\Machine Learning\Project\Vehicle-Classification\data\raw\class_01_motorcycle\Motorcycle (132).jpg
20251231_210351,2025-12-31T21:56:39,c:\Users\amrem\Documents\Engineering Year 4\Machine Learning\Project\Vehicle-Classification\data\inbox\archive\Vehicles\Motorcycles\Motorcycle (133).jpg,label,1,0,class_01_motorcycle,c:\Users\amrem\Documents\Engineering Year 4\Machine Learning\Project\Vehicle-Classification\data\raw\class_01_motorcycle\Motorcycle (133).jpg
20251231_210351,2025-12-31T21:56:40,c:\Users\amrem\Documents\Engineering Year 4\Machine Learning\Project\Vehicle-Classification\data\inbox\archive\Vehicles\Motorcycles\Motorcycle (134).jpg,label,1,0,class_01_motorcycle,c:\Users\amrem\Documents\Engineering Year 4\Machine Learning\Project\Vehicle-Classification\data\raw\class_01_motorcycle\Motorcycle (134).jpg
20251231_210351,2025-12-31T21:56:41,c:\Users\amrem\Documents\Engineering Year 4\Machine Learning\Project\Vehicle-Classification\data\inbox\archive\Vehicles\Motorcycles\Motorcycle (135).jpg,label,1,0,class_01_motorcycle,c:\Users\amrem\Documents\Engineering Year 4\Machine Learning\Project\Vehicle-Classification\data\raw\class_01_motorcycle\Motorcycle (135).jpg
20251231_210351,2025-12-31T21:56:42,c:\Users\amrem\Documents\Engineering Year 4\Machine Learning\Project\Vehicle-Classification\data\inbox\archive\Vehicles\Motorcycles\Motorcycle (136).jpg,label,1,0,class_01_motorcycle,c:\Users\amrem\Documents\Engineering Year 4\Machine Learning\Project\Vehicle-Classification\data\raw\class_01_motorcycle\Motorcycle (136).jpg
20251231_210351,2025-12-31T21:56:43,c:\Users\amrem\Documents\Engineering Year 4\Machine Learning\Project\Vehicle-Classification\data\inbox\archive\Vehicles\Motorcycles\Motorcycle (137).jpg,reject,,,reject,c:\Users\amrem\Documents\Engineering Year 4\Machine Learning\Project\Vehicle-Classification\data\raw\reject\Motorcycle (137).jpg
20251231_210351,2025-12-31T21:56:44,c:\Users\amrem\Documents\Engineering Year 4\Machine Learning\Project\Vehicle-Classification\data\inbox\archive\Vehicles\Motorcycles\Motorcycle (138).jpg,label,1,0,class_01_motorcycle,c:\Users\amrem\Documents\Engineering Year 4\Machine Learning\Project\Vehicle-Classification\data\raw\class_01_motorcycle\Motorcycle (138).jpg
20251231_210351,2025-12-31T21:56:46,c:\Users\amrem\Documents\Engineering Year 4\Machine Learning\Project\Vehicle-Classification\data\inbox\archive\Vehicles\Motorcycles\Motorcycle (139).jpg,reject,,,reject,c:\Users\amrem\Documents\Engineering Year 4\Machine Learning\Project\Vehicle-Classification\data\raw\reject\Motorcycle (139).jpg
20251231_210351,2025-12-31T21:56:47,c:\Users\amrem\Documents\Engineering Year 4\Machine Learning\Project\Vehicle-Classification\data\inbox\archive\Vehicles\Motorcycles\Motorcycle (14).jpg,label,1,0,class_01_motorcycle,c:\Users\amrem\Documents\Engineering Year 4\Machine Learning\Project\Vehicle-Classification\data\raw\class_01_motorcycle\Motorcycle (14).jpg
20251231_210351,2025-12-31T21:56:47,c:\Users\amrem\Documents\Engineering Year 4\Machine Learning\Project\Vehicle-Classification\data\inbox\archive\Vehicles\Motorcycles\Motorcycle (140).jpg,label,1,0,class_01_motorcycle,c:\Users\amrem\Documents\Engineering Year 4\Machine Learning\Project\Vehicle-Classification\data\raw\class_01_motorcycle\Motorcycle (140).jpg
20251231_210351,2025-12-31T21:56:48,c:\Users\amrem\Documents\Engineering Year 4\Machine Learning\Project\Vehicle-Classification\data\inbox\archive\Vehicles\Motorcycles\Motorcycle (141).jpg,label,1,0,class_01_motorcycle,c:\Users\amrem\Documents\Engineering Year 4\Machine Learning\Project\Vehicle-Classification\data\raw\class_01_motorcycle\Motorcycle (141).jpg
20251231_210351,2025-12-31T21:56:49,c:\Users\amrem\Documents\Engineering Year 4\Machine Learning\Project\Vehicle-Classification\data\inbox\archive\Vehicles\Motorcycles\Motorcycle (142).jpg,label,1,0,class_01_motorcycle,c:\Users\amrem\Documents\Engineering Year 4\Machine Learning\Project\Vehicle-Classification\data\raw\class_01_motorcycle\Motorcycle (142).jpg
20251231_210351,2025-12-31T21:56:50,c:\Users\amrem\Documents\Engineering Year 4\Machine Learning\Project\Vehicle-Classification\data\inbox\archive\Vehicles\Motorcycles\Motorcycle (143).jpg,label,1,0,class_01_motorcycle,c:\Users\amrem\Documents\Engineering Year 4\Machine Learning\Project\Vehicle-Classification\data\raw\class_01_motorcycle\Motorcycle (143).jpg
20251231_210351,2025-12-31T21:56:51,c:\Users\amrem\Documents\Engineering Year 4\Machine Learning\Project\Vehicle-Classification\data\inbox\archive\Vehicles\Motorcycles\Motorcycle (144).jpg,label,1,0,class_01_motorcycle,c:\Users\amrem\Documents\Engineering Year 4\Machine Learning\Project\Vehicle-Classification\data\raw\class_01_motorcycle\Motorcycle (144).jpg
20251231_210351,2025-12-31T21:56:52,c:\Users\amrem\Documents\Engineering Year 4\Machine Learning\Project\Vehicle-Classification\data\inbox\archive\Vehicles\Motorcycles\Motorcycle (145).jpg,label,1,0,class_01_motorcycle,c:\Users\amrem\Documents\Engineering Year 4\Machine Learning\Project\Vehicle-Classification\data\raw\class_01_motorcycle\Motorcycle (145).jpg
20251231_210351,2025-12-31T21:56:52,c:\Users\amrem\Documents\Engineering Year 4\Machine Learning\Project\Vehicle-Classification\data\inbox\archive\Vehicles\Motorcycles\Motorcycle (146).jpg,label,1,0,class_01_motorcycle,c:\Users\amrem\Documents\Engineering Year 4\Machine Learning\Project\Vehicle-Classification\data\raw\class_01_motorcycle\Motorcycle (146).jpg
20251231_210351,2025-12-31T21:56:56,c:\Users\amrem\Documents\Engineering Year 4\Machine Learning\Project\Vehicle-Classification\data\inbox\archive\Vehicles\Motorcycles\Motorcycle (147).jpg,reject,,,reject,c:\Users\amrem\Documents\Engineering Year 4\Machine Learning\Project\Vehicle-Classification\data\raw\reject\Motorcycle (147).jpg
20251231_210351,2025-12-31T21:56:58,c:\Users\amrem\Documents\Engineering Year 4\Machine Learning\Project\Vehicle-Classification\data\inbox\archive\Vehicles\Motorcycles\Motorcycle (148).jpg,label,1,0,class_01_motorcycle,c:\Users\amrem\Documents\Engineering Year 4\Machine Learning\Project\Vehicle-Classification\data\raw\class_01_motorcycle\Motorcycle (148).jpg
20251231_210351,2025-12-31T21:57:00,c:\Users\amrem\Documents\Engineering Year 4\Machine Learning\Project\Vehicle-Classification\data\inbox\archive\Vehicles\Motorcycles\Motorcycle (149).jpg,label,1,0,class_01_motorcycle,c:\Users\amrem\Documents\Engineering Year 4\Machine Learning\Project\Vehicle-Classification\data\raw\class_01_motorcycle\Motorcycle (149).jpg
20251231_210351,2025-12-31T21:57:01,c:\Users\amrem\Documents\Engineering Year 4\Machine Learning\Project\Vehicle-Classification\data\inbox\archive\Vehicles\Motorcycles\Motorcycle (15).jpg,label,1,0,class_01_motorcycle,c:\Users\amrem\Documents\Engineering Year 4\Machine Learning\Project\Vehicle-Classification\data\raw\class_01_motorcycle\Motorcycle (15).jpg
20251231_210351,2025-12-31T21:57:02,c:\Users\amrem\Documents\Engineering Year 4\Machine Learning\Project\Vehicle-Classification\data\inbox\archive\Vehicles\Motorcycles\Motorcycle (150).jpg,label,1,0,class_01_motorcycle,c:\Users\amrem\Documents\Engineering Year 4\Machine Learning\Project\Vehicle-Classification\data\raw\class_01_motorcycle\Motorcycle (150).jpg
20251231_210351,2025-12-31T21:57:05,c:\Users\amrem\Documents\Engineering Year 4\Machine Learning\Project\Vehicle-Classification\data\inbox\archive\Vehicles\Motorcycles\Motorcycle (151).jpg,reject,,,reject,c:\Users\amrem\Documents\Engineering Year 4\Machine Learning\Project\Vehicle-Classification\data\raw\reject\Motorcycle (151).jpg
20251231_210351,2025-12-31T21:57:07,c:\Users\amrem\Documents\Engineering Year 4\Machine Learning\Project\Vehicle-Classification\data\inbox\archive\Vehicles\Motorcycles\Motorcycle (152).jpg,label,1,0,class_01_motorcycle,c:\Users\amrem\Documents\Engineering Year 4\Machine Learning\Project\Vehicle-Classification\data\raw\class_01_motorcycle\Motorcycle (152).jpg
20251231_210351,2025-12-31T21:57:08,c:\Users\amrem\Documents\Engineering Year 4\Machine Learning\Project\Vehicle-Classification\data\inbox\archive\Vehicles\Motorcycles\Motorcycle (153).jpg,label,1,0,class_01_motorcycle,c:\Users\amrem\Documents\Engineering Year 4\Machine Learning\Project\Vehicle-Classification\data\raw\class_01_motorcycle\Motorcycle (153).jpg
20251231_210351,2025-12-31T21:57:09,c:\Users\amrem\Documents\Engineering Year 4\Machine Learning\Project\Vehicle-Classification\data\inbox\archive\Vehicles\Motorcycles\Motorcycle (154).jpg,label,1,0,class_01_motorcycle,c:\Users\amrem\Documents\Engineering Year 4\Machine Learning\Project\Vehicle-Classification\data\raw\class_01_motorcycle\Motorcycle (154).jpg
20251231_210351,2025-12-31T21:57:10,c:\Users\amrem\Documents\Engineering Year 4\Machine Learning\Project\Vehicle-Classification\data\inbox\archive\Vehicles\Motorcycles\Motorcycle (155).jpg,label,1,0,class_01_motorcycle,c:\Users\amrem\Documents\Engineering Year 4\Machine Learning\Project\Vehicle-Classification\data\raw\class_01_motorcycle\Motorcycle (155).jpg
20251231_210351,2025-12-31T21:57:12,c:\Users\amrem\Documents\Engineering Year 4\Machine Learning\Project\Vehicle-Classification\data\inbox\archive\Vehicles\Motorcycles\Motorcycle (156).jpg,label,1,0,class_01_motorcycle,c:\Users\amrem\Documents\Engineering Year 4\Machine Learning\Project\Vehicle-Classification\data\raw\class_01_motorcycle\Motorcycle (156).jpg
20251231_210351,2025-12-31T21:57:12,c:\Users\amrem\Documents\Engineering Year 4\Machine Learning\Project\Vehicle-Classification\data\inbox\archive\Vehicles\Motorcycles\Motorcycle (157).jpg,label,1,0,class_01_motorcycle,c:\Users\amrem\Documents\Engineering Year 4\Machine Learning\Project\Vehicle-Classification\data\raw\class_01_motorcycle\Motorcycle (157).jpg
20251231_210351,2025-12-31T21:57:13,c:\Users\amrem\Documents\Engineering Year 4\Machine Learning\Project\Vehicle-Classification\data\inbox\archive\Vehicles\Motorcycles\Motorcycle (158).jpg,label,1,0,class_01_motorcycle,c:\Users\amrem\Documents\Engineering Year 4\Machine Learning\Project\Vehicle-Classification\data\raw\class_01_motorcycle\Motorcycle (158).jpg
20251231_210351,2025-12-31T21:57:14,c:\Users\amrem\Documents\Engineering Year 4\Machine Learning\Project\Vehicle-Classification\data\inbox\archive\Vehicles\Motorcycles\Motorcycle (159).jpg,label,1,0,class_01_motorcycle,c:\Users\amrem\Documents\Engineering Year 4\Machine Learning\Project\Vehicle-Classification\data\raw\class_01_motorcycle\Motorcycle (159).jpg
20251231_210351,2025-12-31T21:57:15,c:\Users\amrem\Documents\Engineering Year 4\Machine Learning\Project\Vehicle-Classification\data\inbox\archive\Vehicles\Motorcycles\Motorcycle (16).jpg,label,1,0,class_01_motorcycle,c:\Users\amrem\Documents\Engineering Year 4\Machine Learning\Project\Vehicle-Classification\data\raw\class_01_motorcycle\Motorcycle (16).jpg
20251231_210351,2025-12-31T21:57:16,c:\Users\amrem\Documents\Engineering Year 4\Machine Learning\Project\Vehicle-Classification\data\inbox\archive\Vehicles\Motorcycles\Motorcycle (160).jpg,label,1,0,class_01_motorcycle,c:\Users\amrem\Documents\Engineering Year 4\Machine Learning\Project\Vehicle-Classification\data\raw\class_01_motorcycle\Motorcycle (160).jpg
20251231_210351,2025-12-31T21:57:17,c:\Users\amrem\Documents\Engineering Year 4\Machine Learning\Project\Vehicle-Classification\data\inbox\archive\Vehicles\Motorcycles\Motorcycle (161).jpg,label,1,0,class_01_motorcycle,c:\Users\amrem\Documents\Engineering Year 4\Machine Learning\Project\Vehicle-Classification\data\raw\class_01_motorcycle\Motorcycle (161).jpg
20251231_210351,2025-12-31T21:57:17,c:\Users\amrem\Documents\Engineering Year 4\Machine Learning\Project\Vehicle-Classification\data\inbox\archive\Vehicles\Motorcycles\Motorcycle (162).jpg,label,1,0,class_01_motorcycle,c:\Users\amrem\Documents\Engineering Year 4\Machine Learning\Project\Vehicle-Classification\data\raw\class_01_motorcycle\Motorcycle (162).jpg
20251231_210351,2025-12-31T21:57:18,c:\Users\amrem\Documents\Engineering Year 4\Machine Learning\Project\Vehicle-Classification\data\inbox\archive\Vehicles\Motorcycles\Motorcycle (163).jpg,label,1,0,class_01_motorcycle,c:\Users\amrem\Documents\Engineering Year 4\Machine Learning\Project\Vehicle-Classification\data\raw\class_01_motorcycle\Motorcycle (163).jpg
20251231_210351,2025-12-31T21:57:19,c:\Users\amrem\Documents\Engineering Year 4\Machine Learning\Project\Vehicle-Classification\data\inbox\archive\Vehicles\Motorcycles\Motorcycle (164).jpg,label,1,0,class_01_motorcycle,c:\Users\amrem\Documents\Engineering Year 4\Machine Learning\Project\Vehicle-Classification\data\raw\class_01_motorcycle\Motorcycle (164).jpg
20251231_210351,2025-12-31T21:57:20,c:\Users\amrem\Documents\Engineering Year 4\Machine Learning\Project\Vehicle-Classification\data\inbox\archive\Vehicles\Motorcycles\Motorcycle (165).jpg,label,1,0,class_01_motorcycle,c:\Users\amrem\Documents\Engineering Year 4\Machine Learning\Project\Vehicle-Classification\data\raw\class_01_motorcycle\Motorcycle (165).jpg
20251231_210351,2025-12-31T21:57:21,c:\Users\amrem\Documents\Engineering Year 4\Machine Learning\Project\Vehicle-Classification\data\inbox\archive\Vehicles\Motorcycles\Motorcycle (166).jpg,label,1,0,class_01_motorcycle,c:\Users\amrem\Documents\Engineering Year 4\Machine Learning\Project\Vehicle-Classification\data\raw\class_01_motorcycle\Motorcycle (166).jpg
20251231_210351,2025-12-31T21:57:21,c:\Users\amrem\Documents\Engineering Year 4\Machine Learning\Project\Vehicle-Classification\data\inbox\archive\Vehicles\Motorcycles\Motorcycle (167).jpg,label,1,0,class_01_motorcycle,c:\Users\amrem\Documents\Engineering Year 4\Machine Learning\Project\Vehicle-Classification\data\raw\class_01_motorcycle\Motorcycle (167).jpg
20251231_210351,2025-12-31T21:57:22,c:\Users\amrem\Documents\Engineering Year 4\Machine Learning\Project\Vehicle-Classification\data\inbox\archive\Vehicles\Motorcycles\Motorcycle (168).jpg,label,1,0,class_01_motorcycle,c:\Users\amrem\Documents\Engineering Year 4\Machine Learning\Project\Vehicle-Classification\data\raw\class_01_motorcycle\Motorcycle (168).jpg
20251231_210351,2025-12-31T21:57:23,c:\Users\amrem\Documents\Engineering Year 4\Machine Learning\Project\Vehicle-Classification\data\inbox\archive\Vehicles\Motorcycles\Motorcycle (169).jpg,label,1,0,class_01_motorcycle,c:\Users\amrem\Documents\Engineering Year 4\Machine Learning\Project\Vehicle-Classification\data\raw\class_01_motorcycle\Motorcycle (169).jpg
20251231_210351,2025-12-31T21:57:24,c:\Users\amrem\Documents\Engineering Year 4\Machine Learning\Project\Vehicle-Classification\data\inbox\archive\Vehicles\Motorcycles\Motorcycle (17).jpg,label,1,0,class_01_motorcycle,c:\Users\amrem\Documents\Engineering Year 4\Machine Learning\Project\Vehicle-Classification\data\raw\class_01_motorcycle\Motorcycle (17).jpg
20251231_210351,2025-12-31T21:57:25,c:\Users\amrem\Documents\Engineering Year 4\Machine Learning\Project\Vehicle-Classification\data\inbox\archive\Vehicles\Motorcycles\Motorcycle (170).jpg,label,1,0,class_01_motorcycle,c:\Users\amrem\Documents\Engineering Year 4\Machine Learning\Project\Vehicle-Classification\data\raw\class_01_motorcycle\Motorcycle (170).jpg
20251231_210351,2025-12-31T21:57:25,c:\Users\amrem\Documents\Engineering Year 4\Machine Learning\Project\Vehicle-Classification\data\inbox\archive\Vehicles\Motorcycles\Motorcycle (171).jpg,label,1,0,class_01_motorcycle,c:\Users\amrem\Documents\Engineering Year 4\Machine Learning\Project\Vehicle-Classification\data\raw\class_01_motorcycle\Motorcycle (171).jpg
20251231_210351,2025-12-31T21:57:26,c:\Users\amrem\Documents\Engineering Year 4\Machine Learning\Project\Vehicle-Classification\data\inbox\archive\Vehicles\Motorcycles\Motorcycle (172).jpg,label,1,0,class_01_motorcycle,c:\Users\amrem\Documents\Engineering Year 4\Machine Learning\Project\Vehicle-Classification\data\raw\class_01_motorcycle\Motorcycle (172).jpg
20251231_210351,2025-12-31T21:57:29,c:\Users\amrem\Documents\Engineering Year 4\Machine Learning\Project\Vehicle-Classification\data\inbox\archive\Vehicles\Motorcycles\Motorcycle (173).jpg,reject,,,reject,c:\Users\amrem\Documents\Engineering Year 4\Machine Learning\Project\Vehicle-Classification\data\raw\reject\Motorcycle (173).jpg
20251231_210351,2025-12-31T21:57:30,c:\Users\amrem\Documents\Engineering Year 4\Machine Learning\Project\Vehicle-Classification\data\inbox\archive\Vehicles\Motorcycles\Motorcycle (174).jpg,label,1,0,class_01_motorcycle,c:\Users\amrem\Documents\Engineering Year 4\Machine Learning\Project\Vehicle-Classification\data\raw\class_01_motorcycle\Motorcycle (174).jpg
20251231_210351,2025-12-31T21:57:31,c:\Users\amrem\Documents\Engineering Year 4\Machine Learning\Project\Vehicle-Classification\data\inbox\archive\Vehicles\Motorcycles\Motorcycle (175).jpg,label,1,0,class_01_motorcycle,c:\Users\amrem\Documents\Engineering Year 4\Machine Learning\Project\Vehicle-Classification\data\raw\class_01_motorcycle\Motorcycle (175).jpg
20251231_210351,2025-12-31T21:57:32,c:\Users\amrem\Documents\Engineering Year 4\Machine Learning\Project\Vehicle-Classification\data\inbox\archive\Vehicles\Motorcycles\Motorcycle (176).jpg,label,1,0,class_01_motorcycle,c:\Users\amrem\Documents\Engineering Year 4\Machine Learning\Project\Vehicle-Classification\data\raw\class_01_motorcycle\Motorcycle (176).jpg
20251231_210351,2025-12-31T21:57:32,c:\Users\amrem\Documents\Engineering Year 4\Machine Learning\Project\Vehicle-Classification\data\inbox\archive\Vehicles\Motorcycles\Motorcycle (177).jpg,label,1,0,class_01_motorcycle,c:\Users\amrem\Documents\Engineering Year 4\Machine Learning\Project\Vehicle-Classification\data\raw\class_01_motorcycle\Motorcycle (177).jpg
20251231_210351,2025-12-31T21:57:33,c:\Users\amrem\Documents\Engineering Year 4\Machine Learning\Project\Vehicle-Classification\data\inbox\archive\Vehicles\Motorcycles\Motorcycle (178).jpg,label,1,0,class_01_motorcycle,c:\Users\amrem\Documents\Engineering Year 4\Machine Learning\Project\Vehicle-Classification\data\raw\class_01_motorcycle\Motorcycle (178).jpg
20251231_210351,2025-12-31T21:57:34,c:\Users\amrem\Documents\Engineering Year 4\Machine Learning\Project\Vehicle-Classification\data\inbox\archive\Vehicles\Motorcycles\Motorcycle (179).jpg,label,1,0,class_01_motorcycle,c:\Users\amrem\Documents\Engineering Year 4\Machine Learning\Project\Vehicle-Classification\data\raw\class_01_motorcycle\Motorcycle (179).jpg
20251231_210351,2025-12-31T21:57:36,c:\Users\amrem\Documents\Engineering Year 4\Machine Learning\Project\Vehicle-Classification\data\inbox\archive\Vehicles\Motorcycles\Motorcycle (18).jpg,label,1,0,class_01_motorcycle,c:\Users\amrem\Documents\Engineering Year 4\Machine Learning\Project\Vehicle-Classification\data\raw\class_01_motorcycle\Motorcycle (18).jpg
20251231_210351,2025-12-31T21:57:36,c:\Users\amrem\Documents\Engineering Year 4\Machine Learning\Project\Vehicle-Classification\data\inbox\archive\Vehicles\Motorcycles\Motorcycle (180).jpg,label,1,0,class_01_motorcycle,c:\Users\amrem\Documents\Engineering Year 4\Machine Learning\Project\Vehicle-Classification\data\raw\class_01_motorcycle\Motorcycle (180).jpg
20251231_210351,2025-12-31T21:57:37,c:\Users\amrem\Documents\Engineering Year 4\Machine Learning\Project\Vehicle-Classification\data\inbox\archive\Vehicles\Motorcycles\Motorcycle (181).jpg,label,1,0,class_01_motorcycle,c:\Users\amrem\Documents\Engineering Year 4\Machine Learning\Project\Vehicle-Classification\data\raw\class_01_motorcycle\Motorcycle (181).jpg
20251231_210351,2025-12-31T21:57:38,c:\Users\amrem\Documents\Engineering Year 4\Machine Learning\Project\Vehicle-Classification\data\inbox\archive\Vehicles\Motorcycles\Motorcycle (182).jpg,label,1,0,class_01_motorcycle,c:\Users\amrem\Documents\Engineering Year 4\Machine Learning\Project\Vehicle-Classification\data\raw\class_01_motorcycle\Motorcycle (182).jpg
20251231_210351,2025-12-31T21:57:39,c:\Users\amrem\Documents\Engineering Year 4\Machine Learning\Project\Vehicle-Classification\data\inbox\archive\Vehicles\Motorcycles\Motorcycle (183).jpg,label,1,0,class_01_motorcycle,c:\Users\amrem\Documents\Engineering Year 4\Machine Learning\Project\Vehicle-Classification\data\raw\class_01_motorcycle\Motorcycle (183).jpg
20251231_210351,2025-12-31T21:57:40,c:\Users\amrem\Documents\Engineering Year 4\Machine Learning\Project\Vehicle-Classification\data\inbox\archive\Vehicles\Motorcycles\Motorcycle (184).jpg,reject,,,reject,c:\Users\amrem\Documents\Engineering Year 4\Machine Learning\Project\Vehicle-Classification\data\raw\reject\Motorcycle (184).jpg
20251231_210351,2025-12-31T21:57:41,c:\Users\amrem\Documents\Engineering Year 4\Machine Learning\Project\Vehicle-Classification\data\inbox\archive\Vehicles\Motorcycles\Motorcycle (185).jpg,label,1,0,class_01_motorcycle,c:\Users\amrem\Documents\Engineering Year 4\Machine Learning\Project\Vehicle-Classification\data\raw\class_01_motorcycle\Motorcycle (185).jpg
20251231_210351,2025-12-31T21:57:44,c:\Users\amrem\Documents\Engineering Year 4\Machine Learning\Project\Vehicle-Classification\data\inbox\archive\Vehicles\Motorcycles\Motorcycle (186).jpg,label,1,0,class_01_motorcycle,c:\Users\amrem\Documents\Engineering Year 4\Machine Learning\Project\Vehicle-Classification\data\raw\class_01_motorcycle\Motorcycle (186).jpg
20251231_210351,2025-12-31T21:57:44,c:\Users\amrem\Documents\Engineering Year 4\Machine Learning\Project\Vehicle-Classification\data\inbox\archive\Vehicles\Motorcycles\Motorcycle (187).jpg,label,1,0,class_01_motorcycle,c:\Users\amrem\Documents\Engineering Year 4\Machine Learning\Project\Vehicle-Classification\data\raw\class_01_motorcycle\Motorcycle (187).jpg
20251231_210351,2025-12-31T21:57:45,c:\Users\amrem\Documents\Engineering Year 4\Machine Learning\Project\Vehicle-Classification\data\inbox\archive\Vehicles\Motorcycles\Motorcycle (188).jpg,label,1,0,class_01_motorcycle,c:\Users\amrem\Documents\Engineering Year 4\Machine Learning\Project\Vehicle-Classification\data\raw\class_01_motorcycle\Motorcycle (188).jpg
20251231_210351,2025-12-31T21:57:46,c:\Users\amrem\Documents\Engineering Year 4\Machine Learning\Project\Vehicle-Classification\data\inbox\archive\Vehicles\Motorcycles\Motorcycle (189).jpg,label,1,0,class_01_motorcycle,c:\Users\amrem\Documents\Engineering Year 4\Machine Learning\Project\Vehicle-Classification\data\raw\class_01_motorcycle\Motorcycle (189).jpg
20251231_210351,2025-12-31T21:57:47,c:\Users\amrem\Documents\Engineering Year 4\Machine Learning\Project\Vehicle-Classification\data\inbox\archive\Vehicles\Motorcycles\Motorcycle (19).jpg,label,1,0,class_01_motorcycle,c:\Users\amrem\Documents\Engineering Year 4\Machine Learning\Project\Vehicle-Classification\data\raw\class_01_motorcycle\Motorcycle (19).jpg
20251231_210351,2025-12-31T21:57:48,c:\Users\amrem\Documents\Engineering Year 4\Machine Learning\Project\Vehicle-Classification\data\inbox\archive\Vehicles\Motorcycles\Motorcycle (190).jpg,label,1,0,class_01_motorcycle,c:\Users\amrem\Documents\Engineering Year 4\Machine Learning\Project\Vehicle-Classification\data\raw\class_01_motorcycle\Motorcycle (190).jpg
20251231_210351,2025-12-31T21:57:48,c:\Users\amrem\Documents\Engineering Year 4\Machine Learning\Project\Vehicle-Classification\data\inbox\archive\Vehicles\Motorcycles\Motorcycle (191).jpg,label,1,0,class_01_motorcycle,c:\Users\amrem\Documents\Engineering Year 4\Machine Learning\Project\Vehicle-Classification\data\raw\class_01_motorcycle\Motorcycle (191).jpg
20251231_210351,2025-12-31T21:57:49,c:\Users\amrem\Documents\Engineering Year 4\Machine Learning\Project\Vehicle-Classification\data\inbox\archive\Vehicles\Motorcycles\Motorcycle (192).jpg,label,1,0,class_01_motorcycle,c:\Users\amrem\Documents\Engineering Year 4\Machine Learning\Project\Vehicle-Classification\data\raw\class_01_motorcycle\Motorcycle (192).jpg
20251231_210351,2025-12-31T21:57:50,c:\Users\amrem\Documents\Engineering Year 4\Machine Learning\Project\Vehicle-Classification\data\inbox\archive\Vehicles\Motorcycles\Motorcycle (193).jpg,label,1,0,class_01_motorcycle,c:\Users\amrem\Documents\Engineering Year 4\Machine Learning\Project\Vehicle-Classification\data\raw\class_01_motorcycle\Motorcycle (193).jpg
20251231_210351,2025-12-31T21:57:51,c:\Users\amrem\Documents\Engineering Year 4\Machine Learning\Project\Vehicle-Classification\data\inbox\archive\Vehicles\Motorcycles\Motorcycle (194).jpg,label,1,0,class_01_motorcycle,c:\Users\amrem\Documents\Engineering Year 4\Machine Learning\Project\Vehicle-Classification\data\raw\class_01_motorcycle\Motorcycle (194).jpg
20251231_210351,2025-12-31T21:57:52,c:\Users\amrem\Documents\Engineering Year 4\Machine Learning\Project\Vehicle-Classification\data\inbox\archive\Vehicles\Motorcycles\Motorcycle (195).jpg,label,1,0,class_01_motorcycle,c:\Users\amrem\Documents\Engineering Year 4\Machine Learning\Project\Vehicle-Classification\data\raw\class_01_motorcycle\Motorcycle (195).jpg
20251231_210351,2025-12-31T21:57:52,c:\Users\amrem\Documents\Engineering Year 4\Machine Learning\Project\Vehicle-Classification\data\inbox\archive\Vehicles\Motorcycles\Motorcycle (196).jpg,label,1,0,class_01_motorcycle,c:\Users\amrem\Documents\Engineering Year 4\Machine Learning\Project\Vehicle-Classification\data\raw\class_01_motorcycle\Motorcycle (196).jpg
20251231_210351,2025-12-31T21:57:53,c:\Users\amrem\Documents\Engineering Year 4\Machine Learning\Project\Vehicle-Classification\data\inbox\archive\Vehicles\Motorcycles\Motorcycle (197).jpg,label,1,0,class_01_motorcycle,c:\Users\amrem\Documents\Engineering Year 4\Machine Learning\Project\Vehicle-Classification\data\raw\class_01_motorcycle\Motorcycle (197).jpg
20251231_210351,2025-12-31T21:57:54,c:\Users\amrem\Documents\Engineering Year 4\Machine Learning\Project\Vehicle-Classification\data\inbox\archive\Vehicles\Motorcycles\Motorcycle (198).jpg,label,1,0,class_01_motorcycle,c:\Users\amrem\Documents\Engineering Year 4\Machine Learning\Project\Vehicle-Classification\data\raw\class_01_motorcycle\Motorcycle (198).jpg
20251231_210351,2025-12-31T21:57:55,c:\Users\amrem\Documents\Engineering Year 4\Machine Learning\Project\Vehicle-Classification\data\inbox\archive\Vehicles\Motorcycles\Motorcycle (199).jpg,reject,,,reject,c:\Users\amrem\Documents\Engineering Year 4\Machine Learning\Project\Vehicle-Classification\data\raw\reject\Motorcycle (199).jpg
20251231_210351,2025-12-31T21:57:56,c:\Users\amrem\Documents\Engineering Year 4\Machine Learning\Project\Vehicle-Classification\data\inbox\archive\Vehicles\Motorcycles\Motorcycle (2).jpg,reject,,,reject,c:\Users\amrem\Documents\Engineering Year 4\Machine Learning\Project\Vehicle-Classification\data\raw\reject\Motorcycle (2).jpg
20251231_210351,2025-12-31T21:57:57,c:\Users\amrem\Documents\Engineering Year 4\Machine Learning\Project\Vehicle-Classification\data\inbox\archive\Vehicles\Motorcycles\Motorcycle (20).jpg,label,1,0,class_01_motorcycle,c:\Users\amrem\Documents\Engineering Year 4\Machine Learning\Project\Vehicle-Classification\data\raw\class_01_motorcycle\Motorcycle (20).jpg
20251231_210351,2025-12-31T21:57:58,c:\Users\amrem\Documents\Engineering Year 4\Machine Learning\Project\Vehicle-Classification\data\inbox\archive\Vehicles\Motorcycles\Motorcycle (200).jpg,label,1,0,class_01_motorcycle,c:\Users\amrem\Documents\Engineering Year 4\Machine Learning\Project\Vehicle-Classification\data\raw\class_01_motorcycle\Motorcycle (200).jpg
20251231_210351,2025-12-31T21:57:58,c:\Users\amrem\Documents\Engineering Year 4\Machine Learning\Project\Vehicle-Classification\data\inbox\archive\Vehicles\Motorcycles\Motorcycle (201).jpg,label,1,0,class_01_motorcycle,c:\Users\amrem\Documents\Engineering Year 4\Machine Learning\Project\Vehicle-Classification\data\raw\class_01_motorcycle\Motorcycle (201).jpg
20251231_210351,2025-12-31T21:57:59,c:\Users\amrem\Documents\Engineering Year 4\Machine Learning\Project\Vehicle-Classification\data\inbox\archive\Vehicles\Motorcycles\Motorcycle (202).jpg,label,1,0,class_01_motorcycle,c:\Users\amrem\Documents\Engineering Year 4\Machine Learning\Project\Vehicle-Classification\data\raw\class_01_motorcycle\Motorcycle (202).jpg
20251231_210351,2025-12-31T21:58:01,c:\Users\amrem\Documents\Engineering Year 4\Machine Learning\Project\Vehicle-Classification\data\inbox\archive\Vehicles\Motorcycles\Motorcycle (203).jpg,reject,,,reject,c:\Users\amrem\Documents\Engineering Year 4\Machine Learning\Project\Vehicle-Classification\data\raw\reject\Motorcycle (203).jpg
20251231_210351,2025-12-31T21:58:03,c:\Users\amrem\Documents\Engineering Year 4\Machine Learning\Project\Vehicle-Classification\data\inbox\archive\Vehicles\Motorcycles\Motorcycle (204).jpg,reject,,,reject,c:\Users\amrem\Documents\Engineering Year 4\Machine Learning\Project\Vehicle-Classification\data\raw\reject\Motorcycle (204).jpg
20251231_210351,2025-12-31T21:58:04,c:\Users\amrem\Documents\Engineering Year 4\Machine Learning\Project\Vehicle-Classification\data\inbox\archive\Vehicles\Motorcycles\Motorcycle (205).jpg,label,1,0,class_01_motorcycle,c:\Users\amrem\Documents\Engineering Year 4\Machine Learning\Project\Vehicle-Classification\data\raw\class_01_motorcycle\Motorcycle (205).jpg
20251231_210351,2025-12-31T21:58:08,c:\Users\amrem\Documents\Engineering Year 4\Machine Learning\Project\Vehicle-Classification\data\inbox\archive\Vehicles\Motorcycles\Motorcycle (206).jpg,label,1,0,class_01_motorcycle,c:\Users\amrem\Documents\Engineering Year 4\Machine Learning\Project\Vehicle-Classification\data\raw\class_01_motorcycle\Motorcycle (206).jpg
20251231_210351,2025-12-31T21:58:11,c:\Users\amrem\Documents\Engineering Year 4\Machine Learning\Project\Vehicle-Classification\data\inbox\archive\Vehicles\Motorcycles\Motorcycle (207).jpg,reject,,,reject,c:\Users\amrem\Documents\Engineering Year 4\Machine Learning\Project\Vehicle-Classification\data\raw\reject\Motorcycle (207).jpg
20251231_210351,2025-12-31T21:58:12,c:\Users\amrem\Documents\Engineering Year 4\Machine Learning\Project\Vehicle-Classification\data\inbox\archive\Vehicles\Motorcycles\Motorcycle (208).jpg,label,1,0,class_01_motorcycle,c:\Users\amrem\Documents\Engineering Year 4\Machine Learning\Project\Vehicle-Classification\data\raw\class_01_motorcycle\Motorcycle (208).jpg
20251231_210351,2025-12-31T21:58:13,c:\Users\amrem\Documents\Engineering Year 4\Machine Learning\Project\Vehicle-Classification\data\inbox\archive\Vehicles\Motorcycles\Motorcycle (209).jpg,label,1,0,class_01_motorcycle,c:\Users\amrem\Documents\Engineering Year 4\Machine Learning\Project\Vehicle-Classification\data\raw\class_01_motorcycle\Motorcycle (209).jpg
20251231_210351,2025-12-31T21:58:14,c:\Users\amrem\Documents\Engineering Year 4\Machine Learning\Project\Vehicle-Classification\data\inbox\archive\Vehicles\Motorcycles\Motorcycle (21).jpg,label,1,0,class_01_motorcycle,c:\Users\amrem\Documents\Engineering Year 4\Machine Learning\Project\Vehicle-Classification\data\raw\class_01_motorcycle\Motorcycle (21).jpg
20251231_210351,2025-12-31T21:58:14,c:\Users\amrem\Documents\Engineering Year 4\Machine Learning\Project\Vehicle-Classification\data\inbox\archive\Vehicles\Motorcycles\Motorcycle (210).jpg,label,1,0,class_01_motorcycle,c:\Users\amrem\Documents\Engineering Year 4\Machine Learning\Project\Vehicle-Classification\data\raw\class_01_motorcycle\Motorcycle (210).jpg
20251231_210351,2025-12-31T21:58:15,c:\Users\amrem\Documents\Engineering Year 4\Machine Learning\Project\Vehicle-Classification\data\inbox\archive\Vehicles\Motorcycles\Motorcycle (211).jpg,label,1,0,class_01_motorcycle,c:\Users\amrem\Documents\Engineering Year 4\Machine Learning\Project\Vehicle-Classification\data\raw\class_01_motorcycle\Motorcycle (211).jpg
20251231_210351,2025-12-31T21:58:16,c:\Users\amrem\Documents\Engineering Year 4\Machine Learning\Project\Vehicle-Classification\data\inbox\archive\Vehicles\Motorcycles\Motorcycle (212).jpg,label,1,0,class_01_motorcycle,c:\Users\amrem\Documents\Engineering Year 4\Machine Learning\Project\Vehicle-Classification\data\raw\class_01_motorcycle\Motorcycle (212).jpg
20251231_210351,2025-12-31T21:58:17,c:\Users\amrem\Documents\Engineering Year 4\Machine Learning\Project\Vehicle-Classification\data\inbox\archive\Vehicles\Motorcycles\Motorcycle (213).jpg,label,1,0,class_01_motorcycle,c:\Users\amrem\Documents\Engineering Year 4\Machine Learning\Project\Vehicle-Classification\data\raw\class_01_motorcycle\Motorcycle (213).jpg
20251231_210351,2025-12-31T21:58:18,c:\Users\amrem\Documents\Engineering Year 4\Machine Learning\Project\Vehicle-Classification\data\inbox\archive\Vehicles\Motorcycles\Motorcycle (214).jpg,label,1,0,class_01_motorcycle,c:\Users\amrem\Documents\Engineering Year 4\Machine Learning\Project\Vehicle-Classification\data\raw\class_01_motorcycle\Motorcycle (214).jpg
20251231_210351,2025-12-31T21:58:19,c:\Users\amrem\Documents\Engineering Year 4\Machine Learning\Project\Vehicle-Classification\data\inbox\archive\Vehicles\Motorcycles\Motorcycle (215).jpg,label,1,0,class_01_motorcycle,c:\Users\amrem\Documents\Engineering Year 4\Machine Learning\Project\Vehicle-Classification\data\raw\class_01_motorcycle\Motorcycle (215).jpg
20251231_210351,2025-12-31T21:58:20,c:\Users\amrem\Documents\Engineering Year 4\Machine Learning\Project\Vehicle-Classification\data\inbox\archive\Vehicles\Motorcycles\Motorcycle (216).jpg,label,1,0,class_01_motorcycle,c:\Users\amrem\Documents\Engineering Year 4\Machine Learning\Project\Vehicle-Classification\data\raw\class_01_motorcycle\Motorcycle (216).jpg
20251231_210351,2025-12-31T21:58:21,c:\Users\amrem\Documents\Engineering Year 4\Machine Learning\Project\Vehicle-Classification\data\inbox\archive\Vehicles\Motorcycles\Motorcycle (217).jpg,label,1,0,class_01_motorcycle,c:\Users\amrem\Documents\Engineering Year 4\Machine Learning\Project\Vehicle-Classification\data\raw\class_01_motorcycle\Motorcycle (217).jpg
20251231_210351,2025-12-31T21:58:21,c:\Users\amrem\Documents\Engineering Year 4\Machine Learning\Project\Vehicle-Classification\data\inbox\archive\Vehicles\Motorcycles\Motorcycle (218).jpg,label,1,0,class_01_motorcycle,c:\Users\amrem\Documents\Engineering Year 4\Machine Learning\Project\Vehicle-Classification\data\raw\class_01_motorcycle\Motorcycle (218).jpg
20251231_210351,2025-12-31T21:58:22,c:\Users\amrem\Documents\Engineering Year 4\Machine Learning\Project\Vehicle-Classification\data\inbox\archive\Vehicles\Motorcycles\Motorcycle (219).jpg,label,1,0,class_01_motorcycle,c:\Users\amrem\Documents\Engineering Year 4\Machine Learning\Project\Vehicle-Classification\data\raw\class_01_motorcycle\Motorcycle (219).jpg
20251231_210351,2025-12-31T21:58:23,c:\Users\amrem\Documents\Engineering Year 4\Machine Learning\Project\Vehicle-Classification\data\inbox\archive\Vehicles\Motorcycles\Motorcycle (22).jpg,label,1,0,class_01_motorcycle,c:\Users\amrem\Documents\Engineering Year 4\Machine Learning\Project\Vehicle-Classification\data\raw\class_01_motorcycle\Motorcycle (22).jpg
20251231_210351,2025-12-31T21:58:24,c:\Users\amrem\Documents\Engineering Year 4\Machine Learning\Project\Vehicle-Classification\data\inbox\archive\Vehicles\Motorcycles\Motorcycle (220).jpg,label,1,0,class_01_motorcycle,c:\Users\amrem\Documents\Engineering Year 4\Machine Learning\Project\Vehicle-Classification\data\raw\class_01_motorcycle\Motorcycle (220).jpg
20251231_210351,2025-12-31T21:58:25,c:\Users\amrem\Documents\Engineering Year 4\Machine Learning\Project\Vehicle-Classification\data\inbox\archive\Vehicles\Motorcycles\Motorcycle (221).jpg,label,1,0,class_01_motorcycle,c:\Users\amrem\Documents\Engineering Year 4\Machine Learning\Project\Vehicle-Classification\data\raw\class_01_motorcycle\Motorcycle (221).jpg
20251231_210351,2025-12-31T21:58:26,c:\Users\amrem\Documents\Engineering Year 4\Machine Learning\Project\Vehicle-Classification\data\inbox\archive\Vehicles\Motorcycles\Motorcycle (222).jpg,label,1,0,class_01_motorcycle,c:\Users\amrem\Documents\Engineering Year 4\Machine Learning\Project\Vehicle-Classification\data\raw\class_01_motorcycle\Motorcycle (222).jpg
20251231_210351,2025-12-31T21:58:29,c:\Users\amrem\Documents\Engineering Year 4\Machine Learning\Project\Vehicle-Classification\data\inbox\archive\Vehicles\Motorcycles\Motorcycle (223).jpg,reject,,,reject,c:\Users\amrem\Documents\Engineering Year 4\Machine Learning\Project\Vehicle-Classification\data\raw\reject\Motorcycle (223).jpg
20251231_210351,2025-12-31T21:58:31,c:\Users\amrem\Documents\Engineering Year 4\Machine Learning\Project\Vehicle-Classification\data\inbox\archive\Vehicles\Motorcycles\Motorcycle (224).jpg,label,1,0,class_01_motorcycle,c:\Users\amrem\Documents\Engineering Year 4\Machine Learning\Project\Vehicle-Classification\data\raw\class_01_motorcycle\Motorcycle (224).jpg
20251231_210351,2025-12-31T21:58:32,c:\Users\amrem\Documents\Engineering Year 4\Machine Learning\Project\Vehicle-Classification\data\inbox\archive\Vehicles\Motorcycles\Motorcycle (225).jpg,label,1,0,class_01_motorcycle,c:\Users\amrem\Documents\Engineering Year 4\Machine Learning\Project\Vehicle-Classification\data\raw\class_01_motorcycle\Motorcycle (225).jpg
20251231_210351,2025-12-31T21:59:07,c:\Users\amrem\Documents\Engineering Year 4\Machine Learning\Project\Vehicle-Classification\data\inbox\archive\Vehicles\Motorcycles\Motorcycle (226).jpg,label,1,0,class_01_motorcycle,c:\Users\amrem\Documents\Engineering Year 4\Machine Learning\Project\Vehicle-Classification\data\raw\class_01_motorcycle\Motorcycle (226).jpg
20251231_210351,2025-12-31T21:59:08,c:\Users\amrem\Documents\Engineering Year 4\Machine Learning\Project\Vehicle-Classification\data\inbox\archive\Vehicles\Motorcycles\Motorcycle (227).jpg,label,1,0,class_01_motorcycle,c:\Users\amrem\Documents\Engineering Year 4\Machine Learning\Project\Vehicle-Classification\data\raw\class_01_motorcycle\Motorcycle (227).jpg
20251231_210351,2025-12-31T21:59:10,c:\Users\amrem\Documents\Engineering Year 4\Machine Learning\Project\Vehicle-Classification\data\inbox\archive\Vehicles\Motorcycles\Motorcycle (228).jpg,label,1,0,class_01_motorcycle,c:\Users\amrem\Documents\Engineering Year 4\Machine Learning\Project\Vehicle-Classification\data\raw\class_01_motorcycle\Motorcycle (228).jpg
20251231_210351,2025-12-31T21:59:13,c:\Users\amrem\Documents\Engineering Year 4\Machine Learning\Project\Vehicle-Classification\data\inbox\archive\Vehicles\Motorcycles\Motorcycle (229).jpg,label,1,0,class_01_motorcycle,c:\Users\amrem\Documents\Engineering Year 4\Machine Learning\Project\Vehicle-Classification\data\raw\class_01_motorcycle\Motorcycle (229).jpg
20251231_210351,2025-12-31T21:59:14,c:\Users\amrem\Documents\Engineering Year 4\Machine Learning\Project\Vehicle-Classification\data\inbox\archive\Vehicles\Motorcycles\Motorcycle (23).jpg,label,1,0,class_01_motorcycle,c:\Users\amrem\Documents\Engineering Year 4\Machine Learning\Project\Vehicle-Classification\data\raw\class_01_motorcycle\Motorcycle (23).jpg
20251231_210351,2025-12-31T21:59:16,c:\Users\amrem\Documents\Engineering Year 4\Machine Learning\Project\Vehicle-Classification\data\inbox\archive\Vehicles\Motorcycles\Motorcycle (230).jpg,label,1,0,class_01_motorcycle,c:\Users\amrem\Documents\Engineering Year 4\Machine Learning\Project\Vehicle-Classification\data\raw\class_01_motorcycle\Motorcycle (230).jpg
20251231_210351,2025-12-31T21:59:19,c:\Users\amrem\Documents\Engineering Year 4\Machine Learning\Project\Vehicle-Classification\data\inbox\archive\Vehicles\Motorcycles\Motorcycle (231).jpg,reject,,,reject,c:\Users\amrem\Documents\Engineering Year 4\Machine Learning\Project\Vehicle-Classification\data\raw\reject\Motorcycle (231).jpg
20251231_210351,2025-12-31T21:59:20,c:\Users\amrem\Documents\Engineering Year 4\Machine Learning\Project\Vehicle-Classification\data\inbox\archive\Vehicles\Motorcycles\Motorcycle (232).jpg,label,1,0,class_01_motorcycle,c:\Users\amrem\Documents\Engineering Year 4\Machine Learning\Project\Vehicle-Classification\data\raw\class_01_motorcycle\Motorcycle (232).jpg
20251231_210351,2025-12-31T21:59:21,c:\Users\amrem\Documents\Engineering Year 4\Machine Learning\Project\Vehicle-Classification\data\inbox\archive\Vehicles\Motorcycles\Motorcycle (233).jpg,reject,,,reject,c:\Users\amrem\Documents\Engineering Year 4\Machine Learning\Project\Vehicle-Classification\data\raw\reject\Motorcycle (233).jpg
20251231_210351,2025-12-31T21:59:23,c:\Users\amrem\Documents\Engineering Year 4\Machine Learning\Project\Vehicle-Classification\data\inbox\archive\Vehicles\Motorcycles\Motorcycle (234).jpg,label,1,0,class_01_motorcycle,c:\Users\amrem\Documents\Engineering Year 4\Machine Learning\Project\Vehicle-Classification\data\raw\class_01_motorcycle\Motorcycle (234).jpg
20251231_210351,2025-12-31T21:59:25,c:\Users\amrem\Documents\Engineering Year 4\Machine Learning\Project\Vehicle-Classification\data\inbox\archive\Vehicles\Motorcycles\Motorcycle (235).jpg,label,1,0,class_01_motorcycle,c:\Users\amrem\Documents\Engineering Year 4\Machine Learning\Project\Vehicle-Classification\data\raw\class_01_motorcycle\Motorcycle (235).jpg
20251231_210351,2025-12-31T21:59:25,c:\Users\amrem\Documents\Engineering Year 4\Machine Learning\Project\Vehicle-Classification\data\inbox\archive\Vehicles\Motorcycles\Motorcycle (236).jpg,label,1,0,class_01_motorcycle,c:\Users\amrem\Documents\Engineering Year 4\Machine Learning\Project\Vehicle-Classification\data\raw\class_01_motorcycle\Motorcycle (236).jpg
20251231_210351,2025-12-31T21:59:26,c:\Users\amrem\Documents\Engineering Year 4\Machine Learning\Project\Vehicle-Classification\data\inbox\archive\Vehicles\Motorcycles\Motorcycle (237).jpg,label,1,0,class_01_motorcycle,c:\Users\amrem\Documents\Engineering Year 4\Machine Learning\Project\Vehicle-Classification\data\raw\class_01_motorcycle\Motorcycle (237).jpg
20251231_210351,2025-12-31T21:59:27,c:\Users\amrem\Documents\Engineering Year 4\Machine Learning\Project\Vehicle-Classification\data\inbox\archive\Vehicles\Motorcycles\Motorcycle (238).jpg,label,1,0,class_01_motorcycle,c:\Users\amrem\Documents\Engineering Year 4\Machine Learning\Project\Vehicle-Classification\data\raw\class_01_motorcycle\Motorcycle (238).jpg
20251231_210351,2025-12-31T21:59:29,c:\Users\amrem\Documents\Engineering Year 4\Machine Learning\Project\Vehicle-Classification\data\inbox\archive\Vehicles\Motorcycles\Motorcycle (239).jpg,reject,,,reject,c:\Users\amrem\Documents\Engineering Year 4\Machine Learning\Project\Vehicle-Classification\data\raw\reject\Motorcycle (239).jpg
20251231_210351,2025-12-31T21:59:30,c:\Users\amrem\Documents\Engineering Year 4\Machine Learning\Project\Vehicle-Classification\data\inbox\archive\Vehicles\Motorcycles\Motorcycle (24).jpg,label,1,0,class_01_motorcycle,c:\Users\amrem\Documents\Engineering Year 4\Machine Learning\Project\Vehicle-Classification\data\raw\class_01_motorcycle\Motorcycle (24).jpg
20251231_210351,2025-12-31T21:59:31,c:\Users\amrem\Documents\Engineering Year 4\Machine Learning\Project\Vehicle-Classification\data\inbox\archive\Vehicles\Motorcycles\Motorcycle (240).jpg,label,1,0,class_01_motorcycle,c:\Users\amrem\Documents\Engineering Year 4\Machine Learning\Project\Vehicle-Classification\data\raw\class_01_motorcycle\Motorcycle (240).jpg
20251231_210351,2025-12-31T21:59:32,c:\Users\amrem\Documents\Engineering Year 4\Machine Learning\Project\Vehicle-Classification\data\inbox\archive\Vehicles\Motorcycles\Motorcycle (241).jpg,label,1,0,class_01_motorcycle,c:\Users\amrem\Documents\Engineering Year 4\Machine Learning\Project\Vehicle-Classification\data\raw\class_01_motorcycle\Motorcycle (241).jpg
20251231_210351,2025-12-31T21:59:34,c:\Users\amrem\Documents\Engineering Year 4\Machine Learning\Project\Vehicle-Classification\data\inbox\archive\Vehicles\Motorcycles\Motorcycle (242).jpg,label,1,0,class_01_motorcycle,c:\Users\amrem\Documents\Engineering Year 4\Machine Learning\Project\Vehicle-Classification\data\raw\class_01_motorcycle\Motorcycle (242).jpg
20251231_210351,2025-12-31T21:59:36,c:\Users\amrem\Documents\Engineering Year 4\Machine Learning\Project\Vehicle-Classification\data\inbox\archive\Vehicles\Motorcycles\Motorcycle (243).jpg,reject,,,reject,c:\Users\amrem\Documents\Engineering Year 4\Machine Learning\Project\Vehicle-Classification\data\raw\reject\Motorcycle (243).jpg
20251231_210351,2025-12-31T21:59:37,c:\Users\amrem\Documents\Engineering Year 4\Machine Learning\Project\Vehicle-Classification\data\inbox\archive\Vehicles\Motorcycles\Motorcycle (244).jpg,reject,,,reject,c:\Users\amrem\Documents\Engineering Year 4\Machine Learning\Project\Vehicle-Classification\data\raw\reject\Motorcycle (244).jpg
20251231_210351,2025-12-31T21:59:38,c:\Users\amrem\Documents\Engineering Year 4\Machine Learning\Project\Vehicle-Classification\data\inbox\archive\Vehicles\Motorcycles\Motorcycle (245).jpg,reject,,,reject,c:\Users\amrem\Documents\Engineering Year 4\Machine Learning\Project\Vehicle-Classification\data\raw\reject\Motorcycle (245).jpg
20251231_210351,2025-12-31T21:59:40,c:\Users\amrem\Documents\Engineering Year 4\Machine Learning\Project\Vehicle-Classification\data\inbox\archive\Vehicles\Motorcycles\Motorcycle (246).jpg,label,1,0,class_01_motorcycle,c:\Users\amrem\Documents\Engineering Year 4\Machine Learning\Project\Vehicle-Classification\data\raw\class_01_motorcycle\Motorcycle (246).jpg
20251231_210351,2025-12-31T21:59:42,c:\Users\amrem\Documents\Engineering Year 4\Machine Learning\Project\Vehicle-Classification\data\inbox\archive\Vehicles\Motorcycles\Motorcycle (247).jpg,reject,,,reject,c:\Users\amrem\Documents\Engineering Year 4\Machine Learning\Project\Vehicle-Classification\data\raw\reject\Motorcycle (247).jpg
20251231_210351,2025-12-31T21:59:43,c:\Users\amrem\Documents\Engineering Year 4\Machine Learning\Project\Vehicle-Classification\data\inbox\archive\Vehicles\Motorcycles\Motorcycle (248).jpg,label,1,0,class_01_motorcycle,c:\Users\amrem\Documents\Engineering Year 4\Machine Learning\Project\Vehicle-Classification\data\raw\class_01_motorcycle\Motorcycle (248).jpg
20251231_210351,2025-12-31T21:59:44,c:\Users\amrem\Documents\Engineering Year 4\Machine Learning\Project\Vehicle-Classification\data\inbox\archive\Vehicles\Motorcycles\Motorcycle (249).jpg,label,1,0,class_01_motorcycle,c:\Users\amrem\Documents\Engineering Year 4\Machine Learning\Project\Vehicle-Classification\data\raw\class_01_motorcycle\Motorcycle (249).jpg
20251231_210351,2025-12-31T21:59:45,c:\Users\amrem\Documents\Engineering Year 4\Machine Learning\Project\Vehicle-Classification\data\inbox\archive\Vehicles\Motorcycles\Motorcycle (25).jpg,label,1,0,class_01_motorcycle,c:\Users\amrem\Documents\Engineering Year 4\Machine Learning\Project\Vehicle-Classification\data\raw\class_01_motorcycle\Motorcycle (25).jpg
20251231_210351,2025-12-31T21:59:45,c:\Users\amrem\Documents\Engineering Year 4\Machine Learning\Project\Vehicle-Classification\data\inbox\archive\Vehicles\Motorcycles\Motorcycle (250).jpg,label,1,0,class_01_motorcycle,c:\Users\amrem\Documents\Engineering Year 4\Machine Learning\Project\Vehicle-Classification\data\raw\class_01_motorcycle\Motorcycle (250).jpg
20251231_210351,2025-12-31T21:59:47,c:\Users\amrem\Documents\Engineering Year 4\Machine Learning\Project\Vehicle-Classification\data\inbox\archive\Vehicles\Motorcycles\Motorcycle (251).jpg,label,1,0,class_01_motorcycle,c:\Users\amrem\Documents\Engineering Year 4\Machine Learning\Project\Vehicle-Classification\data\raw\class_01_motorcycle\Motorcycle (251).jpg
20251231_210351,2025-12-31T21:59:49,c:\Users\amrem\Documents\Engineering Year 4\Machine Learning\Project\Vehicle-Classification\data\inbox\archive\Vehicles\Motorcycles\Motorcycle (252).jpg,label,1,0,class_01_motorcycle,c:\Users\amrem\Documents\Engineering Year 4\Machine Learning\Project\Vehicle-Classification\data\raw\class_01_motorcycle\Motorcycle (252).jpg
20251231_210351,2025-12-31T21:59:50,c:\Users\amrem\Documents\Engineering Year 4\Machine Learning\Project\Vehicle-Classification\data\inbox\archive\Vehicles\Motorcycles\Motorcycle (253).jpg,label,1,0,class_01_motorcycle,c:\Users\amrem\Documents\Engineering Year 4\Machine Learning\Project\Vehicle-Classification\data\raw\class_01_motorcycle\Motorcycle (253).jpg
20251231_210351,2025-12-31T21:59:58,c:\Users\amrem\Documents\Engineering Year 4\Machine Learning\Project\Vehicle-Classification\data\inbox\archive\Vehicles\Motorcycles\Motorcycle (254).jpg,reject,,,reject,c:\Users\amrem\Documents\Engineering Year 4\Machine Learning\Project\Vehicle-Classification\data\raw\reject\Motorcycle (254).jpg
20251231_210351,2025-12-31T21:59:59,c:\Users\amrem\Documents\Engineering Year 4\Machine Learning\Project\Vehicle-Classification\data\inbox\archive\Vehicles\Motorcycles\Motorcycle (255).jpg,label,1,0,class_01_motorcycle,c:\Users\amrem\Documents\Engineering Year 4\Machine Learning\Project\Vehicle-Classification\data\raw\class_01_motorcycle\Motorcycle (255).jpg
20251231_210351,2025-12-31T22:00:00,c:\Users\amrem\Documents\Engineering Year 4\Machine Learning\Project\Vehicle-Classification\data\inbox\archive\Vehicles\Motorcycles\Motorcycle (256).jpg,label,1,0,class_01_motorcycle,c:\Users\amrem\Documents\Engineering Year 4\Machine Learning\Project\Vehicle-Classification\data\raw\class_01_motorcycle\Motorcycle (256).jpg
20251231_210351,2025-12-31T22:00:01,c:\Users\amrem\Documents\Engineering Year 4\Machine Learning\Project\Vehicle-Classification\data\inbox\archive\Vehicles\Motorcycles\Motorcycle (257).jpg,label,1,0,class_01_motorcycle,c:\Users\amrem\Documents\Engineering Year 4\Machine Learning\Project\Vehicle-Classification\data\raw\class_01_motorcycle\Motorcycle (257).jpg
20251231_210351,2025-12-31T22:00:02,c:\Users\amrem\Documents\Engineering Year 4\Machine Learning\Project\Vehicle-Classification\data\inbox\archive\Vehicles\Motorcycles\Motorcycle (258).jpg,label,1,0,class_01_motorcycle,c:\Users\amrem\Documents\Engineering Year 4\Machine Learning\Project\Vehicle-Classification\data\raw\class_01_motorcycle\Motorcycle (258).jpg
20251231_210351,2025-12-31T22:00:03,c:\Users\amrem\Documents\Engineering Year 4\Machine Learning\Project\Vehicle-Classification\data\inbox\archive\Vehicles\Motorcycles\Motorcycle (259).jpg,label,1,0,class_01_motorcycle,c:\Users\amrem\Documents\Engineering Year 4\Machine Learning\Project\Vehicle-Classification\data\raw\class_01_motorcycle\Motorcycle (259).jpg
20251231_210351,2025-12-31T22:00:04,c:\Users\amrem\Documents\Engineering Year 4\Machine Learning\Project\Vehicle-Classification\data\inbox\archive\Vehicles\Motorcycles\Motorcycle (26).jpg,reject,,,reject,c:\Users\amrem\Documents\Engineering Year 4\Machine Learning\Project\Vehicle-Classification\data\raw\reject\Motorcycle (26).jpg
20251231_210351,2025-12-31T22:00:05,c:\Users\amrem\Documents\Engineering Year 4\Machine Learning\Project\Vehicle-Classification\data\inbox\archive\Vehicles\Motorcycles\Motorcycle (260).jpg,label,1,0,class_01_motorcycle,c:\Users\amrem\Documents\Engineering Year 4\Machine Learning\Project\Vehicle-Classification\data\raw\class_01_motorcycle\Motorcycle (260).jpg
20251231_210351,2025-12-31T22:00:06,c:\Users\amrem\Documents\Engineering Year 4\Machine Learning\Project\Vehicle-Classification\data\inbox\archive\Vehicles\Motorcycles\Motorcycle (261).jpg,reject,,,reject,c:\Users\amrem\Documents\Engineering Year 4\Machine Learning\Project\Vehicle-Classification\data\raw\reject\Motorcycle (261).jpg
20251231_210351,2025-12-31T22:00:07,c:\Users\amrem\Documents\Engineering Year 4\Machine Learning\Project\Vehicle-Classification\data\inbox\archive\Vehicles\Motorcycles\Motorcycle (262).jpg,label,1,0,class_01_motorcycle,c:\Users\amrem\Documents\Engineering Year 4\Machine Learning\Project\Vehicle-Classification\data\raw\class_01_motorcycle\Motorcycle (262).jpg
20251231_210351,2025-12-31T22:00:08,c:\Users\amrem\Documents\Engineering Year 4\Machine Learning\Project\Vehicle-Classification\data\inbox\archive\Vehicles\Motorcycles\Motorcycle (263).jpg,label,1,0,class_01_motorcycle,c:\Users\amrem\Documents\Engineering Year 4\Machine Learning\Project\Vehicle-Classification\data\raw\class_01_motorcycle\Motorcycle (263).jpg
20251231_210351,2025-12-31T22:00:09,c:\Users\amrem\Documents\Engineering Year 4\Machine Learning\Project\Vehicle-Classification\data\inbox\archive\Vehicles\Motorcycles\Motorcycle (264).jpg,label,1,0,class_01_motorcycle,c:\Users\amrem\Documents\Engineering Year 4\Machine Learning\Project\Vehicle-Classification\data\raw\class_01_motorcycle\Motorcycle (264).jpg
20251231_210351,2025-12-31T22:00:10,c:\Users\amrem\Documents\Engineering Year 4\Machine Learning\Project\Vehicle-Classification\data\inbox\archive\Vehicles\Motorcycles\Motorcycle (265).jpg,reject,,,reject,c:\Users\amrem\Documents\Engineering Year 4\Machine Learning\Project\Vehicle-Classification\data\raw\reject\Motorcycle (265).jpg
20251231_210351,2025-12-31T22:00:11,c:\Users\amrem\Documents\Engineering Year 4\Machine Learning\Project\Vehicle-Classification\data\inbox\archive\Vehicles\Motorcycles\Motorcycle (266).png,label,1,0,class_01_motorcycle,c:\Users\amrem\Documents\Engineering Year 4\Machine Learning\Project\Vehicle-Classification\data\raw\class_01_motorcycle\Motorcycle (266).png
20251231_210351,2025-12-31T22:00:12,c:\Users\amrem\Documents\Engineering Year 4\Machine Learning\Project\Vehicle-Classification\data\inbox\archive\Vehicles\Motorcycles\Motorcycle (267).jpg,label,1,0,class_01_motorcycle,c:\Users\amrem\Documents\Engineering Year 4\Machine Learning\Project\Vehicle-Classification\data\raw\class_01_motorcycle\Motorcycle (267).jpg
20251231_210351,2025-12-31T22:00:13,c:\Users\amrem\Documents\Engineering Year 4\Machine Learning\Project\Vehicle-Classification\data\inbox\archive\Vehicles\Motorcycles\Motorcycle (268).jpg,label,1,0,class_01_motorcycle,c:\Users\amrem\Documents\Engineering Year 4\Machine Learning\Project\Vehicle-Classification\data\raw\class_01_motorcycle\Motorcycle (268).jpg
20251231_210351,2025-12-31T22:00:14,c:\Users\amrem\Documents\Engineering Year 4\Machine Learning\Project\Vehicle-Classification\data\inbox\archive\Vehicles\Motorcycles\Motorcycle (269).jpg,reject,,,reject,c:\Users\amrem\Documents\Engineering Year 4\Machine Learning\Project\Vehicle-Classification\data\raw\reject\Motorcycle (269).jpg
20251231_210351,2025-12-31T22:00:17,c:\Users\amrem\Documents\Engineering Year 4\Machine Learning\Project\Vehicle-Classification\data\inbox\archive\Vehicles\Motorcycles\Motorcycle (27).jpg,label,1,0,class_01_motorcycle,c:\Users\amrem\Documents\Engineering Year 4\Machine Learning\Project\Vehicle-Classification\data\raw\class_01_motorcycle\Motorcycle (27).jpg
20251231_210351,2025-12-31T22:00:19,c:\Users\amrem\Documents\Engineering Year 4\Machine Learning\Project\Vehicle-Classification\data\inbox\archive\Vehicles\Motorcycles\Motorcycle (270).jpg,reject,,,reject,c:\Users\amrem\Documents\Engineering Year 4\Machine Learning\Project\Vehicle-Classification\data\raw\reject\Motorcycle (270).jpg
20251231_210351,2025-12-31T22:00:20,c:\Users\amrem\Documents\Engineering Year 4\Machine Learning\Project\Vehicle-Classification\data\inbox\archive\Vehicles\Motorcycles\Motorcycle (271).jpg,label,1,0,class_01_motorcycle,c:\Users\amrem\Documents\Engineering Year 4\Machine Learning\Project\Vehicle-Classification\data\raw\class_01_motorcycle\Motorcycle (271).jpg
20251231_210351,2025-12-31T22:00:21,c:\Users\amrem\Documents\Engineering Year 4\Machine Learning\Project\Vehicle-Classification\data\inbox\archive\Vehicles\Motorcycles\Motorcycle (272).jpg,label,1,0,class_01_motorcycle,c:\Users\amrem\Documents\Engineering Year 4\Machine Learning\Project\Vehicle-Classification\data\raw\class_01_motorcycle\Motorcycle (272).jpg
20251231_210351,2025-12-31T22:00:22,c:\Users\amrem\Documents\Engineering Year 4\Machine Learning\Project\Vehicle-Classification\data\inbox\archive\Vehicles\Motorcycles\Motorcycle (273).jpg,label,1,0,class_01_motorcycle,c:\Users\amrem\Documents\Engineering Year 4\Machine Learning\Project\Vehicle-Classification\data\raw\class_01_motorcycle\Motorcycle (273).jpg
20251231_210351,2025-12-31T22:00:23,c:\Users\amrem\Documents\Engineering Year 4\Machine Learning\Project\Vehicle-Classification\data\inbox\archive\Vehicles\Motorcycles\Motorcycle (274).jpg,reject,,,reject,c:\Users\amrem\Documents\Engineering Year 4\Machine Learning\Project\Vehicle-Classification\data\raw\reject\Motorcycle (274).jpg
20251231_210351,2025-12-31T22:00:24,c:\Users\amrem\Documents\Engineering Year 4\Machine Learning\Project\Vehicle-Classification\data\inbox\archive\Vehicles\Motorcycles\Motorcycle (275).jpg,label,1,0,class_01_motorcycle,c:\Users\amrem\Documents\Engineering Year 4\Machine Learning\Project\Vehicle-Classification\data\raw\class_01_motorcycle\Motorcycle (275).jpg
20251231_210351,2025-12-31T22:00:25,c:\Users\amrem\Documents\Engineering Year 4\Machine Learning\Project\Vehicle-Classification\data\inbox\archive\Vehicles\Motorcycles\Motorcycle (276).jpg,label,1,0,class_01_motorcycle,c:\Users\amrem\Documents\Engineering Year 4\Machine Learning\Project\Vehicle-Classification\data\raw\class_01_motorcycle\Motorcycle (276).jpg
20251231_210351,2025-12-31T22:00:27,c:\Users\amrem\Documents\Engineering Year 4\Machine Learning\Project\Vehicle-Classification\data\inbox\archive\Vehicles\Motorcycles\Motorcycle (277).jpg,reject,,,reject,c:\Users\amrem\Documents\Engineering Year 4\Machine Learning\Project\Vehicle-Classification\data\raw\reject\Motorcycle (277).jpg
20251231_210351,2025-12-31T22:00:28,c:\Users\amrem\Documents\Engineering Year 4\Machine Learning\Project\Vehicle-Classification\data\inbox\archive\Vehicles\Motorcycles\Motorcycle (278).jpg,label,1,0,class_01_motorcycle,c:\Users\amrem\Documents\Engineering Year 4\Machine Learning\Project\Vehicle-Classification\data\raw\class_01_motorcycle\Motorcycle (278).jpg
20251231_210351,2025-12-31T22:00:29,c:\Users\amrem\Documents\Engineering Year 4\Machine Learning\Project\Vehicle-Classification\data\inbox\archive\Vehicles\Motorcycles\Motorcycle (279).jpg,label,1,0,class_01_motorcycle,c:\Users\amrem\Documents\Engineering Year 4\Machine Learning\Project\Vehicle-Classification\data\raw\class_01_motorcycle\Motorcycle (279).jpg
20251231_210351,2025-12-31T22:00:30,c:\Users\amrem\Documents\Engineering Year 4\Machine Learning\Project\Vehicle-Classification\data\inbox\archive\Vehicles\Motorcycles\Motorcycle (28).jpg,label,1,0,class_01_motorcycle,c:\Users\amrem\Documents\Engineering Year 4\Machine Learning\Project\Vehicle-Classification\data\raw\class_01_motorcycle\Motorcycle (28).jpg
20251231_210351,2025-12-31T22:00:31,c:\Users\amrem\Documents\Engineering Year 4\Machine Learning\Project\Vehicle-Classification\data\inbox\archive\Vehicles\Motorcycles\Motorcycle (280).jpg,reject,,,reject,c:\Users\amrem\Documents\Engineering Year 4\Machine Learning\Project\Vehicle-Classification\data\raw\reject\Motorcycle (280).jpg
20251231_210351,2025-12-31T22:00:32,c:\Users\amrem\Documents\Engineering Year 4\Machine Learning\Project\Vehicle-Classification\data\inbox\archive\Vehicles\Motorcycles\Motorcycle (281).jpg,label,1,0,class_01_motorcycle,c:\Users\amrem\Documents\Engineering Year 4\Machine Learning\Project\Vehicle-Classification\data\raw\class_01_motorcycle\Motorcycle (281).jpg
20251231_210351,2025-12-31T22:00:33,c:\Users\amrem\Documents\Engineering Year 4\Machine Learning\Project\Vehicle-Classification\data\inbox\archive\Vehicles\Motorcycles\Motorcycle (282).jpg,label,1,0,class_01_motorcycle,c:\Users\amrem\Documents\Engineering Year 4\Machine Learning\Project\Vehicle-Classification\data\raw\class_01_motorcycle\Motorcycle (282).jpg
20251231_210351,2025-12-31T22:00:34,c:\Users\amrem\Documents\Engineering Year 4\Machine Learning\Project\Vehicle-Classification\data\inbox\archive\Vehicles\Motorcycles\Motorcycle (283).jpg,label,1,0,class_01_motorcycle,c:\Users\amrem\Documents\Engineering Year 4\Machine Learning\Project\Vehicle-Classification\data\raw\class_01_motorcycle\Motorcycle (283).jpg
20251231_210351,2025-12-31T22:00:34,c:\Users\amrem\Documents\Engineering Year 4\Machine Learning\Project\Vehicle-Classification\data\inbox\archive\Vehicles\Motorcycles\Motorcycle (284).jpg,label,1,0,class_01_motorcycle,c:\Users\amrem\Documents\Engineering Year 4\Machine Learning\Project\Vehicle-Classification\data\raw\class_01_motorcycle\Motorcycle (284).jpg
20251231_210351,2025-12-31T22:00:36,c:\Users\amrem\Documents\Engineering Year 4\Machine Learning\Project\Vehicle-Classification\data\inbox\archive\Vehicles\Motorcycles\Motorcycle (285).jpg,reject,,,reject,c:\Users\amrem\Documents\Engineering Year 4\Machine Learning\Project\Vehicle-Classification\data\raw\reject\Motorcycle (285).jpg
20251231_210351,2025-12-31T22:00:36,c:\Users\amrem\Documents\Engineering Year 4\Machine Learning\Project\Vehicle-Classification\data\inbox\archive\Vehicles\Motorcycles\Motorcycle (286).jpg,label,1,0,class_01_motorcycle,c:\Users\amrem\Documents\Engineering Year 4\Machine Learning\Project\Vehicle-Classification\data\raw\class_01_motorcycle\Motorcycle (286).jpg
20251231_210351,2025-12-31T22:00:37,c:\Users\amrem\Documents\Engineering Year 4\Machine Learning\Project\Vehicle-Classification\data\inbox\archive\Vehicles\Motorcycles\Motorcycle (287).jpg,label,1,0,class_01_motorcycle,c:\Users\amrem\Documents\Engineering Year 4\Machine Learning\Project\Vehicle-Classification\data\raw\class_01_motorcycle\Motorcycle (287).jpg
20251231_210351,2025-12-31T22:00:38,c:\Users\amrem\Documents\Engineering Year 4\Machine Learning\Project\Vehicle-Classification\data\inbox\archive\Vehicles\Motorcycles\Motorcycle (288).jpg,label,1,0,class_01_motorcycle,c:\Users\amrem\Documents\Engineering Year 4\Machine Learning\Project\Vehicle-Classification\data\raw\class_01_motorcycle\Motorcycle (288).jpg
20251231_210351,2025-12-31T22:00:39,c:\Users\amrem\Documents\Engineering Year 4\Machine Learning\Project\Vehicle-Classification\data\inbox\archive\Vehicles\Motorcycles\Motorcycle (289).jpg,label,1,0,class_01_motorcycle,c:\Users\amrem\Documents\Engineering Year 4\Machine Learning\Project\Vehicle-Classification\data\raw\class_01_motorcycle\Motorcycle (289).jpg
20251231_210351,2025-12-31T22:00:40,c:\Users\amrem\Documents\Engineering Year 4\Machine Learning\Project\Vehicle-Classification\data\inbox\archive\Vehicles\Motorcycles\Motorcycle (29).jpg,label,1,0,class_01_motorcycle,c:\Users\amrem\Documents\Engineering Year 4\Machine Learning\Project\Vehicle-Classification\data\raw\class_01_motorcycle\Motorcycle (29).jpg
20251231_210351,2025-12-31T22:00:41,c:\Users\amrem\Documents\Engineering Year 4\Machine Learning\Project\Vehicle-Classification\data\inbox\archive\Vehicles\Motorcycles\Motorcycle (290).jpg,label,1,0,class_01_motorcycle,c:\Users\amrem\Documents\Engineering Year 4\Machine Learning\Project\Vehicle-Classification\data\raw\class_01_motorcycle\Motorcycle (290).jpg
20251231_210351,2025-12-31T22:00:44,c:\Users\amrem\Documents\Engineering Year 4\Machine Learning\Project\Vehicle-Classification\data\inbox\archive\Vehicles\Motorcycles\Motorcycle (291).jpg,reject,,,reject,c:\Users\amrem\Documents\Engineering Year 4\Machine Learning\Project\Vehicle-Classification\data\raw\reject\Motorcycle (291).jpg
20251231_210351,2025-12-31T22:00:44,c:\Users\amrem\Documents\Engineering Year 4\Machine Learning\Project\Vehicle-Classification\data\inbox\archive\Vehicles\Motorcycles\Motorcycle (292).jpg,label,1,0,class_01_motorcycle,c:\Users\amrem\Documents\Engineering Year 4\Machine Learning\Project\Vehicle-Classification\data\raw\class_01_motorcycle\Motorcycle (292).jpg
20251231_210351,2025-12-31T22:00:45,c:\Users\amrem\Documents\Engineering Year 4\Machine Learning\Project\Vehicle-Classification\data\inbox\archive\Vehicles\Motorcycles\Motorcycle (293).jpg,label,1,0,class_01_motorcycle,c:\Users\amrem\Documents\Engineering Year 4\Machine Learning\Project\Vehicle-Classification\data\raw\class_01_motorcycle\Motorcycle (293).jpg
20251231_210351,2025-12-31T22:00:49,c:\Users\amrem\Documents\Engineering Year 4\Machine Learning\Project\Vehicle-Classification\data\inbox\archive\Vehicles\Motorcycles\Motorcycle (294).jpg,reject,,,reject,c:\Users\amrem\Documents\Engineering Year 4\Machine Learning\Project\Vehicle-Classification\data\raw\reject\Motorcycle (294).jpg
20251231_210351,2025-12-31T22:00:50,c:\Users\amrem\Documents\Engineering Year 4\Machine Learning\Project\Vehicle-Classification\data\inbox\archive\Vehicles\Motorcycles\Motorcycle (295).jpg,label,1,0,class_01_motorcycle,c:\Users\amrem\Documents\Engineering Year 4\Machine Learning\Project\Vehicle-Classification\data\raw\class_01_motorcycle\Motorcycle (295).jpg
20251231_210351,2025-12-31T22:00:52,c:\Users\amrem\Documents\Engineering Year 4\Machine Learning\Project\Vehicle-Classification\data\inbox\archive\Vehicles\Motorcycles\Motorcycle (296).jpg,label,1,0,class_01_motorcycle,c:\Users\amrem\Documents\Engineering Year 4\Machine Learning\Project\Vehicle-Classification\data\raw\class_01_motorcycle\Motorcycle (296).jpg
20251231_210351,2025-12-31T22:00:53,c:\Users\amrem\Documents\Engineering Year 4\Machine Learning\Project\Vehicle-Classification\data\inbox\archive\Vehicles\Motorcycles\Motorcycle (297).jpg,label,1,0,class_01_motorcycle,c:\Users\amrem\Documents\Engineering Year 4\Machine Learning\Project\Vehicle-Classification\data\raw\class_01_motorcycle\Motorcycle (297).jpg
20251231_210351,2025-12-31T22:00:54,c:\Users\amrem\Documents\Engineering Year 4\Machine Learning\Project\Vehicle-Classification\data\inbox\archive\Vehicles\Motorcycles\Motorcycle (298).jpg,label,1,0,class_01_motorcycle,c:\Users\amrem\Documents\Engineering Year 4\Machine Learning\Project\Vehicle-Classification\data\raw\class_01_motorcycle\Motorcycle (298).jpg
20251231_210351,2025-12-31T22:00:57,c:\Users\amrem\Documents\Engineering Year 4\Machine Learning\Project\Vehicle-Classification\data\inbox\archive\Vehicles\Motorcycles\Motorcycle (299).jpg,label,1,0,class_01_motorcycle,c:\Users\amrem\Documents\Engineering Year 4\Machine Learning\Project\Vehicle-Classification\data\raw\class_01_motorcycle\Motorcycle (299).jpg
20251231_210351,2025-12-31T22:00:59,c:\Users\amrem\Documents\Engineering Year 4\Machine Learning\Project\Vehicle-Classification\data\inbox\archive\Vehicles\Motorcycles\Motorcycle (3).jpg,label,1,0,class_01_motorcycle,c:\Users\amrem\Documents\Engineering Year 4\Machine Learning\Project\Vehicle-Classification\data\raw\class_01_motorcycle\Motorcycle (3).jpg
20251231_210351,2025-12-31T22:01:00,c:\Users\amrem\Documents\Engineering Year 4\Machine Learning\Project\Vehicle-Classification\data\inbox\archive\Vehicles\Motorcycles\Motorcycle (30).jpg,label,1,0,class_01_motorcycle,c:\Users\amrem\Documents\Engineering Year 4\Machine Learning\Project\Vehicle-Classification\data\raw\class_01_motorcycle\Motorcycle (30).jpg
20251231_210351,2025-12-31T22:01:01,c:\Users\amrem\Documents\Engineering Year 4\Machine Learning\Project\Vehicle-Classification\data\inbox\archive\Vehicles\Motorcycles\Motorcycle (300).jpg,label,1,0,class_01_motorcycle,c:\Users\amrem\Documents\Engineering Year 4\Machine Learning\Project\Vehicle-Classification\data\raw\class_01_motorcycle\Motorcycle (300).jpg
20251231_220245,2025-12-31T22:02:51,c:\Users\amrem\Documents\Engineering Year 4\Machine Learning\Project\Vehicle-Classification\data\inbox\archive\Vehicles\Motorcycles\Motorcycle (382).jpg,label,1,0,class_01_motorcycle,c:\Users\amrem\Documents\Engineering Year 4\Machine Learning\Project\Vehicle-Classification\data\raw\class_01_motorcycle\Motorcycle (382).jpg
20251231_220245,2025-12-31T22:02:54,c:\Users\amrem\Documents\Engineering Year 4\Machine Learning\Project\Vehicle-Classification\data\inbox\archive\Vehicles\Motorcycles\Motorcycle (383).jpg,label,1,0,class_01_motorcycle,c:\Users\amrem\Documents\Engineering Year 4\Machine Learning\Project\Vehicle-Classification\data\raw\class_01_motorcycle\Motorcycle (383).jpg
20251231_220245,2025-12-31T22:02:55,c:\Users\amrem\Documents\Engineering Year 4\Machine Learning\Project\Vehicle-Classification\data\inbox\archive\Vehicles\Motorcycles\Motorcycle (384).jpg,label,1,0,class_01_motorcycle,c:\Users\amrem\Documents\Engineering Year 4\Machine Learning\Project\Vehicle-Classification\data\raw\class_01_motorcycle\Motorcycle (384).jpg
20251231_220245,2025-12-31T22:02:57,c:\Users\amrem\Documents\Engineering Year 4\Machine Learning\Project\Vehicle-Classification\data\inbox\archive\Vehicles\Motorcycles\Motorcycle (385).jpg,label,1,0,class_01_motorcycle,c:\Users\amrem\Documents\Engineering Year 4\Machine Learning\Project\Vehicle-Classification\data\raw\class_01_motorcycle\Motorcycle (385).jpg
20251231_220245,2025-12-31T22:02:57,c:\Users\amrem\Documents\Engineering Year 4\Machine Learning\Project\Vehicle-Classification\data\inbox\archive\Vehicles\Motorcycles\Motorcycle (386).jpg,label,1,0,class_01_motorcycle,c:\Users\amrem\Documents\Engineering Year 4\Machine Learning\Project\Vehicle-Classification\data\raw\class_01_motorcycle\Motorcycle (386).jpg
20251231_220245,2025-12-31T22:02:58,c:\Users\amrem\Documents\Engineering Year 4\Machine Learning\Project\Vehicle-Classification\data\inbox\archive\Vehicles\Motorcycles\Motorcycle (387).jpg,label,1,0,class_01_motorcycle,c:\Users\amrem\Documents\Engineering Year 4\Machine Learning\Project\Vehicle-Classification\data\raw\class_01_motorcycle\Motorcycle (387).jpg
20251231_220245,2025-12-31T22:03:00,c:\Users\amrem\Documents\Engineering Year 4\Machine Learning\Project\Vehicle-Classification\data\inbox\archive\Vehicles\Motorcycles\Motorcycle (388).jpg,reject,,,reject,c:\Users\amrem\Documents\Engineering Year 4\Machine Learning\Project\Vehicle-Classification\data\raw\reject\Motorcycle (388).jpg
20251231_220245,2025-12-31T22:03:01,c:\Users\amrem\Documents\Engineering Year 4\Machine Learning\Project\Vehicle-Classification\data\inbox\archive\Vehicles\Motorcycles\Motorcycle (389).jpg,label,1,0,class_01_motorcycle,c:\Users\amrem\Documents\Engineering Year 4\Machine Learning\Project\Vehicle-Classification\data\raw\class_01_motorcycle\Motorcycle (389).jpg
20251231_220245,2025-12-31T22:03:02,c:\Users\amrem\Documents\Engineering Year 4\Machine Learning\Project\Vehicle-Classification\data\inbox\archive\Vehicles\Motorcycles\Motorcycle (390).jpg,label,1,0,class_01_motorcycle,c:\Users\amrem\Documents\Engineering Year 4\Machine Learning\Project\Vehicle-Classification\data\raw\class_01_motorcycle\Motorcycle (390).jpg
20251231_220245,2025-12-31T22:03:04,c:\Users\amrem\Documents\Engineering Year 4\Machine Learning\Project\Vehicle-Classification\data\inbox\archive\Vehicles\Motorcycles\Motorcycle (391).jpg,reject,,,reject,c:\Users\amrem\Documents\Engineering Year 4\Machine Learning\Project\Vehicle-Classification\data\raw\reject\Motorcycle (391).jpg
20251231_220245,2025-12-31T22:03:05,c:\Users\amrem\Documents\Engineering Year 4\Machine Learning\Project\Vehicle-Classification\data\inbox\archive\Vehicles\Motorcycles\Motorcycle (392).jpg,label,1,0,class_01_motorcycle,c:\Users\amrem\Documents\Engineering Year 4\Machine Learning\Project\Vehicle-Classification\data\raw\class_01_motorcycle\Motorcycle (392).jpg
20251231_220245,2025-12-31T22:03:06,c:\Users\amrem\Documents\Engineering Year 4\Machine Learning\Project\Vehicle-Classification\data\inbox\archive\Vehicles\Motorcycles\Motorcycle (393).jpg,label,1,0,class_01_motorcycle,c:\Users\amrem\Documents\Engineering Year 4\Machine Learning\Project\Vehicle-Classification\data\raw\class_01_motorcycle\Motorcycle (393).jpg
20251231_220245,2025-12-31T22:03:07,c:\Users\amrem\Documents\Engineering Year 4\Machine Learning\Project\Vehicle-Classification\data\inbox\archive\Vehicles\Motorcycles\Motorcycle (394).jpg,label,1,0,class_01_motorcycle,c:\Users\amrem\Documents\Engineering Year 4\Machine Learning\Project\Vehicle-Classification\data\raw\class_01_motorcycle\Motorcycle (394).jpg
20251231_220245,2025-12-31T22:03:08,c:\Users\amrem\Documents\Engineering Year 4\Machine Learning\Project\Vehicle-Classification\data\inbox\archive\Vehicles\Motorcycles\Motorcycle (395).jpg,label,1,0,class_01_motorcycle,c:\Users\amrem\Documents\Engineering Year 4\Machine Learning\Project\Vehicle-Classification\data\raw\class_01_motorcycle\Motorcycle (395).jpg
20251231_220245,2025-12-31T22:03:09,c:\Users\amrem\Documents\Engineering Year 4\Machine Learning\Project\Vehicle-Classification\data\inbox\archive\Vehicles\Motorcycles\Motorcycle (396).jpg,label,1,0,class_01_motorcycle,c:\Users\amrem\Documents\Engineering Year 4\Machine Learning\Project\Vehicle-Classification\data\raw\class_01_motorcycle\Motorcycle (396).jpg
20251231_220245,2025-12-31T22:03:12,c:\Users\amrem\Documents\Engineering Year 4\Machine Learning\Project\Vehicle-Classification\data\inbox\archive\Vehicles\Motorcycles\Motorcycle (397).png,label,1,0,class_01_motorcycle,c:\Users\amrem\Documents\Engineering Year 4\Machine Learning\Project\Vehicle-Classification\data\raw\class_01_motorcycle\Motorcycle (397).png
20251231_220245,2025-12-31T22:03:14,c:\Users\amrem\Documents\Engineering Year 4\Machine Learning\Project\Vehicle-Classification\data\inbox\archive\Vehicles\Motorcycles\Motorcycle (398).jpg,label,1,0,class_01_motorcycle,c:\Users\amrem\Documents\Engineering Year 4\Machine Learning\Project\Vehicle-Classification\data\raw\class_01_motorcycle\Motorcycle (398).jpg
20251231_220245,2025-12-31T22:03:14,c:\Users\amrem\Documents\Engineering Year 4\Machine Learning\Project\Vehicle-Classification\data\inbox\archive\Vehicles\Motorcycles\Motorcycle (399).jpg,label,1,0,class_01_motorcycle,c:\Users\amrem\Documents\Engineering Year 4\Machine Learning\Project\Vehicle-Classification\data\raw\class_01_motorcycle\Motorcycle (399).jpg
20251231_220245,2025-12-31T22:03:16,c:\Users\amrem\Documents\Engineering Year 4\Machine Learning\Project\Vehicle-Classification\data\inbox\archive\Vehicles\Motorcycles\Motorcycle (400).jpg,label,1,0,class_01_motorcycle,c:\Users\amrem\Documents\Engineering Year 4\Machine Learning\Project\Vehicle-Classification\data\raw\class_01_motorcycle\Motorcycle (400).jpg
20251231_220245,2025-12-31T22:03:17,c:\Users\amrem\Documents\Engineering Year 4\Machine Learning\Project\Vehicle-Classification\data\inbox\archive\Vehicles\Motorcycles\Motorcycle (401).jpg,label,1,0,class_01_motorcycle,c:\Users\amrem\Documents\Engineering Year 4\Machine Learning\Project\Vehicle-Classification\data\raw\class_01_motorcycle\Motorcycle (401).jpg
20251231_220245,2025-12-31T22:03:18,c:\Users\amrem\Documents\Engineering Year 4\Machine Learning\Project\Vehicle-Classification\data\inbox\archive\Vehicles\Motorcycles\Motorcycle (402).jpg,label,1,0,class_01_motorcycle,c:\Users\amrem\Documents\Engineering Year 4\Machine Learning\Project\Vehicle-Classification\data\raw\class_01_motorcycle\Motorcycle (402).jpg
20251231_220245,2025-12-31T22:03:20,c:\Users\amrem\Documents\Engineering Year 4\Machine Learning\Project\Vehicle-Classification\data\inbox\archive\Vehicles\Motorcycles\Motorcycle (403).jpg,reject,,,reject,c:\Users\amrem\Documents\Engineering Year 4\Machine Learning\Project\Vehicle-Classification\data\raw\reject\Motorcycle (403).jpg
20251231_220245,2025-12-31T22:03:22,c:\Users\amrem\Documents\Engineering Year 4\Machine Learning\Project\Vehicle-Classification\data\inbox\archive\Vehicles\Motorcycles\Motorcycle (404).jpg,label,1,0,class_01_motorcycle,c:\Users\amrem\Documents\Engineering Year 4\Machine Learning\Project\Vehicle-Classification\data\raw\class_01_motorcycle\Motorcycle (404).jpg
20251231_220245,2025-12-31T22:03:24,c:\Users\amrem\Documents\Engineering Year 4\Machine Learning\Project\Vehicle-Classification\data\inbox\archive\Vehicles\Motorcycles\Motorcycle (405).jpg,reject,,,reject,c:\Users\amrem\Documents\Engineering Year 4\Machine Learning\Project\Vehicle-Classification\data\raw\reject\Motorcycle (405).jpg
20251231_220245,2025-12-31T22:03:25,c:\Users\amrem\Documents\Engineering Year 4\Machine Learning\Project\Vehicle-Classification\data\inbox\archive\Vehicles\Motorcycles\Motorcycle (406).jpg,label,1,0,class_01_motorcycle,c:\Users\amrem\Documents\Engineering Year 4\Machine Learning\Project\Vehicle-Classification\data\raw\class_01_motorcycle\Motorcycle (406).jpg
20251231_220245,2025-12-31T22:03:26,c:\Users\amrem\Documents\Engineering Year 4\Machine Learning\Project\Vehicle-Classification\data\inbox\archive\Vehicles\Motorcycles\Motorcycle (407).jpg,label,1,0,class_01_motorcycle,c:\Users\amrem\Documents\Engineering Year 4\Machine Learning\Project\Vehicle-Classification\data\raw\class_01_motorcycle\Motorcycle (407).jpg
20251231_220245,2025-12-31T22:03:26,c:\Users\amrem\Documents\Engineering Year 4\Machine Learning\Project\Vehicle-Classification\data\inbox\archive\Vehicles\Motorcycles\Motorcycle (408).jpg,label,1,0,class_01_motorcycle,c:\Users\amrem\Documents\Engineering Year 4\Machine Learning\Project\Vehicle-Classification\data\raw\class_01_motorcycle\Motorcycle (408).jpg
20251231_220245,2025-12-31T22:03:28,c:\Users\amrem\Documents\Engineering Year 4\Machine Learning\Project\Vehicle-Classification\data\inbox\archive\Vehicles\Motorcycles\Motorcycle (409).jpg,reject,,,reject,c:\Users\amrem\Documents\Engineering Year 4\Machine Learning\Project\Vehicle-Classification\data\raw\reject\Motorcycle (409).jpg
20251231_220245,2025-12-31T22:03:30,c:\Users\amrem\Documents\Engineering Year 4\Machine Learning\Project\Vehicle-Classification\data\inbox\archive\Vehicles\Motorcycles\Motorcycle (410).jpg,reject,,,reject,c:\Users\amrem\Documents\Engineering Year 4\Machine Learning\Project\Vehicle-Classification\data\raw\reject\Motorcycle (410).jpg
20251231_220245,2025-12-31T22:03:32,c:\Users\amrem\Documents\Engineering Year 4\Machine Learning\Project\Vehicle-Classification\data\inbox\archive\Vehicles\Motorcycles\Motorcycle (411).jpg,reject,,,reject,c:\Users\amrem\Documents\Engineering Year 4\Machine Learning\Project\Vehicle-Classification\data\raw\reject\Motorcycle (411).jpg
20251231_220245,2025-12-31T22:03:54,c:\Users\amrem\Documents\Engineering Year 4\Machine Learning\Project\Vehicle-Classification\data\inbox\archive\Vehicles\Motorcycles\Motorcycle (412).jpg,label,1,0,class_01_motorcycle,c:\Users\amrem\Documents\Engineering Year 4\Machine Learning\Project\Vehicle-Classification\data\raw\class_01_motorcycle\Motorcycle (412).jpg
20251231_220245,2025-12-31T22:03:56,c:\Users\amrem\Documents\Engineering Year 4\Machine Learning\Project\Vehicle-Classification\data\inbox\archive\Vehicles\Motorcycles\Motorcycle (413).jpg,label,1,0,class_01_motorcycle,c:\Users\amrem\Documents\Engineering Year 4\Machine Learning\Project\Vehicle-Classification\data\raw\class_01_motorcycle\Motorcycle (413).jpg
20251231_220245,2025-12-31T22:03:57,c:\Users\amrem\Documents\Engineering Year 4\Machine Learning\Project\Vehicle-Classification\data\inbox\archive\Vehicles\Motorcycles\Motorcycle (414).jpg,label,1,0,class_01_motorcycle,c:\Users\amrem\Documents\Engineering Year 4\Machine Learning\Project\Vehicle-Classification\data\raw\class_01_motorcycle\Motorcycle (414).jpg
20251231_220245,2025-12-31T22:03:58,c:\Users\amrem\Documents\Engineering Year 4\Machine Learning\Project\Vehicle-Classification\data\inbox\archive\Vehicles\Motorcycles\Motorcycle (426).jpg,label,1,0,class_01_motorcycle,c:\Users\amrem\Documents\Engineering Year 4\Machine Learning\Project\Vehicle-Classification\data\raw\class_01_motorcycle\Motorcycle (426).jpg
20251231_220245,2025-12-31T22:03:59,c:\Users\amrem\Documents\Engineering Year 4\Machine Learning\Project\Vehicle-Classification\data\inbox\archive\Vehicles\Motorcycles\Motorcycle (427).jpg,label,1,0,class_01_motorcycle,c:\Users\amrem\Documents\Engineering Year 4\Machine Learning\Project\Vehicle-Classification\data\raw\class_01_motorcycle\Motorcycle (427).jpg
20251231_220245,2025-12-31T22:04:00,c:\Users\amrem\Documents\Engineering Year 4\Machine Learning\Project\Vehicle-Classification\data\inbox\archive\Vehicles\Motorcycles\Motorcycle (439).jpg,label,1,0,class_01_motorcycle,c:\Users\amrem\Documents\Engineering Year 4\Machine Learning\Project\Vehicle-Classification\data\raw\class_01_motorcycle\Motorcycle (439).jpg
20251231_220245,2025-12-31T22:04:01,c:\Users\amrem\Documents\Engineering Year 4\Machine Learning\Project\Vehicle-Classification\data\inbox\archive\Vehicles\Motorcycles\Motorcycle (440).jpg,label,1,0,class_01_motorcycle,c:\Users\amrem\Documents\Engineering Year 4\Machine Learning\Project\Vehicle-Classification\data\raw\class_01_motorcycle\Motorcycle (440).jpg
20251231_220245,2025-12-31T22:04:02,c:\Users\amrem\Documents\Engineering Year 4\Machine Learning\Project\Vehicle-Classification\data\inbox\archive\Vehicles\Motorcycles\Motorcycle (452).jpg,label,1,0,class_01_motorcycle,c:\Users\amrem\Documents\Engineering Year 4\Machine Learning\Project\Vehicle-Classification\data\raw\class_01_motorcycle\Motorcycle (452).jpg
20251231_220245,2025-12-31T22:04:03,c:\Users\amrem\Documents\Engineering Year 4\Machine Learning\Project\Vehicle-Classification\data\inbox\archive\Vehicles\Motorcycles\Motorcycle (453).jpg,label,1,0,class_01_motorcycle,c:\Users\amrem\Documents\Engineering Year 4\Machine Learning\Project\Vehicle-Classification\data\raw\class_01_motorcycle\Motorcycle (453).jpg
20251231_220245,2025-12-31T22:04:04,c:\Users\amrem\Documents\Engineering Year 4\Machine Learning\Project\Vehicle-Classification\data\inbox\archive\Vehicles\Motorcycles\Motorcycle (465).jpg,label,1,0,class_01_motorcycle,c:\Users\amrem\Documents\Engineering Year 4\Machine Learning\Project\Vehicle-Classification\data\raw\class_01_motorcycle\Motorcycle (465).jpg
20251231_220245,2025-12-31T22:04:04,c:\Users\amrem\Documents\Engineering Year 4\Machine Learning\Project\Vehicle-Classification\data\inbox\archive\Vehicles\Motorcycles\Motorcycle (466).jpg,label,1,0,class_01_motorcycle,c:\Users\amrem\Documents\Engineering Year 4\Machine Learning\Project\Vehicle-Classification\data\raw\class_01_motorcycle\Motorcycle (466).jpg
20251231_220245,2025-12-31T22:04:05,c:\Users\amrem\Documents\Engineering Year 4\Machine Learning\Project\Vehicle-Classification\data\inbox\archive\Vehicles\Motorcycles\Motorcycle (478).jpg,label,1,0,class_01_motorcycle,c:\Users\amrem\Documents\Engineering Year 4\Machine Learning\Project\Vehicle-Classification\data\raw\class_01_motorcycle\Motorcycle (478).jpg
20251231_220245,2025-12-31T22:04:06,c:\Users\amrem\Documents\Engineering Year 4\Machine Learning\Project\Vehicle-Classification\data\inbox\archive\Vehicles\Motorcycles\Motorcycle (479).jpg,label,1,0,class_01_motorcycle,c:\Users\amrem\Documents\Engineering Year 4\Machine Learning\Project\Vehicle-Classification\data\raw\class_01_motorcycle\Motorcycle (479).jpg
20251231_220245,2025-12-31T22:04:07,c:\Users\amrem\Documents\Engineering Year 4\Machine Learning\Project\Vehicle-Classification\data\inbox\archive\Vehicles\Motorcycles\Motorcycle (491).jpg,label,1,0,class_01_motorcycle,c:\Users\amrem\Documents\Engineering Year 4\Machine Learning\Project\Vehicle-Classification\data\raw\class_01_motorcycle\Motorcycle (491).jpg
20251231_220245,2025-12-31T22:04:08,c:\Users\amrem\Documents\Engineering Year 4\Machine Learning\Project\Vehicle-Classification\data\inbox\archive\Vehicles\Motorcycles\Motorcycle (492).jpg,label,1,0,class_01_motorcycle,c:\Users\amrem\Documents\Engineering Year 4\Machine Learning\Project\Vehicle-Classification\data\raw\class_01_motorcycle\Motorcycle (492).jpg
20251231_220245,2025-12-31T22:04:09,c:\Users\amrem\Documents\Engineering Year 4\Machine Learning\Project\Vehicle-Classification\data\inbox\archive\Vehicles\Motorcycles\Motorcycle (504).jpg,label,1,0,class_01_motorcycle,c:\Users\amrem\Documents\Engineering Year 4\Machine Learning\Project\Vehicle-Classification\data\raw\class_01_motorcycle\Motorcycle (504).jpg
20251231_220245,2025-12-31T22:04:10,c:\Users\amrem\Documents\Engineering Year 4\Machine Learning\Project\Vehicle-Classification\data\inbox\archive\Vehicles\Motorcycles\Motorcycle (505).jpg,label,1,0,class_01_motorcycle,c:\Users\amrem\Documents\Engineering Year 4\Machine Learning\Project\Vehicle-Classification\data\raw\class_01_motorcycle\Motorcycle (505).jpg
20251231_220245,2025-12-31T22:04:12,c:\Users\amrem\Documents\Engineering Year 4\Machine Learning\Project\Vehicle-Classification\data\inbox\archive\Vehicles\Motorcycles\Motorcycle (517).jpg,reject,,,reject,c:\Users\amrem\Documents\Engineering Year 4\Machine Learning\Project\Vehicle-Classification\data\raw\reject\Motorcycle (517).jpg
20251231_220245,2025-12-31T22:04:13,c:\Users\amrem\Documents\Engineering Year 4\Machine Learning\Project\Vehicle-Classification\data\inbox\archive\Vehicles\Motorcycles\Motorcycle (518).jpg,label,1,0,class_01_motorcycle,c:\Users\amrem\Documents\Engineering Year 4\Machine Learning\Project\Vehicle-Classification\data\raw\class_01_motorcycle\Motorcycle (518).jpg
20251231_220245,2025-12-31T22:04:14,c:\Users\amrem\Documents\Engineering Year 4\Machine Learning\Project\Vehicle-Classification\data\inbox\archive\Vehicles\Motorcycles\Motorcycle (530).jpg,label,1,0,class_01_motorcycle,c:\Users\amrem\Documents\Engineering Year 4\Machine Learning\Project\Vehicle-Classification\data\raw\class_01_motorcycle\Motorcycle (530).jpg
20251231_220245,2025-12-31T22:04:15,c:\Users\amrem\Documents\Engineering Year 4\Machine Learning\Project\Vehicle-Classification\data\inbox\archive\Vehicles\Motorcycles\Motorcycle (531).jpg,label,1,0,class_01_motorcycle,c:\Users\amrem\Documents\Engineering Year 4\Machine Learning\Project\Vehicle-Classification\data\raw\class_01_motorcycle\Motorcycle (531).jpg
20251231_220245,2025-12-31T22:04:15,c:\Users\amrem\Documents\Engineering Year 4\Machine Learning\Project\Vehicle-Classification\data\inbox\archive\Vehicles\Motorcycles\Motorcycle (543).jpg,label,1,0,class_01_motorcycle,c:\Users\amrem\Documents\Engineering Year 4\Machine Learning\Project\Vehicle-Classification\data\raw\class_01_motorcycle\Motorcycle (543).jpg
20251231_220245,2025-12-31T22:04:16,c:\Users\amrem\Documents\Engineering Year 4\Machine Learning\Project\Vehicle-Classification\data\inbox\archive\Vehicles\Motorcycles\Motorcycle (544).jpg,label,1,0,class_01_motorcycle,c:\Users\amrem\Documents\Engineering Year 4\Machine Learning\Project\Vehicle-Classification\data\raw\class_01_motorcycle\Motorcycle (544).jpg
20251231_220245,2025-12-31T22:04:18,c:\Users\amrem\Documents\Engineering Year 4\Machine Learning\Project\Vehicle-Classification\data\inbox\archive\Vehicles\Motorcycles\Motorcycle (556).jpg,label,1,0,class_01_motorcycle,c:\Users\amrem\Documents\Engineering Year 4\Machine Learning\Project\Vehicle-Classification\data\raw\class_01_motorcycle\Motorcycle (556).jpg
20251231_220245,2025-12-31T22:04:20,c:\Users\amrem\Documents\Engineering Year 4\Machine Learning\Project\Vehicle-Classification\data\inbox\archive\Vehicles\Motorcycles\Motorcycle (557).jpg,reject,,,reject,c:\Users\amrem\Documents\Engineering Year 4\Machine Learning\Project\Vehicle-Classification\data\raw\reject\Motorcycle (557).jpg
20251231_220245,2025-12-31T22:04:21,c:\Users\amrem\Documents\Engineering Year 4\Machine Learning\Project\Vehicle-Classification\data\inbox\archive\Vehicles\Motorcycles\Motorcycle (569).jpg,label,1,0,class_01_motorcycle,c:\Users\amrem\Documents\Engineering Year 4\Machine Learning\Project\Vehicle-Classification\data\raw\class_01_motorcycle\Motorcycle (569).jpg
20251231_220245,2025-12-31T22:04:21,c:\Users\amrem\Documents\Engineering Year 4\Machine Learning\Project\Vehicle-Classification\data\inbox\archive\Vehicles\Motorcycles\Motorcycle (570).jpg,label,1,0,class_01_motorcycle,c:\Users\amrem\Documents\Engineering Year 4\Machine Learning\Project\Vehicle-Classification\data\raw\class_01_motorcycle\Motorcycle (570).jpg
20251231_220245,2025-12-31T22:04:22,c:\Users\amrem\Documents\Engineering Year 4\Machine Learning\Project\Vehicle-Classification\data\inbox\archive\Vehicles\Motorcycles\Motorcycle (582).jpg,label,1,0,class_01_motorcycle,c:\Users\amrem\Documents\Engineering Year 4\Machine Learning\Project\Vehicle-Classification\data\raw\class_01_motorcycle\Motorcycle (582).jpg
20251231_220245,2025-12-31T22:04:24,c:\Users\amrem\Documents\Engineering Year 4\Machine Learning\Project\Vehicle-Classification\data\inbox\archive\Vehicles\Motorcycles\Motorcycle (583).jpg,reject,,,reject,c:\Users\amrem\Documents\Engineering Year 4\Machine Learning\Project\Vehicle-Classification\data\raw\reject\Motorcycle (583).jpg
20251231_220245,2025-12-31T22:04:24,c:\Users\amrem\Documents\Engineering Year 4\Machine Learning\Project\Vehicle-Classification\data\inbox\archive\Vehicles\Motorcycles\Motorcycle (595).jpg,label,1,0,class_01_motorcycle,c:\Users\amrem\Documents\Engineering Year 4\Machine Learning\Project\Vehicle-Classification\data\raw\class_01_motorcycle\Motorcycle (595).jpg
20251231_220245,2025-12-31T22:04:25,c:\Users\amrem\Documents\Engineering Year 4\Machine Learning\Project\Vehicle-Classification\data\inbox\archive\Vehicles\Motorcycles\Motorcycle (596).jpg,label,1,0,class_01_motorcycle,c:\Users\amrem\Documents\Engineering Year 4\Machine Learning\Project\Vehicle-Classification\data\raw\class_01_motorcycle\Motorcycle (596).jpg
20251231_220245,2025-12-31T22:04:26,c:\Users\amrem\Documents\Engineering Year 4\Machine Learning\Project\Vehicle-Classification\data\inbox\archive\Vehicles\Motorcycles\Motorcycle (608).jpg,label,1,0,class_01_motorcycle,c:\Users\amrem\Documents\Engineering Year 4\Machine Learning\Project\Vehicle-Classification\data\raw\class_01_motorcycle\Motorcycle (608).jpg
20251231_220245,2025-12-31T22:04:26,c:\Users\amrem\Documents\Engineering Year 4\Machine Learning\Project\Vehicle-Classification\data\inbox\archive\Vehicles\Motorcycles\Motorcycle (609).jpg,label,1,0,class_01_motorcycle,c:\Users\amrem\Documents\Engineering Year 4\Machine Learning\Project\Vehicle-Classification\data\raw\class_01_motorcycle\Motorcycle (609).jpg
20251231_220245,2025-12-31T22:04:27,c:\Users\amrem\Documents\Engineering Year 4\Machine Learning\Project\Vehicle-Classification\data\inbox\archive\Vehicles\Motorcycles\Motorcycle (621).jpg,label,1,0,class_01_motorcycle,c:\Users\amrem\Documents\Engineering Year 4\Machine Learning\Project\Vehicle-Classification\data\raw\class_01_motorcycle\Motorcycle (621).jpg
20251231_220245,2025-12-31T22:04:28,c:\Users\amrem\Documents\Engineering Year 4\Machine Learning\Project\Vehicle-Classification\data\inbox\archive\Vehicles\Motorcycles\Motorcycle (622).jpg,label,1,0,class_01_motorcycle,c:\Users\amrem\Documents\Engineering Year 4\Machine Learning\Project\Vehicle-Classification\data\raw\class_01_motorcycle\Motorcycle (622).jpg
20251231_220245,2025-12-31T22:04:29,c:\Users\amrem\Documents\Engineering Year 4\Machine Learning\Project\Vehicle-Classification\data\inbox\archive\Vehicles\Motorcycles\Motorcycle (634).jpg,label,1,0,class_01_motorcycle,c:\Users\amrem\Documents\Engineering Year 4\Machine Learning\Project\Vehicle-Classification\data\raw\class_01_motorcycle\Motorcycle (634).jpg
20251231_220245,2025-12-31T22:04:30,c:\Users\amrem\Documents\Engineering Year 4\Machine Learning\Project\Vehicle-Classification\data\inbox\archive\Vehicles\Motorcycles\Motorcycle (635).jpg,label,1,0,class_01_motorcycle,c:\Users\amrem\Documents\Engineering Year 4\Machine Learning\Project\Vehicle-Classification\data\raw\class_01_motorcycle\Motorcycle (635).jpg
20251231_220245,2025-12-31T22:04:30,c:\Users\amrem\Documents\Engineering Year 4\Machine Learning\Project\Vehicle-Classification\data\inbox\archive\Vehicles\Motorcycles\Motorcycle (647).jpg,label,1,0,class_01_motorcycle,c:\Users\amrem\Documents\Engineering Year 4\Machine Learning\Project\Vehicle-Classification\data\raw\class_01_motorcycle\Motorcycle (647).jpg
20251231_220245,2025-12-31T22:04:31,c:\Users\amrem\Documents\Engineering Year 4\Machine Learning\Project\Vehicle-Classification\data\inbox\archive\Vehicles\Motorcycles\Motorcycle (648).jpg,label,1,0,class_01_motorcycle,c:\Users\amrem\Documents\Engineering Year 4\Machine Learning\Project\Vehicle-Classification\data\raw\class_01_motorcycle\Motorcycle (648).jpg
20251231_220245,2025-12-31T22:04:32,c:\Users\amrem\Documents\Engineering Year 4\Machine Learning\Project\Vehicle-Classification\data\inbox\archive\Vehicles\Motorcycles\Motorcycle (660).jpg,label,1,0,class_01_motorcycle,c:\Users\amrem\Documents\Engineering Year 4\Machine Learning\Project\Vehicle-Classification\data\raw\class_01_motorcycle\Motorcycle (660).jpg
20251231_220245,2025-12-31T22:04:33,c:\Users\amrem\Documents\Engineering Year 4\Machine Learning\Project\Vehicle-Classification\data\inbox\archive\Vehicles\Motorcycles\Motorcycle (661).jpg,label,1,0,class_01_motorcycle,c:\Users\amrem\Documents\Engineering Year 4\Machine Learning\Project\Vehicle-Classification\data\raw\class_01_motorcycle\Motorcycle (661).jpg
20251231_220245,2025-12-31T22:04:34,c:\Users\amrem\Documents\Engineering Year 4\Machine Learning\Project\Vehicle-Classification\data\inbox\archive\Vehicles\Motorcycles\Motorcycle (673).jpg,label,1,0,class_01_motorcycle,c:\Users\amrem\Documents\Engineering Year 4\Machine Learning\Project\Vehicle-Classification\data\raw\class_01_motorcycle\Motorcycle (673).jpg
20251231_220245,2025-12-31T22:04:35,c:\Users\amrem\Documents\Engineering Year 4\Machine Learning\Project\Vehicle-Classification\data\inbox\archive\Vehicles\Motorcycles\Motorcycle (674).jpg,reject,,,reject,c:\Users\amrem\Documents\Engineering Year 4\Machine Learning\Project\Vehicle-Classification\data\raw\reject\Motorcycle (674).jpg
20251231_220245,2025-12-31T22:04:37,c:\Users\amrem\Documents\Engineering Year 4\Machine Learning\Project\Vehicle-Classification\data\inbox\archive\Vehicles\Motorcycles\Motorcycle (686).jpg,label,1,0,class_01_motorcycle,c:\Users\amrem\Documents\Engineering Year 4\Machine Learning\Project\Vehicle-Classification\data\raw\class_01_motorcycle\Motorcycle (686).jpg
20251231_220245,2025-12-31T22:04:38,c:\Users\amrem\Documents\Engineering Year 4\Machine Learning\Project\Vehicle-Classification\data\inbox\archive\Vehicles\Motorcycles\Motorcycle (687).jpg,label,1,0,class_01_motorcycle,c:\Users\amrem\Documents\Engineering Year 4\Machine Learning\Project\Vehicle-Classification\data\raw\class_01_motorcycle\Motorcycle (687).jpg
20251231_220245,2025-12-31T22:04:39,c:\Users\amrem\Documents\Engineering Year 4\Machine Learning\Project\Vehicle-Classification\data\inbox\archive\Vehicles\Motorcycles\Motorcycle (699).jpg,label,1,0,class_01_motorcycle,c:\Users\amrem\Documents\Engineering Year 4\Machine Learning\Project\Vehicle-Classification\data\raw\class_01_motorcycle\Motorcycle (699).jpg
20251231_220245,2025-12-31T22:04:40,c:\Users\amrem\Documents\Engineering Year 4\Machine Learning\Project\Vehicle-Classification\data\inbox\archive\Vehicles\Motorcycles\Motorcycle (700).jpg,label,1,0,class_01_motorcycle,c:\Users\amrem\Documents\Engineering Year 4\Machine Learning\Project\Vehicle-Classification\data\raw\class_01_motorcycle\Motorcycle (700).jpg
20251231_220245,2025-12-31T22:04:40,c:\Users\amrem\Documents\Engineering Year 4\Machine Learning\Project\Vehicle-Classification\data\inbox\archive\Vehicles\Motorcycles\Motorcycle (712).jpg,label,1,0,class_01_motorcycle,c:\Users\amrem\Documents\Engineering Year 4\Machine Learning\Project\Vehicle-Classification\data\raw\class_01_motorcycle\Motorcycle (712).jpg
20251231_220245,2025-12-31T22:04:41,c:\Users\amrem\Documents\Engineering Year 4\Machine Learning\Project\Vehicle-Classification\data\inbox\archive\Vehicles\Motorcycles\Motorcycle (713).jpg,label,1,0,class_01_motorcycle,c:\Users\amrem\Documents\Engineering Year 4\Machine Learning\Project\Vehicle-Classification\data\raw\class_01_motorcycle\Motorcycle (713).jpg
20251231_220245,2025-12-31T22:04:41,c:\Users\amrem\Documents\Engineering Year 4\Machine Learning\Project\Vehicle-Classification\data\inbox\archive\Vehicles\Motorcycles\Motorcycle (725).jpg,label,1,0,class_01_motorcycle,c:\Users\amrem\Documents\Engineering Year 4\Machine Learning\Project\Vehicle-Classification\data\raw\class_01_motorcycle\Motorcycle (725).jpg
20251231_220245,2025-12-31T22:04:42,c:\Users\amrem\Documents\Engineering Year 4\Machine Learning\Project\Vehicle-Classification\data\inbox\archive\Vehicles\Motorcycles\Motorcycle (726).jpg,label,1,0,class_01_motorcycle,c:\Users\amrem\Documents\Engineering Year 4\Machine Learning\Project\Vehicle-Classification\data\raw\class_01_motorcycle\Motorcycle (726).jpg
20251231_220245,2025-12-31T22:04:43,c:\Users\amrem\Documents\Engineering Year 4\Machine Learning\Project\Vehicle-Classification\data\inbox\archive\Vehicles\Motorcycles\Motorcycle (738).jpg,label,1,0,class_01_motorcycle,c:\Users\amrem\Documents\Engineering Year 4\Machine Learning\Project\Vehicle-Classification\data\raw\class_01_motorcycle\Motorcycle (738).jpg
20251231_220245,2025-12-31T22:04:43,c:\Users\amrem\Documents\Engineering Year 4\Machine Learning\Project\Vehicle-Classification\data\inbox\archive\Vehicles\Motorcycles\Motorcycle (739).jpg,label,1,0,class_01_motorcycle,c:\Users\amrem\Documents\Engineering Year 4\Machine Learning\Project\Vehicle-Classification\data\raw\class_01_motorcycle\Motorcycle (739).jpg
20251231_220245,2025-12-31T22:04:44,c:\Users\amrem\Documents\Engineering Year 4\Machine Learning\Project\Vehicle-Classification\data\inbox\archive\Vehicles\Motorcycles\Motorcycle (751).jpg,label,1,0,class_01_motorcycle,c:\Users\amrem\Documents\Engineering Year 4\Machine Learning\Project\Vehicle-Classification\data\raw\class_01_motorcycle\Motorcycle (751).jpg
20251231_220245,2025-12-31T22:04:44,c:\Users\amrem\Documents\Engineering Year 4\Machine Learning\Project\Vehicle-Classification\data\inbox\archive\Vehicles\Motorcycles\Motorcycle (752).jpg,label,1,0,class_01_motorcycle,c:\Users\amrem\Documents\Engineering Year 4\Machine Learning\Project\Vehicle-Classification\data\raw\class_01_motorcycle\Motorcycle (752).jpg
20251231_220245,2025-12-31T22:04:45,c:\Users\amrem\Documents\Engineering Year 4\Machine Learning\Project\Vehicle-Classification\data\inbox\archive\Vehicles\Motorcycles\Motorcycle (764).jpg,label,1,0,class_01_motorcycle,c:\Users\amrem\Documents\Engineering Year 4\Machine Learning\Project\Vehicle-Classification\data\raw\class_01_motorcycle\Motorcycle (764).jpg
20251231_220245,2025-12-31T22:04:45,c:\Users\amrem\Documents\Engineering Year 4\Machine Learning\Project\Vehicle-Classification\data\inbox\archive\Vehicles\Motorcycles\Motorcycle (765).jpg,label,1,0,class_01_motorcycle,c:\Users\amrem\Documents\Engineering Year 4\Machine Learning\Project\Vehicle-Classification\data\raw\class_01_motorcycle\Motorcycle (765).jpg
20251231_220245,2025-12-31T22:04:46,c:\Users\amrem\Documents\Engineering Year 4\Machine Learning\Project\Vehicle-Classification\data\inbox\archive\Vehicles\Motorcycles\Motorcycle (777).jpg,label,1,0,class_01_motorcycle,c:\Users\amrem\Documents\Engineering Year 4\Machine Learning\Project\Vehicle-Classification\data\raw\class_01_motorcycle\Motorcycle (777).jpg
20251231_220245,2025-12-31T22:04:47,c:\Users\amrem\Documents\Engineering Year 4\Machine Learning\Project\Vehicle-Classification\data\inbox\archive\Vehicles\Motorcycles\Motorcycle (778).jpg,label,1,0,class_01_motorcycle,c:\Users\amrem\Documents\Engineering Year 4\Machine Learning\Project\Vehicle-Classification\data\raw\class_01_motorcycle\Motorcycle (778).jpg
20251231_220245,2025-12-31T22:04:47,c:\Users\amrem\Documents\Engineering Year 4\Machine Learning\Project\Vehicle-Classification\data\inbox\archive\Vehicles\Motorcycles\Motorcycle (790).jpg,label,1,0,class_01_motorcycle,c:\Users\amrem\Documents\Engineering Year 4\Machine Learning\Project\Vehicle-Classification\data\raw\class_01_motorcycle\Motorcycle (790).jpg
20251231_220245,2025-12-31T22:04:48,c:\Users\amrem\Documents\Engineering Year 4\Machine Learning\Project\Vehicle-Classification\data\inbox\archive\Vehicles\Motorcycles\Motorcycle (791).jpg,label,1,0,class_01_motorcycle,c:\Users\amrem\Documents\Engineering Year 4\Machine Learning\Project\Vehicle-Classification\data\raw\class_01_motorcycle\Motorcycle (791).jpg
20251231_220245,2025-12-31T22:04:51,c:\Users\amrem\Documents\Engineering Year 4\Machine Learning\Project\Vehicle-Classification\data\inbox\archive (1)\Dataset\Bus\Image_1.jpg,reject,,,reject,c:\Users\amrem\Documents\Engineering Year 4\Machine Learning\Project\Vehicle-Classification\data\raw\reject\Image_1.jpg
20251231_220245,2025-12-31T22:05:17,c:\Users\amrem\Documents\Engineering Year 4\Machine Learning\Project\Vehicle-Classification\data\inbox\archive (1)\Dataset\Bus\Image_10.jpg,label,4,3,class_04_bus,c:\Users\amrem\Documents\Engineering Year 4\Machine Learning\Project\Vehicle-Classification\data\raw\class_04_bus\Image_10.jpg
20251231_220245,2025-12-31T22:05:18,c:\Users\amrem\Documents\Engineering Year 4\Machine Learning\Project\Vehicle-Classification\data\inbox\archive (1)\Dataset\Bus\Image_100.jpg,label,4,3,class_04_bus,c:\Users\amrem\Documents\Engineering Year 4\Machine Learning\Project\Vehicle-Classification\data\raw\class_04_bus\Image_100.jpg
20251231_220245,2025-12-31T22:05:19,c:\Users\amrem\Documents\Engineering Year 4\Machine Learning\Project\Vehicle-Classification\data\inbox\archive (1)\Dataset\Bus\Image_11.jpg,label,4,3,class_04_bus,c:\Users\amrem\Documents\Engineering Year 4\Machine Learning\Project\Vehicle-Classification\data\raw\class_04_bus\Image_11.jpg
20251231_220245,2025-12-31T22:05:20,c:\Users\amrem\Documents\Engineering Year 4\Machine Learning\Project\Vehicle-Classification\data\inbox\archive (1)\Dataset\Bus\Image_12.jpg,label,4,3,class_04_bus,c:\Users\amrem\Documents\Engineering Year 4\Machine Learning\Project\Vehicle-Classification\data\raw\class_04_bus\Image_12.jpg
20251231_220245,2025-12-31T22:05:22,c:\Users\amrem\Documents\Engineering Year 4\Machine Learning\Project\Vehicle-Classification\data\inbox\archive (1)\Dataset\Bus\Image_13.jpg,label,4,3,class_04_bus,c:\Users\amrem\Documents\Engineering Year 4\Machine Learning\Project\Vehicle-Classification\data\raw\class_04_bus\Image_13.jpg
20251231_220245,2025-12-31T22:05:23,c:\Users\amrem\Documents\Engineering Year 4\Machine Learning\Project\Vehicle-Classification\data\inbox\archive (1)\Dataset\Bus\Image_14.jpg,label,4,3,class_04_bus,c:\Users\amrem\Documents\Engineering Year 4\Machine Learning\Project\Vehicle-Classification\data\raw\class_04_bus\Image_14.jpg
20251231_220245,2025-12-31T22:05:24,c:\Users\amrem\Documents\Engineering Year 4\Machine Learning\Project\Vehicle-Classification\data\inbox\archive (1)\Dataset\Bus\Image_15.jpg,label,4,3,class_04_bus,c:\Users\amrem\Documents\Engineering Year 4\Machine Learning\Project\Vehicle-Classification\data\raw\class_04_bus\Image_15.jpg
20251231_220245,2025-12-31T22:05:25,c:\Users\amrem\Documents\Engineering Year 4\Machine Learning\Project\Vehicle-Classification\data\inbox\archive (1)\Dataset\Bus\Image_16.jpg,label,4,3,class_04_bus,c:\Users\amrem\Documents\Engineering Year 4\Machine Learning\Project\Vehicle-Classification\data\raw\class_04_bus\Image_16.jpg
20251231_220245,2025-12-31T22:05:26,c:\Users\amrem\Documents\Engineering Year 4\Machine Learning\Project\Vehicle-Classification\data\inbox\archive (1)\Dataset\Bus\Image_17.jpg,label,4,3,class_04_bus,c:\Users\amrem\Documents\Engineering Year 4\Machine Learning\Project\Vehicle-Classification\data\raw\class_04_bus\Image_17.jpg
20251231_220245,2025-12-31T22:05:27,c:\Users\amrem\Documents\Engineering Year 4\Machine Learning\Project\Vehicle-Classification\data\inbox\archive (1)\Dataset\Bus\Image_18.jpg,label,4,3,class_04_bus,c:\Users\amrem\Documents\Engineering Year 4\Machine Learning\Project\Vehicle-Classification\data\raw\class_04_bus\Image_18.jpg
20251231_220245,2025-12-31T22:05:28,c:\Users\amrem\Documents\Engineering Year 4\Machine Learning\Project\Vehicle-Classification\data\inbox\archive (1)\Dataset\Bus\Image_19.jpg,label,4,3,class_04_bus,c:\Users\amrem\Documents\Engineering Year 4\Machine Learning\Project\Vehicle-Classification\data\raw\class_04_bus\Image_19.jpg
20251231_220245,2025-12-31T22:05:30,c:\Users\amrem\Documents\Engineering Year 4\Machine Learning\Project\Vehicle-Classification\data\inbox\archive (1)\Dataset\Bus\Image_2.jpg,label,4,3,class_04_bus,c:\Users\amrem\Documents\Engineering Year 4\Machine Learning\Project\Vehicle-Classification\data\raw\class_04_bus\Image_2.jpg
20251231_220245,2025-12-31T22:05:31,c:\Users\amrem\Documents\Engineering Year 4\Machine Learning\Project\Vehicle-Classification\data\inbox\archive (1)\Dataset\Bus\Image_20.jpg,label,4,3,class_04_bus,c:\Users\amrem\Documents\Engineering Year 4\Machine Learning\Project\Vehicle-Classification\data\raw\class_04_bus\Image_20.jpg
20251231_220245,2025-12-31T22:05:32,c:\Users\amrem\Documents\Engineering Year 4\Machine Learning\Project\Vehicle-Classification\data\inbox\archive (1)\Dataset\Bus\Image_21.jpg,label,4,3,class_04_bus,c:\Users\amrem\Documents\Engineering Year 4\Machine Learning\Project\Vehicle-Classification\data\raw\class_04_bus\Image_21.jpg
20251231_220245,2025-12-31T22:05:33,c:\Users\amrem\Documents\Engineering Year 4\Machine Learning\Project\Vehicle-Classification\data\inbox\archive (1)\Dataset\Bus\Image_22.jpg,label,4,3,class_04_bus,c:\Users\amrem\Documents\Engineering Year 4\Machine Learning\Project\Vehicle-Classification\data\raw\class_04_bus\Image_22.jpg
20251231_220245,2025-12-31T22:05:36,c:\Users\amrem\Documents\Engineering Year 4\Machine Learning\Project\Vehicle-Classification\data\inbox\archive (1)\Dataset\Bus\Image_23.jpg,label,4,3,class_04_bus,c:\Users\amrem\Documents\Engineering Year 4\Machine Learning\Project\Vehicle-Classification\data\raw\class_04_bus\Image_23.jpg
20251231_220245,2025-12-31T22:05:44,c:\Users\amrem\Documents\Engineering Year 4\Machine Learning\Project\Vehicle-Classification\data\inbox\archive (1)\Dataset\Bus\Image_24.png,reject,,,reject,c:\Users\amrem\Documents\Engineering Year 4\Machine Learning\Project\Vehicle-Classification\data\raw\reject\Image_24.png
20251231_220245,2025-12-31T22:05:46,c:\Users\amrem\Documents\Engineering Year 4\Machine Learning\Project\Vehicle-Classification\data\inbox\archive (1)\Dataset\Bus\Image_25.png,label,4,3,class_04_bus,c:\Users\amrem\Documents\Engineering Year 4\Machine Learning\Project\Vehicle-Classification\data\raw\class_04_bus\Image_25.png
20251231_220245,2025-12-31T22:05:46,c:\Users\amrem\Documents\Engineering Year 4\Machine Learning\Project\Vehicle-Classification\data\inbox\archive (1)\Dataset\Bus\Image_26.jpg,label,4,3,class_04_bus,c:\Users\amrem\Documents\Engineering Year 4\Machine Learning\Project\Vehicle-Classification\data\raw\class_04_bus\Image_26.jpg
20251231_220245,2025-12-31T22:05:47,c:\Users\amrem\Documents\Engineering Year 4\Machine Learning\Project\Vehicle-Classification\data\inbox\archive (1)\Dataset\Bus\Image_27.jpg,label,4,3,class_04_bus,c:\Users\amrem\Documents\Engineering Year 4\Machine Learning\Project\Vehicle-Classification\data\raw\class_04_bus\Image_27.jpg
20251231_220245,2025-12-31T22:05:49,c:\Users\amrem\Documents\Engineering Year 4\Machine Learning\Project\Vehicle-Classification\data\inbox\archive (1)\Dataset\Bus\Image_28.JPG,label,4,3,class_04_bus,c:\Users\amrem\Documents\Engineering Year 4\Machine Learning\Project\Vehicle-Classification\data\raw\class_04_bus\Image_28.JPG
20251231_220245,2025-12-31T22:05:50,c:\Users\amrem\Documents\Engineering Year 4\Machine Learning\Project\Vehicle-Classification\data\inbox\archive (1)\Dataset\Bus\Image_29.jpg,label,4,3,class_04_bus,c:\Users\amrem\Documents\Engineering Year 4\Machine Learning\Project\Vehicle-Classification\data\raw\class_04_bus\Image_29.jpg
20251231_220245,2025-12-31T22:05:51,c:\Users\amrem\Documents\Engineering Year 4\Machine Learning\Project\Vehicle-Classification\data\inbox\archive (1)\Dataset\Bus\Image_3.JPG,label,4,3,class_04_bus,c:\Users\amrem\Documents\Engineering Year 4\Machine Learning\Project\Vehicle-Classification\data\raw\class_04_bus\Image_3.JPG
20251231_220245,2025-12-31T22:05:53,c:\Users\amrem\Documents\Engineering Year 4\Machine Learning\Project\Vehicle-Classification\data\inbox\archive (1)\Dataset\Bus\Image_30.jpg,label,4,3,class_04_bus,c:\Users\amrem\Documents\Engineering Year 4\Machine Learning\Project\Vehicle-Classification\data\raw\class_04_bus\Image_30.jpg
20251231_220245,2025-12-31T22:05:55,c:\Users\amrem\Documents\Engineering Year 4\Machine Learning\Project\Vehicle-Classification\data\inbox\archive (1)\Dataset\Bus\Image_31.jpg,label,4,3,class_04_bus,c:\Users\amrem\Documents\Engineering Year 4\Machine Learning\Project\Vehicle-Classification\data\raw\class_04_bus\Image_31.jpg
20251231_220245,2025-12-31T22:05:57,c:\Users\amrem\Documents\Engineering Year 4\Machine Learning\Project\Vehicle-Classification\data\inbox\archive (1)\Dataset\Bus\Image_32.jpg,label,4,3,class_04_bus,c:\Users\amrem\Documents\Engineering Year 4\Machine Learning\Project\Vehicle-Classification\data\raw\class_04_bus\Image_32.jpg
20251231_220245,2025-12-31T22:05:59,c:\Users\amrem\Documents\Engineering Year 4\Machine Learning\Project\Vehicle-Classification\data\inbox\archive (1)\Dataset\Bus\Image_33.JPG,label,4,3,class_04_bus,c:\Users\amrem\Documents\Engineering Year 4\Machine Learning\Project\Vehicle-Classification\data\raw\class_04_bus\Image_33.JPG
20251231_220245,2025-12-31T22:07:04,c:\Users\amrem\Documents\Engineering Year 4\Machine Learning\Project\Vehicle-Classification\data\inbox\archive (1)\Dataset\Bus\Image_34.jpg,label,4,3,class_04_bus,c:\Users\amrem\Documents\Engineering Year 4\Machine Learning\Project\Vehicle-Classification\data\raw\class_04_bus\Image_34.jpg
20251231_220245,2025-12-31T22:07:07,c:\Users\amrem\Documents\Engineering Year 4\Machine Learning\Project\Vehicle-Classification\data\inbox\archive (1)\Dataset\Bus\Image_35.jpg,label,4,3,class_04_bus,c:\Users\amrem\Documents\Engineering Year 4\Machine Learning\Project\Vehicle-Classification\data\raw\class_04_bus\Image_35.jpg
20251231_220245,2025-12-31T22:07:08,c:\Users\amrem\Documents\Engineering Year 4\Machine Learning\Project\Vehicle-Classification\data\inbox\archive (1)\Dataset\Bus\Image_36.jpg,label,4,3,class_04_bus,c:\Users\amrem\Documents\Engineering Year 4\Machine Learning\Project\Vehicle-Classification\data\raw\class_04_bus\Image_36.jpg
20251231_220245,2025-12-31T22:07:12,c:\Users\amrem\Documents\Engineering Year 4\Machine Learning\Project\Vehicle-Classification\data\inbox\archive (1)\Dataset\Bus\Image_37.jpg,label,4,3,class_04_bus,c:\Users\amrem\Documents\Engineering Year 4\Machine Learning\Project\Vehicle-Classification\data\raw\class_04_bus\Image_37.jpg
20251231_220245,2025-12-31T22:07:13,c:\Users\amrem\Documents\Engineering Year 4\Machine Learning\Project\Vehicle-Classification\data\inbox\archive (1)\Dataset\Bus\Image_38.jpg,label,4,3,class_04_bus,c:\Users\amrem\Documents\Engineering Year 4\Machine Learning\Project\Vehicle-Classification\data\raw\class_04_bus\Image_38.jpg
20251231_220245,2025-12-31T22:07:14,c:\Users\amrem\Documents\Engineering Year 4\Machine Learning\Project\Vehicle-Classification\data\inbox\archive (1)\Dataset\Bus\Image_39.JPG,label,4,3,class_04_bus,c:\Users\amrem\Documents\Engineering Year 4\Machine Learning\Project\Vehicle-Classification\data\raw\class_04_bus\Image_39.JPG
20251231_220245,2025-12-31T22:07:16,c:\Users\amrem\Documents\Engineering Year 4\Machine Learning\Project\Vehicle-Classification\data\inbox\archive (1)\Dataset\Bus\Image_4.jpg,label,4,3,class_04_bus,c:\Users\amrem\Documents\Engineering Year 4\Machine Learning\Project\Vehicle-Classification\data\raw\class_04_bus\Image_4.jpg
20251231_220245,2025-12-31T22:07:17,c:\Users\amrem\Documents\Engineering Year 4\Machine Learning\Project\Vehicle-Classification\data\inbox\archive (1)\Dataset\Bus\Image_40.jpg,label,4,3,class_04_bus,c:\Users\amrem\Documents\Engineering Year 4\Machine Learning\Project\Vehicle-Classification\data\raw\class_04_bus\Image_40.jpg
20251231_220245,2025-12-31T22:07:18,c:\Users\amrem\Documents\Engineering Year 4\Machine Learning\Project\Vehicle-Classification\data\inbox\archive (1)\Dataset\Bus\Image_41.jpg,label,4,3,class_04_bus,c:\Users\amrem\Documents\Engineering Year 4\Machine Learning\Project\Vehicle-Classification\data\raw\class_04_bus\Image_41.jpg
20251231_220245,2025-12-31T22:07:20,c:\Users\amrem\Documents\Engineering Year 4\Machine Learning\Project\Vehicle-Classification\data\inbox\archive (1)\Dataset\Bus\Image_42.jpg,label,4,3,class_04_bus,c:\Users\amrem\Documents\Engineering Year 4\Machine Learning\Project\Vehicle-Classification\data\raw\class_04_bus\Image_42.jpg
20251231_220245,2025-12-31T22:07:22,c:\Users\amrem\Documents\Engineering Year 4\Machine Learning\Project\Vehicle-Classification\data\inbox\archive (1)\Dataset\Bus\Image_43.jpg,label,4,3,class_04_bus,c:\Users\amrem\Documents\Engineering Year 4\Machine Learning\Project\Vehicle-Classification\data\raw\class_04_bus\Image_43.jpg
20251231_220245,2025-12-31T22:07:22,c:\Users\amrem\Documents\Engineering Year 4\Machine Learning\Project\Vehicle-Classification\data\inbox\archive (1)\Dataset\Bus\Image_44.jpg,label,4,3,class_04_bus,c:\Users\amrem\Documents\Engineering Year 4\Machine Learning\Project\Vehicle-Classification\data\raw\class_04_bus\Image_44.jpg
20251231_220245,2025-12-31T22:07:23,c:\Users\amrem\Documents\Engineering Year 4\Machine Learning\Project\Vehicle-Classification\data\inbox\archive (1)\Dataset\Bus\Image_45.jpg,label,4,3,class_04_bus,c:\Users\amrem\Documents\Engineering Year 4\Machine Learning\Project\Vehicle-Classification\data\raw\class_04_bus\Image_45.jpg
20251231_220245,2025-12-31T22:07:24,c:\Users\amrem\Documents\Engineering Year 4\Machine Learning\Project\Vehicle-Classification\data\inbox\archive (1)\Dataset\Bus\Image_46.jpg,label,4,3,class_04_bus,c:\Users\amrem\Documents\Engineering Year 4\Machine Learning\Project\Vehicle-Classification\data\raw\class_04_bus\Image_46.jpg
20251231_220245,2025-12-31T22:07:26,c:\Users\amrem\Documents\Engineering Year 4\Machine Learning\Project\Vehicle-Classification\data\inbox\archive (1)\Dataset\Bus\Image_47.jpg,label,4,3,class_04_bus,c:\Users\amrem\Documents\Engineering Year 4\Machine Learning\Project\Vehicle-Classification\data\raw\class_04_bus\Image_47.jpg
20251231_220245,2025-12-31T22:07:27,c:\Users\amrem\Documents\Engineering Year 4\Machine Learning\Project\Vehicle-Classification\data\inbox\archive (1)\Dataset\Bus\Image_48.JPG,label,4,3,class_04_bus,c:\Users\amrem\Documents\Engineering Year 4\Machine Learning\Project\Vehicle-Classification\data\raw\class_04_bus\Image_48.JPG
20251231_220245,2025-12-31T22:07:28,c:\Users\amrem\Documents\Engineering Year 4\Machine Learning\Project\Vehicle-Classification\data\inbox\archive (1)\Dataset\Bus\Image_49.jpg,label,4,3,class_04_bus,c:\Users\amrem\Documents\Engineering Year 4\Machine Learning\Project\Vehicle-Classification\data\raw\class_04_bus\Image_49.jpg
20251231_220245,2025-12-31T22:07:29,c:\Users\amrem\Documents\Engineering Year 4\Machine Learning\Project\Vehicle-Classification\data\inbox\archive (1)\Dataset\Bus\Image_5.jpg,label,4,3,class_04_bus,c:\Users\amrem\Documents\Engineering Year 4\Machine Learning\Project\Vehicle-Classification\data\raw\class_04_bus\Image_5.jpg
20251231_220245,2025-12-31T22:07:30,c:\Users\amrem\Documents\Engineering Year 4\Machine Learning\Project\Vehicle-Classification\data\inbox\archive (1)\Dataset\Bus\Image_50.jpg,label,4,3,class_04_bus,c:\Users\amrem\Documents\Engineering Year 4\Machine Learning\Project\Vehicle-Classification\data\raw\class_04_bus\Image_50.jpg
20251231_220245,2025-12-31T22:07:31,c:\Users\amrem\Documents\Engineering Year 4\Machine Learning\Project\Vehicle-Classification\data\inbox\archive (1)\Dataset\Bus\Image_51.jpg,label,4,3,class_04_bus,c:\Users\amrem\Documents\Engineering Year 4\Machine Learning\Project\Vehicle-Classification\data\raw\class_04_bus\Image_51.jpg
20251231_220245,2025-12-31T22:07:32,c:\Users\amrem\Documents\Engineering Year 4\Machine Learning\Project\Vehicle-Classification\data\inbox\archive (1)\Dataset\Bus\Image_52.jpg,label,4,3,class_04_bus,c:\Users\amrem\Documents\Engineering Year 4\Machine Learning\Project\Vehicle-Classification\data\raw\class_04_bus\Image_52.jpg
20251231_220245,2025-12-31T22:07:35,c:\Users\amrem\Documents\Engineering Year 4\Machine Learning\Project\Vehicle-Classification\data\inbox\archive (1)\Dataset\Bus\Image_53.jpg,label,4,3,class_04_bus,c:\Users\amrem\Documents\Engineering Year 4\Machine Learning\Project\Vehicle-Classification\data\raw\class_04_bus\Image_53.jpg
20251231_220245,2025-12-31T22:07:39,c:\Users\amrem\Documents\Engineering Year 4\Machine Learning\Project\Vehicle-Classification\data\inbox\archive (1)\Dataset\Bus\Image_54.jpg,label,4,3,class_04_bus,c:\Users\amrem\Documents\Engineering Year 4\Machine Learning\Project\Vehicle-Classification\data\raw\class_04_bus\Image_54.jpg
20251231_220245,2025-12-31T22:07:41,c:\Users\amrem\Documents\Engineering Year 4\Machine Learning\Project\Vehicle-Classification\data\inbox\archive (1)\Dataset\Bus\Image_55.jpg,label,4,3,class_04_bus,c:\Users\amrem\Documents\Engineering Year 4\Machine Learning\Project\Vehicle-Classification\data\raw\class_04_bus\Image_55.jpg
20251231_220245,2025-12-31T22:07:42,c:\Users\amrem\Documents\Engineering Year 4\Machine Learning\Project\Vehicle-Classification\data\inbox\archive (1)\Dataset\Bus\Image_56.jpg,label,4,3,class_04_bus,c:\Users\amrem\Documents\Engineering Year 4\Machine Learning\Project\Vehicle-Classification\data\raw\class_04_bus\Image_56.jpg
20251231_220245,2025-12-31T22:07:43,c:\Users\amrem\Documents\Engineering Year 4\Machine Learning\Project\Vehicle-Classification\data\inbox\archive (1)\Dataset\Bus\Image_57.jpg,label,4,3,class_04_bus,c:\Users\amrem\Documents\Engineering Year 4\Machine Learning\Project\Vehicle-Classification\data\raw\class_04_bus\Image_57.jpg
20251231_220245,2025-12-31T22:07:44,c:\Users\amrem\Documents\Engineering Year 4\Machine Learning\Project\Vehicle-Classification\data\inbox\archive (1)\Dataset\Bus\Image_58.jpg,label,4,3,class_04_bus,c:\Users\amrem\Documents\Engineering Year 4\Machine Learning\Project\Vehicle-Classification\data\raw\class_04_bus\Image_58.jpg
20251231_220245,2025-12-31T22:07:45,c:\Users\amrem\Documents\Engineering Year 4\Machine Learning\Project\Vehicle-Classification\data\inbox\archive (1)\Dataset\Bus\Image_59.jpg,label,4,3,class_04_bus,c:\Users\amrem\Documents\Engineering Year 4\Machine Learning\Project\Vehicle-Classification\data\raw\class_04_bus\Image_59.jpg
20251231_220245,2025-12-31T22:07:46,c:\Users\amrem\Documents\Engineering Year 4\Machine Learning\Project\Vehicle-Classification\data\inbox\archive (1)\Dataset\Bus\Image_6.jpg,label,4,3,class_04_bus,c:\Users\amrem\Documents\Engineering Year 4\Machine Learning\Project\Vehicle-Classification\data\raw\class_04_bus\Image_6.jpg
20251231_220245,2025-12-31T22:07:47,c:\Users\amrem\Documents\Engineering Year 4\Machine Learning\Project\Vehicle-Classification\data\inbox\archive (1)\Dataset\Bus\Image_60.jpg,label,4,3,class_04_bus,c:\Users\amrem\Documents\Engineering Year 4\Machine Learning\Project\Vehicle-Classification\data\raw\class_04_bus\Image_60.jpg
20251231_220245,2025-12-31T22:07:48,c:\Users\amrem\Documents\Engineering Year 4\Machine Learning\Project\Vehicle-Classification\data\inbox\archive (1)\Dataset\Bus\Image_61.jpg,label,4,3,class_04_bus,c:\Users\amrem\Documents\Engineering Year 4\Machine Learning\Project\Vehicle-Classification\data\raw\class_04_bus\Image_61.jpg
20251231_220245,2025-12-31T22:07:49,c:\Users\amrem\Documents\Engineering Year 4\Machine Learning\Project\Vehicle-Classification\data\inbox\archive (1)\Dataset\Bus\Image_62.jpg,label,4,3,class_04_bus,c:\Users\amrem\Documents\Engineering Year 4\Machine Learning\Project\Vehicle-Classification\data\raw\class_04_bus\Image_62.jpg
20251231_220245,2025-12-31T22:07:50,c:\Users\amrem\Documents\Engineering Year 4\Machine Learning\Project\Vehicle-Classification\data\inbox\archive (1)\Dataset\Bus\Image_63.jpg,label,4,3,class_04_bus,c:\Users\amrem\Documents\Engineering Year 4\Machine Learning\Project\Vehicle-Classification\data\raw\class_04_bus\Image_63.jpg
20251231_220245,2025-12-31T22:07:54,c:\Users\amrem\Documents\Engineering Year 4\Machine Learning\Project\Vehicle-Classification\data\inbox\archive (1)\Dataset\Bus\Image_64.jpg,label,4,3,class_04_bus,c:\Users\amrem\Documents\Engineering Year 4\Machine Learning\Project\Vehicle-Classification\data\raw\class_04_bus\Image_64.jpg
20251231_220245,2025-12-31T22:07:58,c:\Users\amrem\Documents\Engineering Year 4\Machine Learning\Project\Vehicle-Classification\data\inbox\archive (1)\Dataset\Bus\Image_65.jpg,reject,,,reject,c:\Users\amrem\Documents\Engineering Year 4\Machine Learning\Project\Vehicle-Classification\data\raw\reject\Image_65.jpg
20251231_220245,2025-12-31T22:08:00,c:\Users\amrem\Documents\Engineering Year 4\Machine Learning\Project\Vehicle-Classification\data\inbox\archive (1)\Dataset\Bus\Image_66.JPG,reject,,,reject,c:\Users\amrem\Documents\Engineering Year 4\Machine Learning\Project\Vehicle-Classification\data\raw\reject\Image_66.JPG
20251231_220245,2025-12-31T22:08:05,c:\Users\amrem\Documents\Engineering Year 4\Machine Learning\Project\Vehicle-Classification\data\inbox\archive (1)\Dataset\Bus\Image_67.jpg,label,4,3,class_04_bus,c:\Users\amrem\Documents\Engineering Year 4\Machine Learning\Project\Vehicle-Classification\data\raw\class_04_bus\Image_67.jpg
20251231_220245,2025-12-31T22:08:06,c:\Users\amrem\Documents\Engineering Year 4\Machine Learning\Project\Vehicle-Classification\data\inbox\archive (1)\Dataset\Bus\Image_68.jpg,label,4,3,class_04_bus,c:\Users\amrem\Documents\Engineering Year 4\Machine Learning\Project\Vehicle-Classification\data\raw\class_04_bus\Image_68.jpg
20251231_220245,2025-12-31T22:08:07,c:\Users\amrem\Documents\Engineering Year 4\Machine Learning\Project\Vehicle-Classification\data\inbox\archive (1)\Dataset\Bus\Image_69.jpg,label,4,3,class_04_bus,c:\Users\amrem\Documents\Engineering Year 4\Machine Learning\Project\Vehicle-Classification\data\raw\class_04_bus\Image_69.jpg
20251231_220245,2025-12-31T22:08:09,c:\Users\amrem\Documents\Engineering Year 4\Machine Learning\Project\Vehicle-Classification\data\inbox\archive (1)\Dataset\Bus\Image_7.jpg,label,4,3,class_04_bus,c:\Users\amrem\Documents\Engineering Year 4\Machine Learning\Project\Vehicle-Classification\data\raw\class_04_bus\Image_7.jpg
20251231_220245,2025-12-31T22:08:12,c:\Users\amrem\Documents\Engineering Year 4\Machine Learning\Project\Vehicle-Classification\data\inbox\archive (1)\Dataset\Bus\Image_70.jpg,reject,,,reject,c:\Users\amrem\Documents\Engineering Year 4\Machine Learning\Project\Vehicle-Classification\data\raw\reject\Image_70.jpg
20251231_220245,2025-12-31T22:08:15,c:\Users\amrem\Documents\Engineering Year 4\Machine Learning\Project\Vehicle-Classification\data\inbox\archive (1)\Dataset\Bus\Image_71.jpg,label,4,3,class_04_bus,c:\Users\amrem\Documents\Engineering Year 4\Machine Learning\Project\Vehicle-Classification\data\raw\class_04_bus\Image_71.jpg
20251231_220245,2025-12-31T22:08:19,c:\Users\amrem\Documents\Engineering Year 4\Machine Learning\Project\Vehicle-Classification\data\inbox\archive (1)\Dataset\Bus\Image_72.jpg,label,4,3,class_04_bus,c:\Users\amrem\Documents\Engineering Year 4\Machine Learning\Project\Vehicle-Classification\data\raw\class_04_bus\Image_72.jpg
20251231_220245,2025-12-31T22:08:20,c:\Users\amrem\Documents\Engineering Year 4\Machine Learning\Project\Vehicle-Classification\data\inbox\archive (1)\Dataset\Bus\Image_73.jpg,label,4,3,class_04_bus,c:\Users\amrem\Documents\Engineering Year 4\Machine Learning\Project\Vehicle-Classification\data\raw\class_04_bus\Image_73.jpg
20251231_220245,2025-12-31T22:08:22,c:\Users\amrem\Documents\Engineering Year 4\Machine Learning\Project\Vehicle-Classification\data\inbox\archive (1)\Dataset\Bus\Image_74.jpg,label,4,3,class_04_bus,c:\Users\amrem\Documents\Engineering Year 4\Machine Learning\Project\Vehicle-Classification\data\raw\class_04_bus\Image_74.jpg
20251231_220245,2025-12-31T22:08:23,c:\Users\amrem\Documents\Engineering Year 4\Machine Learning\Project\Vehicle-Classification\data\inbox\archive (1)\Dataset\Bus\Image_75.jpg,label,4,3,class_04_bus,c:\Users\amrem\Documents\Engineering Year 4\Machine Learning\Project\Vehicle-Classification\data\raw\class_04_bus\Image_75.jpg
20251231_220245,2025-12-31T22:08:24,c:\Users\amrem\Documents\Engineering Year 4\Machine Learning\Project\Vehicle-Classification\data\inbox\archive (1)\Dataset\Bus\Image_76.jpg,label,4,3,class_04_bus,c:\Users\amrem\Documents\Engineering Year 4\Machine Learning\Project\Vehicle-Classification\data\raw\class_04_bus\Image_76.jpg
20251231_220245,2025-12-31T22:08:28,c:\Users\amrem\Documents\Engineering Year 4\Machine Learning\Project\Vehicle-Classification\data\inbox\archive (1)\Dataset\Bus\Image_77.jpg,reject,,,reject,c:\Users\amrem\Documents\Engineering Year 4\Machine Learning\Project\Vehicle-Classification\data\raw\reject\Image_77.jpg
20251231_220245,2025-12-31T22:08:30,c:\Users\amrem\Documents\Engineering Year 4\Machine Learning\Project\Vehicle-Classification\data\inbox\archive (1)\Dataset\Bus\Image_78.jpg,reject,,,reject,c:\Users\amrem\Documents\Engineering Year 4\Machine Learning\Project\Vehicle-Classification\data\raw\reject\Image_78.jpg
20251231_220245,2025-12-31T22:08:32,c:\Users\amrem\Documents\Engineering Year 4\Machine Learning\Project\Vehicle-Classification\data\inbox\archive (1)\Dataset\Bus\Image_79.png,label,4,3,class_04_bus,c:\Users\amrem\Documents\Engineering Year 4\Machine Learning\Project\Vehicle-Classification\data\raw\class_04_bus\Image_79.png
20251231_220245,2025-12-31T22:08:33,c:\Users\amrem\Documents\Engineering Year 4\Machine Learning\Project\Vehicle-Classification\data\inbox\archive (1)\Dataset\Bus\Image_8.jpg,label,4,3,class_04_bus,c:\Users\amrem\Documents\Engineering Year 4\Machine Learning\Project\Vehicle-Classification\data\raw\class_04_bus\Image_8.jpg
20251231_220245,2025-12-31T22:08:36,c:\Users\amrem\Documents\Engineering Year 4\Machine Learning\Project\Vehicle-Classification\data\inbox\archive (1)\Dataset\Bus\Image_80.jpg,reject,,,reject,c:\Users\amrem\Documents\Engineering Year 4\Machine Learning\Project\Vehicle-Classification\data\raw\reject\Image_80.jpg
20251231_220245,2025-12-31T22:08:39,c:\Users\amrem\Documents\Engineering Year 4\Machine Learning\Project\Vehicle-Classification\data\inbox\archive (1)\Dataset\Bus\Image_81.jpg,reject,,,reject,c:\Users\amrem\Documents\Engineering Year 4\Machine Learning\Project\Vehicle-Classification\data\raw\reject\Image_81.jpg
20251231_220245,2025-12-31T22:08:41,c:\Users\amrem\Documents\Engineering Year 4\Machine Learning\Project\Vehicle-Classification\data\inbox\archive (1)\Dataset\Bus\Image_82.jpg,reject,,,reject,c:\Users\amrem\Documents\Engineering Year 4\Machine Learning\Project\Vehicle-Classification\data\raw\reject\Image_82.jpg
20251231_220245,2025-12-31T22:08:44,c:\Users\amrem\Documents\Engineering Year 4\Machine Learning\Project\Vehicle-Classification\data\inbox\archive (1)\Dataset\Bus\Image_83.jpg,label,4,3,class_04_bus,c:\Users\amrem\Documents\Engineering Year 4\Machine Learning\Project\Vehicle-Classification\data\raw\class_04_bus\Image_83.jpg
20251231_220245,2025-12-31T22:09:11,c:\Users\amrem\Documents\Engineering Year 4\Machine Learning\Project\Vehicle-Classification\data\inbox\archive (1)\Dataset\Bus\Image_84.jpg,reject,,,reject,c:\Users\amrem\Documents\Engineering Year 4\Machine Learning\Project\Vehicle-Classification\data\raw\reject\Image_84.jpg
20251231_220245,2025-12-31T22:09:13,c:\Users\amrem\Documents\Engineering Year 4\Machine Learning\Project\Vehicle-Classification\data\inbox\archive (1)\Dataset\Bus\Image_85.jpg,reject,,,reject,c:\Users\amrem\Documents\Engineering Year 4\Machine Learning\Project\Vehicle-Classification\data\raw\reject\Image_85.jpg
20251231_220245,2025-12-31T22:09:14,c:\Users\amrem\Documents\Engineering Year 4\Machine Learning\Project\Vehicle-Classification\data\inbox\archive (1)\Dataset\Bus\Image_86.jpg,label,4,3,class_04_bus,c:\Users\amrem\Documents\Engineering Year 4\Machine Learning\Project\Vehicle-Classification\data\raw\class_04_bus\Image_86.jpg
20251231_220245,2025-12-31T22:09:17,c:\Users\amrem\Documents\Engineering Year 4\Machine Learning\Project\Vehicle-Classification\data\inbox\archive (1)\Dataset\Bus\Image_87.jpg,reject,,,reject,c:\Users\amrem\Documents\Engineering Year 4\Machine Learning\Project\Vehicle-Classification\data\raw\reject\Image_87.jpg
20251231_220245,2025-12-31T22:09:19,c:\Users\amrem\Documents\Engineering Year 4\Machine Learning\Project\Vehicle-Classification\data\inbox\archive (1)\Dataset\Bus\Image_88.jpg,label,4,3,class_04_bus,c:\Users\amrem\Documents\Engineering Year 4\Machine Learning\Project\Vehicle-Classification\data\raw\class_04_bus\Image_88.jpg
20251231_220245,2025-12-31T22:09:20,c:\Users\amrem\Documents\Engineering Year 4\Machine Learning\Project\Vehicle-Classification\data\inbox\archive (1)\Dataset\Bus\Image_89.JPG,label,4,3,class_04_bus,c:\Users\amrem\Documents\Engineering Year 4\Machine Learning\Project\Vehicle-Classification\data\raw\class_04_bus\Image_89.JPG
20251231_220245,2025-12-31T22:09:22,c:\Users\amrem\Documents\Engineering Year 4\Machine Learning\Project\Vehicle-Classification\data\inbox\archive (1)\Dataset\Bus\Image_9.jpg,label,4,3,class_04_bus,c:\Users\amrem\Documents\Engineering Year 4\Machine Learning\Project\Vehicle-Classification\data\raw\class_04_bus\Image_9.jpg
20251231_220245,2025-12-31T22:09:22,c:\Users\amrem\Documents\Engineering Year 4\Machine Learning\Project\Vehicle-Classification\data\inbox\archive (1)\Dataset\Bus\Image_90.jpg,label,4,3,class_04_bus,c:\Users\amrem\Documents\Engineering Year 4\Machine Learning\Project\Vehicle-Classification\data\raw\class_04_bus\Image_90.jpg
20251231_220245,2025-12-31T22:09:23,c:\Users\amrem\Documents\Engineering Year 4\Machine Learning\Project\Vehicle-Classification\data\inbox\archive (1)\Dataset\Bus\Image_91.jpg,label,4,3,class_04_bus,c:\Users\amrem\Documents\Engineering Year 4\Machine Learning\Project\Vehicle-Classification\data\raw\class_04_bus\Image_91.jpg
20251231_220245,2025-12-31T22:09:26,c:\Users\amrem\Documents\Engineering Year 4\Machine Learning\Project\Vehicle-Classification\data\inbox\archive (1)\Dataset\Bus\Image_92.jpg,reject,,,reject,c:\Users\amrem\Documents\Engineering Year 4\Machine Learning\Project\Vehicle-Classification\data\raw\reject\Image_92.jpg
20251231_220245,2025-12-31T22:09:27,c:\Users\amrem\Documents\Engineering Year 4\Machine Learning\Project\Vehicle-Classification\data\inbox\archive (1)\Dataset\Bus\Image_93.jpeg,reject,,,reject,c:\Users\amrem\Documents\Engineering Year 4\Machine Learning\Project\Vehicle-Classification\data\raw\reject\Image_93.jpeg
20251231_220245,2025-12-31T22:09:29,c:\Users\amrem\Documents\Engineering Year 4\Machine Learning\Project\Vehicle-Classification\data\inbox\archive (1)\Dataset\Bus\Image_94.jpg,reject,,,reject,c:\Users\amrem\Documents\Engineering Year 4\Machine Learning\Project\Vehicle-Classification\data\raw\reject\Image_94.jpg
20251231_220245,2025-12-31T22:09:31,c:\Users\amrem\Documents\Engineering Year 4\Machine Learning\Project\Vehicle-Classification\data\inbox\archive (1)\Dataset\Bus\Image_95.jpg,label,4,3,class_04_bus,c:\Users\amrem\Documents\Engineering Year 4\Machine Learning\Project\Vehicle-Classification\data\raw\class_04_bus\Image_95.jpg
20251231_220245,2025-12-31T22:09:34,c:\Users\amrem\Documents\Engineering Year 4\Machine Learning\Project\Vehicle-Classification\data\inbox\archive (1)\Dataset\Bus\Image_96.jpg,reject,,,reject,c:\Users\amrem\Documents\Engineering Year 4\Machine Learning\Project\Vehicle-Classification\data\raw\reject\Image_96.jpg
20251231_220245,2025-12-31T22:09:36,c:\Users\amrem\Documents\Engineering Year 4\Machine Learning\Project\Vehicle-Classification\data\inbox\archive (1)\Dataset\Bus\Image_97.jpg,label,4,3,class_04_bus,c:\Users\amrem\Documents\Engineering Year 4\Machine Learning\Project\Vehicle-Classification\data\raw\class_04_bus\Image_97.jpg
20251231_220245,2025-12-31T22:09:37,c:\Users\amrem\Documents\Engineering Year 4\Machine Learning\Project\Vehicle-Classification\data\inbox\archive (1)\Dataset\Bus\Image_98.jpg,label,4,3,class_04_bus,c:\Users\amrem\Documents\Engineering Year 4\Machine Learning\Project\Vehicle-Classification\data\raw\class_04_bus\Image_98.jpg
20251231_220245,2025-12-31T22:09:38,c:\Users\amrem\Documents\Engineering Year 4\Machine Learning\Project\Vehicle-Classification\data\inbox\archive (1)\Dataset\Bus\Image_99.jpg,label,4,3,class_04_bus,c:\Users\amrem\Documents\Engineering Year 4\Machine Learning\Project\Vehicle-Classification\data\raw\class_04_bus\Image_99.jpg
20251231_220245,2025-12-31T22:09:52,c:\Users\amrem\Documents\Engineering Year 4\Machine Learning\Project\Vehicle-Classification\data\inbox\archive (1)\Dataset\Car\Image_1.jpg,label,2,1,class_02_passenger_car,c:\Users\amrem\Documents\Engineering Year 4\Machine Learning\Project\Vehicle-Classification\data\raw\class_02_passenger_car\Image_1.jpg
20251231_220245,2025-12-31T22:10:47,c:\Users\amrem\Documents\Engineering Year 4\Machine Learning\Project\Vehicle-Classification\data\inbox\archive (1)\Dataset\Car\Image_10.jpeg,label,2,1,class_02_passenger_car,c:\Users\amrem\Documents\Engineering Year 4\Machine Learning\Project\Vehicle-Classification\data\raw\class_02_passenger_car\Image_10.jpeg
20251231_220245,2025-12-31T22:10:48,c:\Users\amrem\Documents\Engineering Year 4\Machine Learning\Project\Vehicle-Classification\data\inbox\archive (1)\Dataset\Car\Image_100.jpg,label,2,1,class_02_passenger_car,c:\Users\amrem\Documents\Engineering Year 4\Machine Learning\Project\Vehicle-Classification\data\raw\class_02_passenger_car\Image_100.jpg
20251231_220245,2025-12-31T22:10:49,c:\Users\amrem\Documents\Engineering Year 4\Machine Learning\Project\Vehicle-Classification\data\inbox\archive (1)\Dataset\Car\Image_11.jpg,label,2,1,class_02_passenger_car,c:\Users\amrem\Documents\Engineering Year 4\Machine Learning\Project\Vehicle-Classification\data\raw\class_02_passenger_car\Image_11.jpg
20251231_220245,2025-12-31T22:10:50,c:\Users\amrem\Documents\Engineering Year 4\Machine Learning\Project\Vehicle-Classification\data\inbox\archive (1)\Dataset\Car\Image_12.jpg,label,2,1,class_02_passenger_car,c:\Users\amrem\Documents\Engineering Year 4\Machine Learning\Project\Vehicle-Classification\data\raw\class_02_passenger_car\Image_12.jpg
20251231_220245,2025-12-31T22:10:51,c:\Users\amrem\Documents\Engineering Year 4\Machine Learning\Project\Vehicle-Classification\data\inbox\archive (1)\Dataset\Car\Image_13.jpg,label,2,1,class_02_passenger_car,c:\Users\amrem\Documents\Engineering Year 4\Machine Learning\Project\Vehicle-Classification\data\raw\class_02_passenger_car\Image_13.jpg
20251231_220245,2025-12-31T22:10:52,c:\Users\amrem\Documents\Engineering Year 4\Machine Learning\Project\Vehicle-Classification\data\inbox\archive (1)\Dataset\Car\Image_14.JPG,label,2,1,class_02_passenger_car,c:\Users\amrem\Documents\Engineering Year 4\Machine Learning\Project\Vehicle-Classification\data\raw\class_02_passenger_car\Image_14.JPG
20251231_220245,2025-12-31T22:10:52,c:\Users\amrem\Documents\Engineering Year 4\Machine Learning\Project\Vehicle-Classification\data\inbox\archive (1)\Dataset\Car\Image_15.jpg,label,2,1,class_02_passenger_car,c:\Users\amrem\Documents\Engineering Year 4\Machine Learning\Project\Vehicle-Classification\data\raw\class_02_passenger_car\Image_15.jpg
20251231_220245,2025-12-31T22:10:53,c:\Users\amrem\Documents\Engineering Year 4\Machine Learning\Project\Vehicle-Classification\data\inbox\archive (1)\Dataset\Car\Image_16.jpeg,label,2,1,class_02_passenger_car,c:\Users\amrem\Documents\Engineering Year 4\Machine Learning\Project\Vehicle-Classification\data\raw\class_02_passenger_car\Image_16.jpeg
20251231_220245,2025-12-31T22:10:54,c:\Users\amrem\Documents\Engineering Year 4\Machine Learning\Project\Vehicle-Classification\data\inbox\archive (1)\Dataset\Car\Image_17.jpg,label,2,1,class_02_passenger_car,c:\Users\amrem\Documents\Engineering Year 4\Machine Learning\Project\Vehicle-Classification\data\raw\class_02_passenger_car\Image_17.jpg
20251231_220245,2025-12-31T22:10:55,c:\Users\amrem\Documents\Engineering Year 4\Machine Learning\Project\Vehicle-Classification\data\inbox\archive (1)\Dataset\Car\Image_18.png,label,2,1,class_02_passenger_car,c:\Users\amrem\Documents\Engineering Year 4\Machine Learning\Project\Vehicle-Classification\data\raw\class_02_passenger_car\Image_18.png
20251231_220245,2025-12-31T22:10:56,c:\Users\amrem\Documents\Engineering Year 4\Machine Learning\Project\Vehicle-Classification\data\inbox\archive (1)\Dataset\Car\Image_19.jpeg,label,2,1,class_02_passenger_car,c:\Users\amrem\Documents\Engineering Year 4\Machine Learning\Project\Vehicle-Classification\data\raw\class_02_passenger_car\Image_19.jpeg
20251231_220245,2025-12-31T22:10:57,c:\Users\amrem\Documents\Engineering Year 4\Machine Learning\Project\Vehicle-Classification\data\inbox\archive (1)\Dataset\Car\Image_2.jpg,label,2,1,class_02_passenger_car,c:\Users\amrem\Documents\Engineering Year 4\Machine Learning\Project\Vehicle-Classification\data\raw\class_02_passenger_car\Image_2.jpg
20251231_220245,2025-12-31T22:10:57,c:\Users\amrem\Documents\Engineering Year 4\Machine Learning\Project\Vehicle-Classification\data\inbox\archive (1)\Dataset\Car\Image_20.jpg,label,2,1,class_02_passenger_car,c:\Users\amrem\Documents\Engineering Year 4\Machine Learning\Project\Vehicle-Classification\data\raw\class_02_passenger_car\Image_20.jpg
20251231_220245,2025-12-31T22:10:58,c:\Users\amrem\Documents\Engineering Year 4\Machine Learning\Project\Vehicle-Classification\data\inbox\archive (1)\Dataset\Car\Image_21.jpg,label,2,1,class_02_passenger_car,c:\Users\amrem\Documents\Engineering Year 4\Machine Learning\Project\Vehicle-Classification\data\raw\class_02_passenger_car\Image_21.jpg
20251231_220245,2025-12-31T22:10:59,c:\Users\amrem\Documents\Engineering Year 4\Machine Learning\Project\Vehicle-Classification\data\inbox\archive (1)\Dataset\Car\Image_22.jpg,label,2,1,class_02_passenger_car,c:\Users\amrem\Documents\Engineering Year 4\Machine Learning\Project\Vehicle-Classification\data\raw\class_02_passenger_car\Image_22.jpg
20251231_220245,2025-12-31T22:11:00,c:\Users\amrem\Documents\Engineering Year 4\Machine Learning\Project\Vehicle-Classification\data\inbox\archive (1)\Dataset\Car\Image_23.jpg,label,2,1,class_02_passenger_car,c:\Users\amrem\Documents\Engineering Year 4\Machine Learning\Project\Vehicle-Classification\data\raw\class_02_passenger_car\Image_23.jpg
20251231_220245,2025-12-31T22:11:01,c:\Users\amrem\Documents\Engineering Year 4\Machine Learning\Project\Vehicle-Classification\data\inbox\archive (1)\Dataset\Car\Image_24.jpg,label,2,1,class_02_passenger_car,c:\Users\amrem\Documents\Engineering Year 4\Machine Learning\Project\Vehicle-Classification\data\raw\class_02_passenger_car\Image_24.jpg
20251231_220245,2025-12-31T22:11:02,c:\Users\amrem\Documents\Engineering Year 4\Machine Learning\Project\Vehicle-Classification\data\inbox\archive (1)\Dataset\Car\Image_25.jpg,label,2,1,class_02_passenger_car,c:\Users\amrem\Documents\Engineering Year 4\Machine Learning\Project\Vehicle-Classification\data\raw\class_02_passenger_car\Image_25.jpg
20251231_220245,2025-12-31T22:11:03,c:\Users\amrem\Documents\Engineering Year 4\Machine Learning\Project\Vehicle-Classification\data\inbox\archive (1)\Dataset\Car\Image_26.jpg,label,2,1,class_02_passenger_car,c:\Users\amrem\Documents\Engineering Year 4\Machine Learning\Project\Vehicle-Classification\data\raw\class_02_passenger_car\Image_26.jpg
20251231_220245,2025-12-31T22:11:03,c:\Users\amrem\Documents\Engineering Year 4\Machine Learning\Project\Vehicle-Classification\data\inbox\archive (1)\Dataset\Car\Image_27.jpg,label,2,1,class_02_passenger_car,c:\Users\amrem\Documents\Engineering Year 4\Machine Learning\Project\Vehicle-Classification\data\raw\class_02_passenger_car\Image_27.jpg
20251231_220245,2025-12-31T22:11:04,c:\Users\amrem\Documents\Engineering Year 4\Machine Learning\Project\Vehicle-Classification\data\inbox\archive (1)\Dataset\Car\Image_28.jpg,label,2,1,class_02_passenger_car,c:\Users\amrem\Documents\Engineering Year 4\Machine Learning\Project\Vehicle-Classification\data\raw\class_02_passenger_car\Image_28.jpg
20251231_220245,2025-12-31T22:11:05,c:\Users\amrem\Documents\Engineering Year 4\Machine Learning\Project\Vehicle-Classification\data\inbox\archive (1)\Dataset\Car\Image_29.jpg,label,2,1,class_02_passenger_car,c:\Users\amrem\Documents\Engineering Year 4\Machine Learning\Project\Vehicle-Classification\data\raw\class_02_passenger_car\Image_29.jpg
20251231_220245,2025-12-31T22:11:07,c:\Users\amrem\Documents\Engineering Year 4\Machine Learning\Project\Vehicle-Classification\data\inbox\archive (1)\Dataset\Car\Image_3.jpeg,label,2,1,class_02_passenger_car,c:\Users\amrem\Documents\Engineering Year 4\Machine Learning\Project\Vehicle-Classification\data\raw\class_02_passenger_car\Image_3.jpeg
20251231_220245,2025-12-31T22:11:08,c:\Users\amrem\Documents\Engineering Year 4\Machine Learning\Project\Vehicle-Classification\data\inbox\archive (1)\Dataset\Car\Image_30.jpg,label,2,1,class_02_passenger_car,c:\Users\amrem\Documents\Engineering Year 4\Machine Learning\Project\Vehicle-Classification\data\raw\class_02_passenger_car\Image_30.jpg
20251231_220245,2025-12-31T22:11:09,c:\Users\amrem\Documents\Engineering Year 4\Machine Learning\Project\Vehicle-Classification\data\inbox\archive (1)\Dataset\Car\Image_31.jpg,label,2,1,class_02_passenger_car,c:\Users\amrem\Documents\Engineering Year 4\Machine Learning\Project\Vehicle-Classification\data\raw\class_02_passenger_car\Image_31.jpg
20251231_220245,2025-12-31T22:11:10,c:\Users\amrem\Documents\Engineering Year 4\Machine Learning\Project\Vehicle-Classification\data\inbox\archive (1)\Dataset\Car\Image_32.jpg,label,2,1,class_02_passenger_car,c:\Users\amrem\Documents\Engineering Year 4\Machine Learning\Project\Vehicle-Classification\data\raw\class_02_passenger_car\Image_32.jpg
20251231_220245,2025-12-31T22:11:11,c:\Users\amrem\Documents\Engineering Year 4\Machine Learning\Project\Vehicle-Classification\data\inbox\archive (1)\Dataset\Car\Image_33.jpg,label,2,1,class_02_passenger_car,c:\Users\amrem\Documents\Engineering Year 4\Machine Learning\Project\Vehicle-Classification\data\raw\class_02_passenger_car\Image_33.jpg
20251231_220245,2025-12-31T22:11:14,c:\Users\amrem\Documents\Engineering Year 4\Machine Learning\Project\Vehicle-Classification\data\inbox\archive (1)\Dataset\Car\Image_34.jpg,label,2,1,class_02_passenger_car,c:\Users\amrem\Documents\Engineering Year 4\Machine Learning\Project\Vehicle-Classification\data\raw\class_02_passenger_car\Image_34.jpg
20251231_220245,2025-12-31T22:11:14,c:\Users\amrem\Documents\Engineering Year 4\Machine Learning\Project\Vehicle-Classification\data\inbox\archive (1)\Dataset\Car\Image_35.jpg,label,2,1,class_02_passenger_car,c:\Users\amrem\Documents\Engineering Year 4\Machine Learning\Project\Vehicle-Classification\data\raw\class_02_passenger_car\Image_35.jpg
20251231_220245,2025-12-31T22:11:16,c:\Users\amrem\Documents\Engineering Year 4\Machine Learning\Project\Vehicle-Classification\data\inbox\archive (1)\Dataset\Car\Image_36.jpg,label,2,1,class_02_passenger_car,c:\Users\amrem\Documents\Engineering Year 4\Machine Learning\Project\Vehicle-Classification\data\raw\class_02_passenger_car\Image_36.jpg
20251231_220245,2025-12-31T22:11:18,c:\Users\amrem\Documents\Engineering Year 4\Machine Learning\Project\Vehicle-Classification\data\inbox\archive (1)\Dataset\Car\Image_37.jpg,label,2,1,class_02_passenger_car,c:\Users\amrem\Documents\Engineering Year 4\Machine Learning\Project\Vehicle-Classification\data\raw\class_02_passenger_car\Image_37.jpg
20251231_220245,2025-12-31T22:11:19,c:\Users\amrem\Documents\Engineering Year 4\Machine Learning\Project\Vehicle-Classification\data\inbox\archive (1)\Dataset\Car\Image_38.jpg,label,2,1,class_02_passenger_car,c:\Users\amrem\Documents\Engineering Year 4\Machine Learning\Project\Vehicle-Classification\data\raw\class_02_passenger_car\Image_38.jpg
20251231_220245,2025-12-31T22:11:20,c:\Users\amrem\Documents\Engineering Year 4\Machine Learning\Project\Vehicle-Classification\data\inbox\archive (1)\Dataset\Car\Image_39.jpg,label,2,1,class_02_passenger_car,c:\Users\amrem\Documents\Engineering Year 4\Machine Learning\Project\Vehicle-Classification\data\raw\class_02_passenger_car\Image_39.jpg
20251231_220245,2025-12-31T22:11:21,c:\Users\amrem\Documents\Engineering Year 4\Machine Learning\Project\Vehicle-Classification\data\inbox\archive (1)\Dataset\Car\Image_4.jpg,label,2,1,class_02_passenger_car,c:\Users\amrem\Documents\Engineering Year 4\Machine Learning\Project\Vehicle-Classification\data\raw\class_02_passenger_car\Image_4.jpg
20251231_220245,2025-12-31T22:11:22,c:\Users\amrem\Documents\Engineering Year 4\Machine Learning\Project\Vehicle-Classification\data\inbox\archive (1)\Dataset\Car\Image_40.jpg,label,2,1,class_02_passenger_car,c:\Users\amrem\Documents\Engineering Year 4\Machine Learning\Project\Vehicle-Classification\data\raw\class_02_passenger_car\Image_40.jpg
20251231_220245,2025-12-31T22:11:23,c:\Users\amrem\Documents\Engineering Year 4\Machine Learning\Project\Vehicle-Classification\data\inbox\archive (1)\Dataset\Car\Image_41.jpg,label,2,1,class_02_passenger_car,c:\Users\amrem\Documents\Engineering Year 4\Machine Learning\Project\Vehicle-Classification\data\raw\class_02_passenger_car\Image_41.jpg
20251231_220245,2025-12-31T22:11:23,c:\Users\amrem\Documents\Engineering Year 4\Machine Learning\Project\Vehicle-Classification\data\inbox\archive (1)\Dataset\Car\Image_42.jpg,label,2,1,class_02_passenger_car,c:\Users\amrem\Documents\Engineering Year 4\Machine Learning\Project\Vehicle-Classification\data\raw\class_02_passenger_car\Image_42.jpg
20251231_220245,2025-12-31T22:11:24,c:\Users\amrem\Documents\Engineering Year 4\Machine Learning\Project\Vehicle-Classification\data\inbox\archive (1)\Dataset\Car\Image_43.jpg,label,2,1,class_02_passenger_car,c:\Users\amrem\Documents\Engineering Year 4\Machine Learning\Project\Vehicle-Classification\data\raw\class_02_passenger_car\Image_43.jpg
20251231_220245,2025-12-31T22:11:25,c:\Users\amrem\Documents\Engineering Year 4\Machine Learning\Project\Vehicle-Classification\data\inbox\archive (1)\Dataset\Car\Image_44.jpg,label,2,1,class_02_passenger_car,c:\Users\amrem\Documents\Engineering Year 4\Machine Learning\Project\Vehicle-Classification\data\raw\class_02_passenger_car\Image_44.jpg
20251231_220245,2025-12-31T22:11:26,c:\Users\amrem\Documents\Engineering Year 4\Machine Learning\Project\Vehicle-Classification\data\inbox\archive (1)\Dataset\Car\Image_45.jpg,label,2,1,class_02_passenger_car,c:\Users\amrem\Documents\Engineering Year 4\Machine Learning\Project\Vehicle-Classification\data\raw\class_02_passenger_car\Image_45.jpg
20251231_220245,2025-12-31T22:11:26,c:\Users\amrem\Documents\Engineering Year 4\Machine Learning\Project\Vehicle-Classification\data\inbox\archive (1)\Dataset\Car\Image_46.jpg,label,2,1,class_02_passenger_car,c:\Users\amrem\Documents\Engineering Year 4\Machine Learning\Project\Vehicle-Classification\data\raw\class_02_passenger_car\Image_46.jpg
20251231_220245,2025-12-31T22:11:27,c:\Users\amrem\Documents\Engineering Year 4\Machine Learning\Project\Vehicle-Classification\data\inbox\archive (1)\Dataset\Car\Image_47.jpg,label,2,1,class_02_passenger_car,c:\Users\amrem\Documents\Engineering Year 4\Machine Learning\Project\Vehicle-Classification\data\raw\class_02_passenger_car\Image_47.jpg
20251231_220245,2025-12-31T22:11:28,c:\Users\amrem\Documents\Engineering Year 4\Machine Learning\Project\Vehicle-Classification\data\inbox\archive (1)\Dataset\Car\Image_48.jpg,label,2,1,class_02_passenger_car,c:\Users\amrem\Documents\Engineering Year 4\Machine Learning\Project\Vehicle-Classification\data\raw\class_02_passenger_car\Image_48.jpg
20251231_220245,2025-12-31T22:11:28,c:\Users\amrem\Documents\Engineering Year 4\Machine Learning\Project\Vehicle-Classification\data\inbox\archive (1)\Dataset\Car\Image_49.jpg,label,2,1,class_02_passenger_car,c:\Users\amrem\Documents\Engineering Year 4\Machine Learning\Project\Vehicle-Classification\data\raw\class_02_passenger_car\Image_49.jpg
20251231_220245,2025-12-31T22:11:30,c:\Users\amrem\Documents\Engineering Year 4\Machine Learning\Project\Vehicle-Classification\data\inbox\archive (1)\Dataset\Car\Image_5.jpg,label,2,1,class_02_passenger_car,c:\Users\amrem\Documents\Engineering Year 4\Machine Learning\Project\Vehicle-Classification\data\raw\class_02_passenger_car\Image_5.jpg
20251231_220245,2025-12-31T22:11:30,c:\Users\amrem\Documents\Engineering Year 4\Machine Learning\Project\Vehicle-Classification\data\inbox\archive (1)\Dataset\Car\Image_50.jpg,label,2,1,class_02_passenger_car,c:\Users\amrem\Documents\Engineering Year 4\Machine Learning\Project\Vehicle-Classification\data\raw\class_02_passenger_car\Image_50.jpg
20251231_220245,2025-12-31T22:11:31,c:\Users\amrem\Documents\Engineering Year 4\Machine Learning\Project\Vehicle-Classification\data\inbox\archive (1)\Dataset\Car\Image_51.jpg,label,2,1,class_02_passenger_car,c:\Users\amrem\Documents\Engineering Year 4\Machine Learning\Project\Vehicle-Classification\data\raw\class_02_passenger_car\Image_51.jpg
20251231_220245,2025-12-31T22:11:31,c:\Users\amrem\Documents\Engineering Year 4\Machine Learning\Project\Vehicle-Classification\data\inbox\archive (1)\Dataset\Car\Image_52.jpg,label,2,1,class_02_passenger_car,c:\Users\amrem\Documents\Engineering Year 4\Machine Learning\Project\Vehicle-Classification\data\raw\class_02_passenger_car\Image_52.jpg
20251231_220245,2025-12-31T22:11:32,c:\Users\amrem\Documents\Engineering Year 4\Machine Learning\Project\Vehicle-Classification\data\inbox\archive (1)\Dataset\Car\Image_53.jpg,label,2,1,class_02_passenger_car,c:\Users\amrem\Documents\Engineering Year 4\Machine Learning\Project\Vehicle-Classification\data\raw\class_02_passenger_car\Image_53.jpg
20251231_220245,2025-12-31T22:11:33,c:\Users\amrem\Documents\Engineering Year 4\Machine Learning\Project\Vehicle-Classification\data\inbox\archive (1)\Dataset\Car\Image_54.jpg,label,2,1,class_02_passenger_car,c:\Users\amrem\Documents\Engineering Year 4\Machine Learning\Project\Vehicle-Classification\data\raw\class_02_passenger_car\Image_54.jpg
20251231_220245,2025-12-31T22:11:34,c:\Users\amrem\Documents\Engineering Year 4\Machine Learning\Project\Vehicle-Classification\data\inbox\archive (1)\Dataset\Car\Image_55.jpg,label,2,1,class_02_passenger_car,c:\Users\amrem\Documents\Engineering Year 4\Machine Learning\Project\Vehicle-Classification\data\raw\class_02_passenger_car\Image_55.jpg
20251231_220245,2025-12-31T22:11:34,c:\Users\amrem\Documents\Engineering Year 4\Machine Learning\Project\Vehicle-Classification\data\inbox\archive (1)\Dataset\Car\Image_56.jpg,label,2,1,class_02_passenger_car,c:\Users\amrem\Documents\Engineering Year 4\Machine Learning\Project\Vehicle-Classification\data\raw\class_02_passenger_car\Image_56.jpg
20251231_220245,2025-12-31T22:11:35,c:\Users\amrem\Documents\Engineering Year 4\Machine Learning\Project\Vehicle-Classification\data\inbox\archive (1)\Dataset\Car\Image_57.jpg,label,2,1,class_02_passenger_car,c:\Users\amrem\Documents\Engineering Year 4\Machine Learning\Project\Vehicle-Classification\data\raw\class_02_passenger_car\Image_57.jpg
20251231_220245,2025-12-31T22:11:35,c:\Users\amrem\Documents\Engineering Year 4\Machine Learning\Project\Vehicle-Classification\data\inbox\archive (1)\Dataset\Car\Image_58.jpg,label,2,1,class_02_passenger_car,c:\Users\amrem\Documents\Engineering Year 4\Machine Learning\Project\Vehicle-Classification\data\raw\class_02_passenger_car\Image_58.jpg
20251231_220245,2025-12-31T22:11:36,c:\Users\amrem\Documents\Engineering Year 4\Machine Learning\Project\Vehicle-Classification\data\inbox\archive (1)\Dataset\Car\Image_59.jpg,label,2,1,class_02_passenger_car,c:\Users\amrem\Documents\Engineering Year 4\Machine Learning\Project\Vehicle-Classification\data\raw\class_02_passenger_car\Image_59.jpg
20251231_220245,2025-12-31T22:11:37,c:\Users\amrem\Documents\Engineering Year 4\Machine Learning\Project\Vehicle-Classification\data\inbox\archive (1)\Dataset\Car\Image_6.jpg,label,2,1,class_02_passenger_car,c:\Users\amrem\Documents\Engineering Year 4\Machine Learning\Project\Vehicle-Classification\data\raw\class_02_passenger_car\Image_6.jpg
20251231_220245,2025-12-31T22:11:37,c:\Users\amrem\Documents\Engineering Year 4\Machine Learning\Project\Vehicle-Classification\data\inbox\archive (1)\Dataset\Car\Image_60.jpg,label,2,1,class_02_passenger_car,c:\Users\amrem\Documents\Engineering Year 4\Machine Learning\Project\Vehicle-Classification\data\raw\class_02_passenger_car\Image_60.jpg
20251231_220245,2025-12-31T22:11:38,c:\Users\amrem\Documents\Engineering Year 4\Machine Learning\Project\Vehicle-Classification\data\inbox\archive (1)\Dataset\Car\Image_61.jpg,label,2,1,class_02_passenger_car,c:\Users\amrem\Documents\Engineering Year 4\Machine Learning\Project\Vehicle-Classification\data\raw\class_02_passenger_car\Image_61.jpg
20251231_220245,2025-12-31T22:11:39,c:\Users\amrem\Documents\Engineering Year 4\Machine Learning\Project\Vehicle-Classification\data\inbox\archive (1)\Dataset\Car\Image_62.jpg,label,2,1,class_02_passenger_car,c:\Users\amrem\Documents\Engineering Year 4\Machine Learning\Project\Vehicle-Classification\data\raw\class_02_passenger_car\Image_62.jpg
20251231_220245,2025-12-31T22:11:39,c:\Users\amrem\Documents\Engineering Year 4\Machine Learning\Project\Vehicle-Classification\data\inbox\archive (1)\Dataset\Car\Image_63.jpg,label,2,1,class_02_passenger_car,c:\Users\amrem\Documents\Engineering Year 4\Machine Learning\Project\Vehicle-Classification\data\raw\class_02_passenger_car\Image_63.jpg
20251231_220245,2025-12-31T22:11:40,c:\Users\amrem\Documents\Engineering Year 4\Machine Learning\Project\Vehicle-Classification\data\inbox\archive (1)\Dataset\Car\Image_64.jpg,label,2,1,class_02_passenger_car,c:\Users\amrem\Documents\Engineering Year 4\Machine Learning\Project\Vehicle-Classification\data\raw\class_02_passenger_car\Image_64.jpg
20251231_220245,2025-12-31T22:11:41,c:\Users\amrem\Documents\Engineering Year 4\Machine Learning\Project\Vehicle-Classification\data\inbox\archive (1)\Dataset\Car\Image_65.jpg,label,2,1,class_02_passenger_car,c:\Users\amrem\Documents\Engineering Year 4\Machine Learning\Project\Vehicle-Classification\data\raw\class_02_passenger_car\Image_65.jpg
20251231_220245,2025-12-31T22:11:42,c:\Users\amrem\Documents\Engineering Year 4\Machine Learning\Project\Vehicle-Classification\data\inbox\archive (1)\Dataset\Car\Image_66.jpg,label,2,1,class_02_passenger_car,c:\Users\amrem\Documents\Engineering Year 4\Machine Learning\Project\Vehicle-Classification\data\raw\class_02_passenger_car\Image_66.jpg
20251231_220245,2025-12-31T22:11:42,c:\Users\amrem\Documents\Engineering Year 4\Machine Learning\Project\Vehicle-Classification\data\inbox\archive (1)\Dataset\Car\Image_67.jpg,label,2,1,class_02_passenger_car,c:\Users\amrem\Documents\Engineering Year 4\Machine Learning\Project\Vehicle-Classification\data\raw\class_02_passenger_car\Image_67.jpg
20251231_220245,2025-12-31T22:11:44,c:\Users\amrem\Documents\Engineering Year 4\Machine Learning\Project\Vehicle-Classification\data\inbox\archive (1)\Dataset\Car\Image_68.jpg,label,2,1,class_02_passenger_car,c:\Users\amrem\Documents\Engineering Year 4\Machine Learning\Project\Vehicle-Classification\data\raw\class_02_passenger_car\Image_68.jpg
20251231_220245,2025-12-31T22:11:45,c:\Users\amrem\Documents\Engineering Year 4\Machine Learning\Project\Vehicle-Classification\data\inbox\archive (1)\Dataset\Car\Image_69.jpg,label,2,1,class_02_passenger_car,c:\Users\amrem\Documents\Engineering Year 4\Machine Learning\Project\Vehicle-Classification\data\raw\class_02_passenger_car\Image_69.jpg
20251231_220245,2025-12-31T22:11:45,c:\Users\amrem\Documents\Engineering Year 4\Machine Learning\Project\Vehicle-Classification\data\inbox\archive (1)\Dataset\Car\Image_7.jpg,label,2,1,class_02_passenger_car,c:\Users\amrem\Documents\Engineering Year 4\Machine Learning\Project\Vehicle-Classification\data\raw\class_02_passenger_car\Image_7.jpg
20251231_220245,2025-12-31T22:11:46,c:\Users\amrem\Documents\Engineering Year 4\Machine Learning\Project\Vehicle-Classification\data\inbox\archive (1)\Dataset\Car\Image_70.jpg,label,2,1,class_02_passenger_car,c:\Users\amrem\Documents\Engineering Year 4\Machine Learning\Project\Vehicle-Classification\data\raw\class_02_passenger_car\Image_70.jpg
20251231_220245,2025-12-31T22:11:48,c:\Users\amrem\Documents\Engineering Year 4\Machine Learning\Project\Vehicle-Classification\data\inbox\archive (1)\Dataset\Car\Image_71.jpg,label,2,1,class_02_passenger_car,c:\Users\amrem\Documents\Engineering Year 4\Machine Learning\Project\Vehicle-Classification\data\raw\class_02_passenger_car\Image_71.jpg
20251231_220245,2025-12-31T22:11:48,c:\Users\amrem\Documents\Engineering Year 4\Machine Learning\Project\Vehicle-Classification\data\inbox\archive (1)\Dataset\Car\Image_72.jpg,label,2,1,class_02_passenger_car,c:\Users\amrem\Documents\Engineering Year 4\Machine Learning\Project\Vehicle-Classification\data\raw\class_02_passenger_car\Image_72.jpg
20251231_220245,2025-12-31T22:11:49,c:\Users\amrem\Documents\Engineering Year 4\Machine Learning\Project\Vehicle-Classification\data\inbox\archive (1)\Dataset\Car\Image_73.JPG,label,2,1,class_02_passenger_car,c:\Users\amrem\Documents\Engineering Year 4\Machine Learning\Project\Vehicle-Classification\data\raw\class_02_passenger_car\Image_73.JPG
20251231_220245,2025-12-31T22:11:50,c:\Users\amrem\Documents\Engineering Year 4\Machine Learning\Project\Vehicle-Classification\data\inbox\archive (1)\Dataset\Car\Image_74.jpg,label,2,1,class_02_passenger_car,c:\Users\amrem\Documents\Engineering Year 4\Machine Learning\Project\Vehicle-Classification\data\raw\class_02_passenger_car\Image_74.jpg
20251231_220245,2025-12-31T22:11:50,c:\Users\amrem\Documents\Engineering Year 4\Machine Learning\Project\Vehicle-Classification\data\inbox\archive (1)\Dataset\Car\Image_75.jpg,label,2,1,class_02_passenger_car,c:\Users\amrem\Documents\Engineering Year 4\Machine Learning\Project\Vehicle-Classification\data\raw\class_02_passenger_car\Image_75.jpg
20251231_220245,2025-12-31T22:11:51,c:\Users\amrem\Documents\Engineering Year 4\Machine Learning\Project\Vehicle-Classification\data\inbox\archive (1)\Dataset\Car\Image_76.jpg,label,2,1,class_02_passenger_car,c:\Users\amrem\Documents\Engineering Year 4\Machine Learning\Project\Vehicle-Classification\data\raw\class_02_passenger_car\Image_76.jpg
20251231_220245,2025-12-31T22:11:52,c:\Users\amrem\Documents\Engineering Year 4\Machine Learning\Project\Vehicle-Classification\data\inbox\archive (1)\Dataset\Car\Image_77.jpg,label,2,1,class_02_passenger_car,c:\Users\amrem\Documents\Engineering Year 4\Machine Learning\Project\Vehicle-Classification\data\raw\class_02_passenger_car\Image_77.jpg
20251231_220245,2025-12-31T22:11:52,c:\Users\amrem\Documents\Engineering Year 4\Machine Learning\Project\Vehicle-Classification\data\inbox\archive (1)\Dataset\Car\Image_78.jpg,label,2,1,class_02_passenger_car,c:\Users\amrem\Documents\Engineering Year 4\Machine Learning\Project\Vehicle-Classification\data\raw\class_02_passenger_car\Image_78.jpg
20251231_220245,2025-12-31T22:11:53,c:\Users\amrem\Documents\Engineering Year 4\Machine Learning\Project\Vehicle-Classification\data\inbox\archive (1)\Dataset\Car\Image_79.jpg,label,2,1,class_02_passenger_car,c:\Users\amrem\Documents\Engineering Year 4\Machine Learning\Project\Vehicle-Classification\data\raw\class_02_passenger_car\Image_79.jpg
20251231_220245,2025-12-31T22:11:54,c:\Users\amrem\Documents\Engineering Year 4\Machine Learning\Project\Vehicle-Classification\data\inbox\archive (1)\Dataset\Car\Image_8.jpg,label,2,1,class_02_passenger_car,c:\Users\amrem\Documents\Engineering Year 4\Machine Learning\Project\Vehicle-Classification\data\raw\class_02_passenger_car\Image_8.jpg
20251231_220245,2025-12-31T22:11:55,c:\Users\amrem\Documents\Engineering Year 4\Machine Learning\Project\Vehicle-Classification\data\inbox\archive (1)\Dataset\Car\Image_80.jpg,label,2,1,class_02_passenger_car,c:\Users\amrem\Documents\Engineering Year 4\Machine Learning\Project\Vehicle-Classification\data\raw\class_02_passenger_car\Image_80.jpg
20251231_220245,2025-12-31T22:11:55,c:\Users\amrem\Documents\Engineering Year 4\Machine Learning\Project\Vehicle-Classification\data\inbox\archive (1)\Dataset\Car\Image_81.jpg,label,2,1,class_02_passenger_car,c:\Users\amrem\Documents\Engineering Year 4\Machine Learning\Project\Vehicle-Classification\data\raw\class_02_passenger_car\Image_81.jpg
20251231_220245,2025-12-31T22:11:56,c:\Users\amrem\Documents\Engineering Year 4\Machine Learning\Project\Vehicle-Classification\data\inbox\archive (1)\Dataset\Car\Image_82.png,label,2,1,class_02_passenger_car,c:\Users\amrem\Documents\Engineering Year 4\Machine Learning\Project\Vehicle-Classification\data\raw\class_02_passenger_car\Image_82.png
20251231_220245,2025-12-31T22:11:58,c:\Users\amrem\Documents\Engineering Year 4\Machine Learning\Project\Vehicle-Classification\data\inbox\archive (1)\Dataset\Car\Image_83.jpg,label,2,1,class_02_passenger_car,c:\Users\amrem\Documents\Engineering Year 4\Machine Learning\Project\Vehicle-Classification\data\raw\class_02_passenger_car\Image_83.jpg
20251231_220245,2025-12-31T22:11:59,c:\Users\amrem\Documents\Engineering Year 4\Machine Learning\Project\Vehicle-Classification\data\inbox\archive (1)\Dataset\Car\Image_84.jpg,label,2,1,class_02_passenger_car,c:\Users\amrem\Documents\Engineering Year 4\Machine Learning\Project\Vehicle-Classification\data\raw\class_02_passenger_car\Image_84.jpg
20251231_220245,2025-12-31T22:12:00,c:\Users\amrem\Documents\Engineering Year 4\Machine Learning\Project\Vehicle-Classification\data\inbox\archive (1)\Dataset\Car\Image_85.jpg,label,2,1,class_02_passenger_car,c:\Users\amrem\Documents\Engineering Year 4\Machine Learning\Project\Vehicle-Classification\data\raw\class_02_passenger_car\Image_85.jpg
20251231_220245,2025-12-31T22:12:01,c:\Users\amrem\Documents\Engineering Year 4\Machine Learning\Project\Vehicle-Classification\data\inbox\archive (1)\Dataset\Car\Image_86.jpg,label,2,1,class_02_passenger_car,c:\Users\amrem\Documents\Engineering Year 4\Machine Learning\Project\Vehicle-Classification\data\raw\class_02_passenger_car\Image_86.jpg
20251231_220245,2025-12-31T22:12:02,c:\Users\amrem\Documents\Engineering Year 4\Machine Learning\Project\Vehicle-Classification\data\inbox\archive (1)\Dataset\Car\Image_87.jpg,label,2,1,class_02_passenger_car,c:\Users\amrem\Documents\Engineering Year 4\Machine Learning\Project\Vehicle-Classification\data\raw\class_02_passenger_car\Image_87.jpg
20251231_220245,2025-12-31T22:12:02,c:\Users\amrem\Documents\Engineering Year 4\Machine Learning\Project\Vehicle-Classification\data\inbox\archive (1)\Dataset\Car\Image_88.png,label,2,1,class_02_passenger_car,c:\Users\amrem\Documents\Engineering Year 4\Machine Learning\Project\Vehicle-Classification\data\raw\class_02_passenger_car\Image_88.png
20251231_220245,2025-12-31T22:12:04,c:\Users\amrem\Documents\Engineering Year 4\Machine Learning\Project\Vehicle-Classification\data\inbox\archive (1)\Dataset\Car\Image_89.png,label,2,1,class_02_passenger_car,c:\Users\amrem\Documents\Engineering Year 4\Machine Learning\Project\Vehicle-Classification\data\raw\class_02_passenger_car\Image_89.png
20251231_220245,2025-12-31T22:12:05,c:\Users\amrem\Documents\Engineering Year 4\Machine Learning\Project\Vehicle-Classification\data\inbox\archive (1)\Dataset\Car\Image_9.jpg,label,2,1,class_02_passenger_car,c:\Users\amrem\Documents\Engineering Year 4\Machine Learning\Project\Vehicle-Classification\data\raw\class_02_passenger_car\Image_9.jpg
20251231_220245,2025-12-31T22:12:06,c:\Users\amrem\Documents\Engineering Year 4\Machine Learning\Project\Vehicle-Classification\data\inbox\archive (1)\Dataset\Car\Image_90.jpg,label,2,1,class_02_passenger_car,c:\Users\amrem\Documents\Engineering Year 4\Machine Learning\Project\Vehicle-Classification\data\raw\class_02_passenger_car\Image_90.jpg
20251231_220245,2025-12-31T22:12:07,c:\Users\amrem\Documents\Engineering Year 4\Machine Learning\Project\Vehicle-Classification\data\inbox\archive (1)\Dataset\Car\Image_91.jpg,label,2,1,class_02_passenger_car,c:\Users\amrem\Documents\Engineering Year 4\Machine Learning\Project\Vehicle-Classification\data\raw\class_02_passenger_car\Image_91.jpg
20251231_220245,2025-12-31T22:12:08,c:\Users\amrem\Documents\Engineering Year 4\Machine Learning\Project\Vehicle-Classification\data\inbox\archive (1)\Dataset\Car\Image_92.jpg,label,2,1,class_02_passenger_car,c:\Users\amrem\Documents\Engineering Year 4\Machine Learning\Project\Vehicle-Classification\data\raw\class_02_passenger_car\Image_92.jpg
20251231_220245,2025-12-31T22:12:09,c:\Users\amrem\Documents\Engineering Year 4\Machine Learning\Project\Vehicle-Classification\data\inbox\archive (1)\Dataset\Car\Image_93.jpg,label,2,1,class_02_passenger_car,c:\Users\amrem\Documents\Engineering Year 4\Machine Learning\Project\Vehicle-Classification\data\raw\class_02_passenger_car\Image_93.jpg
20251231_220245,2025-12-31T22:12:09,c:\Users\amrem\Documents\Engineering Year 4\Machine Learning\Project\Vehicle-Classification\data\inbox\archive (1)\Dataset\Car\Image_94.jpg,label,2,1,class_02_passenger_car,c:\Users\amrem\Documents\Engineering Year 4\Machine Learning\Project\Vehicle-Classification\data\raw\class_02_passenger_car\Image_94.jpg
20251231_220245,2025-12-31T22:12:11,c:\Users\amrem\Documents\Engineering Year 4\Machine Learning\Project\Vehicle-Classification\data\inbox\archive (1)\Dataset\Car\Image_95.png,label,2,1,class_02_passenger_car,c:\Users\amrem\Documents\Engineering Year 4\Machine Learning\Project\Vehicle-Classification\data\raw\class_02_passenger_car\Image_95.png
20251231_220245,2025-12-31T22:12:11,c:\Users\amrem\Documents\Engineering Year 4\Machine Learning\Project\Vehicle-Classification\data\inbox\archive (1)\Dataset\Car\Image_96.jpg,label,2,1,class_02_passenger_car,c:\Users\amrem\Documents\Engineering Year 4\Machine Learning\Project\Vehicle-Classification\data\raw\class_02_passenger_car\Image_96.jpg
20251231_220245,2025-12-31T22:12:13,c:\Users\amrem\Documents\Engineering Year 4\Machine Learning\Project\Vehicle-Classification\data\inbox\archive (1)\Dataset\Car\Image_97.JPG,label,2,1,class_02_passenger_car,c:\Users\amrem\Documents\Engineering Year 4\Machine Learning\Project\Vehicle-Classification\data\raw\class_02_passenger_car\Image_97.JPG
20251231_220245,2025-12-31T22:12:14,c:\Users\amrem\Documents\Engineering Year 4\Machine Learning\Project\Vehicle-Classification\data\inbox\archive (1)\Dataset\Car\Image_98.jpg,label,2,1,class_02_passenger_car,c:\Users\amrem\Documents\Engineering Year 4\Machine Learning\Project\Vehicle-Classification\data\raw\class_02_passenger_car\Image_98.jpg
20251231_220245,2025-12-31T22:12:16,c:\Users\amrem\Documents\Engineering Year 4\Machine Learning\Project\Vehicle-Classification\data\inbox\archive (1)\Dataset\Car\Image_99.jpg,reject,,,reject,c:\Users\amrem\Documents\Engineering Year 4\Machine Learning\Project\Vehicle-Classification\data\raw\reject\Image_99.jpg
20251231_220245,2025-12-31T22:12:35,c:\Users\amrem\Documents\Engineering Year 4\Machine Learning\Project\Vehicle-Classification\data\inbox\archive (1)\Dataset\motorcycle\Image_1.jpeg,label,1,0,class_01_motorcycle,c:\Users\amrem\Documents\Engineering Year 4\Machine Learning\Project\Vehicle-Classification\data\raw\class_01_motorcycle\Image_1.jpeg
20251231_220245,2025-12-31T22:12:36,c:\Users\amrem\Documents\Engineering Year 4\Machine Learning\Project\Vehicle-Classification\data\inbox\archive (1)\Dataset\motorcycle\Image_10.jpg,label,1,0,class_01_motorcycle,c:\Users\amrem\Documents\Engineering Year 4\Machine Learning\Project\Vehicle-Classification\data\raw\class_01_motorcycle\Image_10.jpg
20251231_220245,2025-12-31T22:12:37,c:\Users\amrem\Documents\Engineering Year 4\Machine Learning\Project\Vehicle-Classification\data\inbox\archive (1)\Dataset\motorcycle\Image_11.jpg,label,1,0,class_01_motorcycle,c:\Users\amrem\Documents\Engineering Year 4\Machine Learning\Project\Vehicle-Classification\data\raw\class_01_motorcycle\Image_11.jpg
20251231_220245,2025-12-31T22:12:37,c:\Users\amrem\Documents\Engineering Year 4\Machine Learning\Project\Vehicle-Classification\data\inbox\archive (1)\Dataset\motorcycle\Image_12.jpg,label,1,0,class_01_motorcycle,c:\Users\amrem\Documents\Engineering Year 4\Machine Learning\Project\Vehicle-Classification\data\raw\class_01_motorcycle\Image_12.jpg
20251231_220245,2025-12-31T22:12:39,c:\Users\amrem\Documents\Engineering Year 4\Machine Learning\Project\Vehicle-Classification\data\inbox\archive (1)\Dataset\motorcycle\Image_13.jpg,label,1,0,class_01_motorcycle,c:\Users\amrem\Documents\Engineering Year 4\Machine Learning\Project\Vehicle-Classification\data\raw\class_01_motorcycle\Image_13.jpg
20251231_220245,2025-12-31T22:12:39,c:\Users\amrem\Documents\Engineering Year 4\Machine Learning\Project\Vehicle-Classification\data\inbox\archive (1)\Dataset\motorcycle\Image_2.jpg,label,1,0,class_01_motorcycle,c:\Users\amrem\Documents\Engineering Year 4\Machine Learning\Project\Vehicle-Classification\data\raw\class_01_motorcycle\Image_2.jpg
20251231_220245,2025-12-31T22:12:40,c:\Users\amrem\Documents\Engineering Year 4\Machine Learning\Project\Vehicle-Classification\data\inbox\archive (1)\Dataset\motorcycle\Image_24.jpg,label,1,0,class_01_motorcycle,c:\Users\amrem\Documents\Engineering Year 4\Machine Learning\Project\Vehicle-Classification\data\raw\class_01_motorcycle\Image_24.jpg
20251231_220245,2025-12-31T22:12:41,c:\Users\amrem\Documents\Engineering Year 4\Machine Learning\Project\Vehicle-Classification\data\inbox\archive (1)\Dataset\motorcycle\Image_25.jpg,label,1,0,class_01_motorcycle,c:\Users\amrem\Documents\Engineering Year 4\Machine Learning\Project\Vehicle-Classification\data\raw\class_01_motorcycle\Image_25.jpg
20251231_220245,2025-12-31T22:12:42,c:\Users\amrem\Documents\Engineering Year 4\Machine Learning\Project\Vehicle-Classification\data\inbox\archive (1)\Dataset\motorcycle\Image_26.jpg,label,1,0,class_01_motorcycle,c:\Users\amrem\Documents\Engineering Year 4\Machine Learning\Project\Vehicle-Classification\data\raw\class_01_motorcycle\Image_26.jpg
20251231_220245,2025-12-31T22:12:43,c:\Users\amrem\Documents\Engineering Year 4\Machine Learning\Project\Vehicle-Classification\data\inbox\archive (1)\Dataset\motorcycle\Image_3.jpg,label,1,0,class_01_motorcycle,c:\Users\amrem\Documents\Engineering Year 4\Machine Learning\Project\Vehicle-Classification\data\raw\class_01_motorcycle\Image_3.jpg
20251231_220245,2025-12-31T22:12:43,c:\Users\amrem\Documents\Engineering Year 4\Machine Learning\Project\Vehicle-Classification\data\inbox\archive (1)\Dataset\motorcycle\Image_37.jpg,label,1,0,class_01_motorcycle,c:\Users\amrem\Documents\Engineering Year 4\Machine Learning\Project\Vehicle-Classification\data\raw\class_01_motorcycle\Image_37.jpg
20251231_220245,2025-12-31T22:12:45,c:\Users\amrem\Documents\Engineering Year 4\Machine Learning\Project\Vehicle-Classification\data\inbox\archive (1)\Dataset\motorcycle\Image_38.jpeg,label,1,0,class_01_motorcycle,c:\Users\amrem\Documents\Engineering Year 4\Machine Learning\Project\Vehicle-Classification\data\raw\class_01_motorcycle\Image_38.jpeg
20251231_220245,2025-12-31T22:12:49,c:\Users\amrem\Documents\Engineering Year 4\Machine Learning\Project\Vehicle-Classification\data\inbox\archive (1)\Dataset\motorcycle\Image_39.jpg,label,1,0,class_01_motorcycle,c:\Users\amrem\Documents\Engineering Year 4\Machine Learning\Project\Vehicle-Classification\data\raw\class_01_motorcycle\Image_39.jpg
20251231_220245,2025-12-31T22:12:53,c:\Users\amrem\Documents\Engineering Year 4\Machine Learning\Project\Vehicle-Classification\data\inbox\archive (1)\Dataset\motorcycle\Image_4.jpg,label,1,0,class_01_motorcycle,c:\Users\amrem\Documents\Engineering Year 4\Machine Learning\Project\Vehicle-Classification\data\raw\class_01_motorcycle\Image_4.jpg
20251231_220245,2025-12-31T22:12:54,c:\Users\amrem\Documents\Engineering Year 4\Machine Learning\Project\Vehicle-Classification\data\inbox\archive (1)\Dataset\motorcycle\Image_5.jpg,label,1,0,class_01_motorcycle,c:\Users\amrem\Documents\Engineering Year 4\Machine Learning\Project\Vehicle-Classification\data\raw\class_01_motorcycle\Image_5.jpg
20251231_220245,2025-12-31T22:12:57,c:\Users\amrem\Documents\Engineering Year 4\Machine Learning\Project\Vehicle-Classification\data\inbox\archive (1)\Dataset\motorcycle\Image_50.jpg,label,1,0,class_01_motorcycle,c:\Users\amrem\Documents\Engineering Year 4\Machine Learning\Project\Vehicle-Classification\data\raw\class_01_motorcycle\Image_50.jpg
20251231_220245,2025-12-31T22:12:59,c:\Users\amrem\Documents\Engineering Year 4\Machine Learning\Project\Vehicle-Classification\data\inbox\archive (1)\Dataset\motorcycle\Image_51.jpg,label,1,0,class_01_motorcycle,c:\Users\amrem\Documents\Engineering Year 4\Machine Learning\Project\Vehicle-Classification\data\raw\class_01_motorcycle\Image_51.jpg
20251231_220245,2025-12-31T22:13:07,c:\Users\amrem\Documents\Engineering Year 4\Machine Learning\Project\Vehicle-Classification\data\inbox\archive (1)\Dataset\motorcycle\Image_52.jpg,label,1,0,class_01_motorcycle,c:\Users\amrem\Documents\Engineering Year 4\Machine Learning\Project\Vehicle-Classification\data\raw\class_01_motorcycle\Image_52.jpg
20251231_220245,2025-12-31T22:13:08,c:\Users\amrem\Documents\Engineering Year 4\Machine Learning\Project\Vehicle-Classification\data\inbox\archive (1)\Dataset\motorcycle\Image_6.jpg,label,1,0,class_01_motorcycle,c:\Users\amrem\Documents\Engineering Year 4\Machine Learning\Project\Vehicle-Classification\data\raw\class_01_motorcycle\Image_6.jpg
20251231_220245,2025-12-31T22:13:09,c:\Users\amrem\Documents\Engineering Year 4\Machine Learning\Project\Vehicle-Classification\data\inbox\archive (1)\Dataset\motorcycle\Image_63.JPG,label,1,0,class_01_motorcycle,c:\Users\amrem\Documents\Engineering Year 4\Machine Learning\Project\Vehicle-Classification\data\raw\class_01_motorcycle\Image_63.JPG
20251231_220245,2025-12-31T22:13:10,c:\Users\amrem\Documents\Engineering Year 4\Machine Learning\Project\Vehicle-Classification\data\inbox\archive (1)\Dataset\motorcycle\Image_64.jpg,label,1,0,class_01_motorcycle,c:\Users\amrem\Documents\Engineering Year 4\Machine Learning\Project\Vehicle-Classification\data\raw\class_01_motorcycle\Image_64.jpg
20251231_220245,2025-12-31T22:13:11,c:\Users\amrem\Documents\Engineering Year 4\Machine Learning\Project\Vehicle-Classification\data\inbox\archive (1)\Dataset\motorcycle\Image_65.jpg,label,1,0,class_01_motorcycle,c:\Users\amrem\Documents\Engineering Year 4\Machine Learning\Project\Vehicle-Classification\data\raw\class_01_motorcycle\Image_65.jpg
20251231_220245,2025-12-31T22:13:12,c:\Users\amrem\Documents\Engineering Year 4\Machine Learning\Project\Vehicle-Classification\data\inbox\archive (1)\Dataset\motorcycle\Image_7.jpg,label,1,0,class_01_motorcycle,c:\Users\amrem\Documents\Engineering Year 4\Machine Learning\Project\Vehicle-Classification\data\raw\class_01_motorcycle\Image_7.jpg
20251231_220245,2025-12-31T22:13:13,c:\Users\amrem\Documents\Engineering Year 4\Machine Learning\Project\Vehicle-Classification\data\inbox\archive (1)\Dataset\motorcycle\Image_76.jpeg,label,1,0,class_01_motorcycle,c:\Users\amrem\Documents\Engineering Year 4\Machine Learning\Project\Vehicle-Classification\data\raw\class_01_motorcycle\Image_76.jpeg
20251231_220245,2025-12-31T22:13:14,c:\Users\amrem\Documents\Engineering Year 4\Machine Learning\Project\Vehicle-Classification\data\inbox\archive (1)\Dataset\motorcycle\Image_77.jpg,label,1,0,class_01_motorcycle,c:\Users\amrem\Documents\Engineering Year 4\Machine Learning\Project\Vehicle-Classification\data\raw\class_01_motorcycle\Image_77.jpg
20251231_220245,2025-12-31T22:13:15,c:\Users\amrem\Documents\Engineering Year 4\Machine Learning\Project\Vehicle-Classification\data\inbox\archive (1)\Dataset\motorcycle\Image_78.jpeg,label,1,0,class_01_motorcycle,c:\Users\amrem\Documents\Engineering Year 4\Machine Learning\Project\Vehicle-Classification\data\raw\class_01_motorcycle\Image_78.jpeg
20251231_220245,2025-12-31T22:13:16,c:\Users\amrem\Documents\Engineering Year 4\Machine Learning\Project\Vehicle-Classification\data\inbox\archive (1)\Dataset\motorcycle\Image_8.jpg,label,1,0,class_01_motorcycle,c:\Users\amrem\Documents\Engineering Year 4\Machine Learning\Project\Vehicle-Classification\data\raw\class_01_motorcycle\Image_8.jpg
20251231_220245,2025-12-31T22:13:19,c:\Users\amrem\Documents\Engineering Year 4\Machine Learning\Project\Vehicle-Classification\data\inbox\archive (1)\Dataset\motorcycle\Image_89.jpg,reject,,,reject,c:\Users\amrem\Documents\Engineering Year 4\Machine Learning\Project\Vehicle-Classification\data\raw\reject\Image_89.jpg
20251231_220245,2025-12-31T22:13:23,c:\Users\amrem\Documents\Engineering Year 4\Machine Learning\Project\Vehicle-Classification\data\inbox\archive (1)\Dataset\motorcycle\Image_9.jpg,label,1,0,class_01_motorcycle,c:\Users\amrem\Documents\Engineering Year 4\Machine Learning\Project\Vehicle-Classification\data\raw\class_01_motorcycle\Image_9.jpg
20251231_220245,2025-12-31T22:13:24,c:\Users\amrem\Documents\Engineering Year 4\Machine Learning\Project\Vehicle-Classification\data\inbox\archive (1)\Dataset\motorcycle\Image_90.jpg,label,1,0,class_01_motorcycle,c:\Users\amrem\Documents\Engineering Year 4\Machine Learning\Project\Vehicle-Classification\data\raw\class_01_motorcycle\Image_90.jpg
20251231_220245,2025-12-31T22:13:26,c:\Users\amrem\Documents\Engineering Year 4\Machine Learning\Project\Vehicle-Classification\data\inbox\archive (1)\Dataset\motorcycle\Image_91.jpg,reject,,,reject,c:\Users\amrem\Documents\Engineering Year 4\Machine Learning\Project\Vehicle-Classification\data\raw\reject\Image_91.jpg
20251231_220245,2025-12-31T22:33:21,c:\Users\amrem\Documents\Engineering Year 4\Machine Learning\Project\Vehicle-Classification\data\inbox\archive (1)\Dataset\Truck\Image_1.jpg,label,3,2,class_03_four_tire_single_unit,c:\Users\amrem\Documents\Engineering Year 4\Machine Learning\Project\Vehicle-Classification\data\raw\class_03_four_tire_single_unit\Image_1.jpg
20251231_220245,2025-12-31T22:33:37,c:\Users\amrem\Documents\Engineering Year 4\Machine Learning\Project\Vehicle-Classification\data\inbox\archive (1)\Dataset\Truck\Image_10.jpg,label,7,6,class_07_four_or_more_axle_single_unit,c:\Users\amrem\Documents\Engineering Year 4\Machine Learning\Project\Vehicle-Classification\data\raw\class_07_four_or_more_axle_single_unit\Image_10.jpg
20251231_220245,2025-12-31T22:33:59,c:\Users\amrem\Documents\Engineering Year 4\Machine Learning\Project\Vehicle-Classification\data\inbox\archive (1)\Dataset\Truck\Image_100.jpg,label,9,8,class_09_five_axle_tractor_semitrailer,c:\Users\amrem\Documents\Engineering Year 4\Machine Learning\Project\Vehicle-Classification\data\raw\class_09_five_axle_tractor_semitrailer\Image_100.jpg
20251231_220245,2025-12-31T22:34:07,c:\Users\amrem\Documents\Engineering Year 4\Machine Learning\Project\Vehicle-Classification\data\inbox\archive (1)\Dataset\Truck\Image_11.jpg,label,9,8,class_09_five_axle_tractor_semitrailer,c:\Users\amrem\Documents\Engineering Year 4\Machine Learning\Project\Vehicle-Classification\data\raw\class_09_five_axle_tractor_semitrailer\Image_11.jpg
20251231_220245,2025-12-31T22:34:12,c:\Users\amrem\Documents\Engineering Year 4\Machine Learning\Project\Vehicle-Classification\data\inbox\archive (1)\Dataset\Truck\Image_12.jpg,label,5,4,class_05_two_axle_six_tire_single_unit,c:\Users\amrem\Documents\Engineering Year 4\Machine Learning\Project\Vehicle-Classification\data\raw\class_05_two_axle_six_tire_single_unit\Image_12.jpg
20251231_220245,2025-12-31T22:36:43,c:\Users\amrem\Documents\Engineering Year 4\Machine Learning\Project\Vehicle-Classification\data\inbox\archive (1)\Dataset\Truck\Image_13.JPG,label,3,2,class_03_four_tire_single_unit,c:\Users\amrem\Documents\Engineering Year 4\Machine Learning\Project\Vehicle-Classification\data\raw\class_03_four_tire_single_unit\Image_13.JPG
20251231_220245,2025-12-31T22:36:47,c:\Users\amrem\Documents\Engineering Year 4\Machine Learning\Project\Vehicle-Classification\data\inbox\archive (1)\Dataset\Truck\Image_14.jpg,label,6,5,class_06_three_axle_single_unit,c:\Users\amrem\Documents\Engineering Year 4\Machine Learning\Project\Vehicle-Classification\data\raw\class_06_three_axle_single_unit\Image_14.jpg
20251231_220245,2025-12-31T22:36:48,c:\Users\amrem\Documents\Engineering Year 4\Machine Learning\Project\Vehicle-Classification\data\inbox\archive (1)\Dataset\Truck\Image_15.jpg,label,6,5,class_06_three_axle_single_unit,c:\Users\amrem\Documents\Engineering Year 4\Machine Learning\Project\Vehicle-Classification\data\raw\class_06_three_axle_single_unit\Image_15.jpg
20251231_220245,2025-12-31T22:36:50,c:\Users\amrem\Documents\Engineering Year 4\Machine Learning\Project\Vehicle-Classification\data\inbox\archive (1)\Dataset\Truck\Image_16.jpg,label,6,5,class_06_three_axle_single_unit,c:\Users\amrem\Documents\Engineering Year 4\Machine Learning\Project\Vehicle-Classification\data\raw\class_06_three_axle_single_unit\Image_16.jpg
20251231_220245,2025-12-31T22:36:55,c:\Users\amrem\Documents\Engineering Year 4\Machine Learning\Project\Vehicle-Classification\data\inbox\archive (1)\Dataset\Truck\Image_17.jpg,label,3,2,class_03_four_tire_single_unit,c:\Users\amrem\Documents\Engineering Year 4\Machine Learning\Project\Vehicle-Classification\data\raw\class_03_four_tire_single_unit\Image_17.jpg
20251231_220245,2025-12-31T22:37:00,c:\Users\amrem\Documents\Engineering Year 4\Machine Learning\Project\Vehicle-Classification\data\inbox\archive (1)\Dataset\Truck\Image_18.jpg,label,5,4,class_05_two_axle_six_tire_single_unit,c:\Users\amrem\Documents\Engineering Year 4\Machine Learning\Project\Vehicle-Classification\data\raw\class_05_two_axle_six_tire_single_unit\Image_18.jpg
20251231_220245,2025-12-31T22:37:07,c:\Users\amrem\Documents\Engineering Year 4\Machine Learning\Project\Vehicle-Classification\data\inbox\archive (1)\Dataset\Truck\Image_19.jpg,label,7,6,class_07_four_or_more_axle_single_unit,c:\Users\amrem\Documents\Engineering Year 4\Machine Learning\Project\Vehicle-Classification\data\raw\class_07_four_or_more_axle_single_unit\Image_19.jpg
20251231_220245,2025-12-31T22:38:37,c:\Users\amrem\Documents\Engineering Year 4\Machine Learning\Project\Vehicle-Classification\data\inbox\archive (1)\Dataset\Truck\Image_2.jpg,label,9,8,class_09_five_axle_tractor_semitrailer,c:\Users\amrem\Documents\Engineering Year 4\Machine Learning\Project\Vehicle-Classification\data\raw\class_09_five_axle_tractor_semitrailer\Image_2.jpg
20251231_220245,2025-12-31T22:38:40,c:\Users\amrem\Documents\Engineering Year 4\Machine Learning\Project\Vehicle-Classification\data\inbox\archive (1)\Dataset\Truck\Image_20.jpg,label,6,5,class_06_three_axle_single_unit,c:\Users\amrem\Documents\Engineering Year 4\Machine Learning\Project\Vehicle-Classification\data\raw\class_06_three_axle_single_unit\Image_20.jpg
20251231_220245,2025-12-31T22:38:48,c:\Users\amrem\Documents\Engineering Year 4\Machine Learning\Project\Vehicle-Classification\data\inbox\archive (1)\Dataset\Truck\Image_21.jpg,label,9,8,class_09_five_axle_tractor_semitrailer,c:\Users\amrem\Documents\Engineering Year 4\Machine Learning\Project\Vehicle-Classification\data\raw\class_09_five_axle_tractor_semitrailer\Image_21.jpg
20251231_220245,2025-12-31T22:38:52,c:\Users\amrem\Documents\Engineering Year 4\Machine Learning\Project\Vehicle-Classification\data\inbox\archive (1)\Dataset\Truck\Image_22.jpg,label,6,5,class_06_three_axle_single_unit,c:\Users\amrem\Documents\Engineering Year 4\Machine Learning\Project\Vehicle-Classification\data\raw\class_06_three_axle_single_unit\Image_22.jpg
20251231_220245,2025-12-31T22:38:55,c:\Users\amrem\Documents\Engineering Year 4\Machine Learning\Project\Vehicle-Classification\data\inbox\archive (1)\Dataset\Truck\Image_23.jpg,reject,,,reject,c:\Users\amrem\Documents\Engineering Year 4\Machine Learning\Project\Vehicle-Classification\data\raw\reject\Image_23.jpg
20251231_220245,2025-12-31T22:39:00,c:\Users\amrem\Documents\Engineering Year 4\Machine Learning\Project\Vehicle-Classification\data\inbox\archive (1)\Dataset\Truck\Image_24.jpg,label,5,4,class_05_two_axle_six_tire_single_unit,c:\Users\amrem\Documents\Engineering Year 4\Machine Learning\Project\Vehicle-Classification\data\raw\class_05_two_axle_six_tire_single_unit\Image_24.jpg
20251231_220245,2025-12-31T22:39:08,c:\Users\amrem\Documents\Engineering Year 4\Machine Learning\Project\Vehicle-Classification\data\inbox\archive (1)\Dataset\Truck\Image_25.jpg,label,5,4,class_05_two_axle_six_tire_single_unit,c:\Users\amrem\Documents\Engineering Year 4\Machine Learning\Project\Vehicle-Classification\data\raw\class_05_two_axle_six_tire_single_unit\Image_25.jpg
20251231_220245,2025-12-31T22:39:11,c:\Users\amrem\Documents\Engineering Year 4\Machine Learning\Project\Vehicle-Classification\data\inbox\archive (1)\Dataset\Truck\Image_26.jpg,reject,,,reject,c:\Users\amrem\Documents\Engineering Year 4\Machine Learning\Project\Vehicle-Classification\data\raw\reject\Image_26.jpg
20251231_220245,2025-12-31T22:39:16,c:\Users\amrem\Documents\Engineering Year 4\Machine Learning\Project\Vehicle-Classification\data\inbox\archive (1)\Dataset\Truck\Image_27.jpg,label,6,5,class_06_three_axle_single_unit,c:\Users\amrem\Documents\Engineering Year 4\Machine Learning\Project\Vehicle-Classification\data\raw\class_06_three_axle_single_unit\Image_27.jpg
20251231_220245,2025-12-31T22:39:18,c:\Users\amrem\Documents\Engineering Year 4\Machine Learning\Project\Vehicle-Classification\data\inbox\archive (1)\Dataset\Truck\Image_28.jpg,reject,,,reject,c:\Users\amrem\Documents\Engineering Year 4\Machine Learning\Project\Vehicle-Classification\data\raw\reject\Image_28.jpg
20251231_220245,2025-12-31T22:39:22,c:\Users\amrem\Documents\Engineering Year 4\Machine Learning\Project\Vehicle-Classification\data\inbox\archive (1)\Dataset\Truck\Image_29.JPG,label,3,2,class_03_four_tire_single_unit,c:\Users\amrem\Documents\Engineering Year 4\Machine Learning\Project\Vehicle-Classification\data\raw\class_03_four_tire_single_unit\Image_29.JPG
20251231_220245,2025-12-31T22:39:24,c:\Users\amrem\Documents\Engineering Year 4\Machine Learning\Project\Vehicle-Classification\data\inbox\archive (1)\Dataset\Truck\Image_3.jpg,label,3,2,class_03_four_tire_single_unit,c:\Users\amrem\Documents\Engineering Year 4\Machine Learning\Project\Vehicle-Classification\data\raw\class_03_four_tire_single_unit\Image_3.jpg
20251231_220245,2025-12-31T22:39:28,c:\Users\amrem\Documents\Engineering Year 4\Machine Learning\Project\Vehicle-Classification\data\inbox\archive (1)\Dataset\Truck\Image_30.jpg,label,3,2,class_03_four_tire_single_unit,c:\Users\amrem\Documents\Engineering Year 4\Machine Learning\Project\Vehicle-Classification\data\raw\class_03_four_tire_single_unit\Image_30.jpg
20251231_220245,2025-12-31T22:39:31,c:\Users\amrem\Documents\Engineering Year 4\Machine Learning\Project\Vehicle-Classification\data\inbox\archive (1)\Dataset\Truck\Image_31.jpg,reject,,,reject,c:\Users\amrem\Documents\Engineering Year 4\Machine Learning\Project\Vehicle-Classification\data\raw\reject\Image_31.jpg
20251231_220245,2025-12-31T22:39:33,c:\Users\amrem\Documents\Engineering Year 4\Machine Learning\Project\Vehicle-Classification\data\inbox\archive (1)\Dataset\Truck\Image_32.jpg,label,3,2,class_03_four_tire_single_unit,c:\Users\amrem\Documents\Engineering Year 4\Machine Learning\Project\Vehicle-Classification\data\raw\class_03_four_tire_single_unit\Image_32.jpg
20251231_220245,2025-12-31T22:39:34,c:\Users\amrem\Documents\Engineering Year 4\Machine Learning\Project\Vehicle-Classification\data\inbox\archive (1)\Dataset\Truck\Image_33.jpg,label,3,2,class_03_four_tire_single_unit,c:\Users\amrem\Documents\Engineering Year 4\Machine Learning\Project\Vehicle-Classification\data\raw\class_03_four_tire_single_unit\Image_33.jpg
20251231_220245,2025-12-31T22:39:39,c:\Users\amrem\Documents\Engineering Year 4\Machine Learning\Project\Vehicle-Classification\data\inbox\archive (1)\Dataset\Truck\Image_34.jpg,reject,,,reject,c:\Users\amrem\Documents\Engineering Year 4\Machine Learning\Project\Vehicle-Classification\data\raw\reject\Image_34.jpg
20251231_220245,2025-12-31T22:39:41,c:\Users\amrem\Documents\Engineering Year 4\Machine Learning\Project\Vehicle-Classification\data\inbox\archive (1)\Dataset\Truck\Image_35.jpg,label,3,2,class_03_four_tire_single_unit,c:\Users\amrem\Documents\Engineering Year 4\Machine Learning\Project\Vehicle-Classification\data\raw\class_03_four_tire_single_unit\Image_35.jpg
20251231_220245,2025-12-31T22:39:43,c:\Users\amrem\Documents\Engineering Year 4\Machine Learning\Project\Vehicle-Classification\data\inbox\archive (1)\Dataset\Truck\Image_36.jpg,reject,,,reject,c:\Users\amrem\Documents\Engineering Year 4\Machine Learning\Project\Vehicle-Classification\data\raw\reject\Image_36.jpg
20251231_220245,2025-12-31T22:39:45,c:\Users\amrem\Documents\Engineering Year 4\Machine Learning\Project\Vehicle-Classification\data\inbox\archive (1)\Dataset\Truck\Image_37.jpg,reject,,,reject,c:\Users\amrem\Documents\Engineering Year 4\Machine Learning\Project\Vehicle-Classification\data\raw\reject\Image_37.jpg
20251231_220245,2025-12-31T22:39:51,c:\Users\amrem\Documents\Engineering Year 4\Machine Learning\Project\Vehicle-Classification\data\inbox\archive (1)\Dataset\Truck\Image_38.jpg,label,6,5,class_06_three_axle_single_unit,c:\Users\amrem\Documents\Engineering Year 4\Machine Learning\Project\Vehicle-Classification\data\raw\class_06_three_axle_single_unit\Image_38.jpg
20251231_220245,2025-12-31T22:39:53,c:\Users\amrem\Documents\Engineering Year 4\Machine Learning\Project\Vehicle-Classification\data\inbox\archive (1)\Dataset\Truck\Image_39.jpg,reject,,,reject,c:\Users\amrem\Documents\Engineering Year 4\Machine Learning\Project\Vehicle-Classification\data\raw\reject\Image_39.jpg
20251231_220245,2025-12-31T22:39:54,c:\Users\amrem\Documents\Engineering Year 4\Machine Learning\Project\Vehicle-Classification\data\inbox\archive (1)\Dataset\Truck\Image_4.jpg,label,3,2,class_03_four_tire_single_unit,c:\Users\amrem\Documents\Engineering Year 4\Machine Learning\Project\Vehicle-Classification\data\raw\class_03_four_tire_single_unit\Image_4.jpg
20251231_220245,2025-12-31T22:39:59,c:\Users\amrem\Documents\Engineering Year 4\Machine Learning\Project\Vehicle-Classification\data\inbox\archive (1)\Dataset\Truck\Image_40.jpg,label,6,5,class_06_three_axle_single_unit,c:\Users\amrem\Documents\Engineering Year 4\Machine Learning\Project\Vehicle-Classification\data\raw\class_06_three_axle_single_unit\Image_40.jpg
20251231_220245,2025-12-31T22:40:02,c:\Users\amrem\Documents\Engineering Year 4\Machine Learning\Project\Vehicle-Classification\data\inbox\archive (1)\Dataset\Truck\Image_41.jpg,label,3,2,class_03_four_tire_single_unit,c:\Users\amrem\Documents\Engineering Year 4\Machine Learning\Project\Vehicle-Classification\data\raw\class_03_four_tire_single_unit\Image_41.jpg
20251231_220245,2025-12-31T22:40:03,c:\Users\amrem\Documents\Engineering Year 4\Machine Learning\Project\Vehicle-Classification\data\inbox\archive (1)\Dataset\Truck\Image_42.png,label,3,2,class_03_four_tire_single_unit,c:\Users\amrem\Documents\Engineering Year 4\Machine Learning\Project\Vehicle-Classification\data\raw\class_03_four_tire_single_unit\Image_42.png
20251231_220245,2025-12-31T22:40:05,c:\Users\amrem\Documents\Engineering Year 4\Machine Learning\Project\Vehicle-Classification\data\inbox\archive (1)\Dataset\Truck\Image_43.jpg,reject,,,reject,c:\Users\amrem\Documents\Engineering Year 4\Machine Learning\Project\Vehicle-Classification\data\raw\reject\Image_43.jpg
20251231_220245,2025-12-31T22:40:11,c:\Users\amrem\Documents\Engineering Year 4\Machine Learning\Project\Vehicle-Classification\data\inbox\archive (1)\Dataset\Truck\Image_44.jpg,label,3,2,class_03_four_tire_single_unit,c:\Users\amrem\Documents\Engineering Year 4\Machine Learning\Project\Vehicle-Classification\data\raw\class_03_four_tire_single_unit\Image_44.jpg
20251231_220245,2025-12-31T22:40:42,c:\Users\amrem\Documents\Engineering Year 4\Machine Learning\Project\Vehicle-Classification\data\inbox\archive (1)\Dataset\Truck\Image_45.jpg,label,10,9,class_10_six_or_more_axle_single_trailer,c:\Users\amrem\Documents\Engineering Year 4\Machine Learning\Project\Vehicle-Classification\data\raw\class_10_six_or_more_axle_single_trailer\Image_45.jpg
20251231_220245,2025-12-31T22:40:43,c:\Users\amrem\Documents\Engineering Year 4\Machine Learning\Project\Vehicle-Classification\data\inbox\archive (1)\Dataset\Truck\Image_46.jpg,label,3,2,class_03_four_tire_single_unit,c:\Users\amrem\Documents\Engineering Year 4\Machine Learning\Project\Vehicle-Classification\data\raw\class_03_four_tire_single_unit\Image_46.jpg
20251231_220245,2025-12-31T22:40:48,c:\Users\amrem\Documents\Engineering Year 4\Machine Learning\Project\Vehicle-Classification\data\inbox\archive (1)\Dataset\Truck\Image_47.jpg,label,2,1,class_02_passenger_car,c:\Users\amrem\Documents\Engineering Year 4\Machine Learning\Project\Vehicle-Classification\data\raw\class_02_passenger_car\Image_47_1.jpg
20251231_220245,2025-12-31T22:40:59,c:\Users\amrem\Documents\Engineering Year 4\Machine Learning\Project\Vehicle-Classification\data\inbox\archive (1)\Dataset\Truck\Image_48.jpg,label,10,9,class_10_six_or_more_axle_single_trailer,c:\Users\amrem\Documents\Engineering Year 4\Machine Learning\Project\Vehicle-Classification\data\raw\class_10_six_or_more_axle_single_trailer\Image_48.jpg
20251231_220245,2025-12-31T22:41:04,c:\Users\amrem\Documents\Engineering Year 4\Machine Learning\Project\Vehicle-Classification\data\inbox\archive (1)\Dataset\Truck\Image_49.JPG,reject,,,reject,c:\Users\amrem\Documents\Engineering Year 4\Machine Learning\Project\Vehicle-Classification\data\raw\reject\Image_49.JPG
20251231_220245,2025-12-31T22:41:08,c:\Users\amrem\Documents\Engineering Year 4\Machine Learning\Project\Vehicle-Classification\data\inbox\archive (1)\Dataset\Truck\Image_5.jpg,label,6,5,class_06_three_axle_single_unit,c:\Users\amrem\Documents\Engineering Year 4\Machine Learning\Project\Vehicle-Classification\data\raw\class_06_three_axle_single_unit\Image_5.jpg
20251231_220245,2025-12-31T22:41:12,c:\Users\amrem\Documents\Engineering Year 4\Machine Learning\Project\Vehicle-Classification\data\inbox\archive (1)\Dataset\Truck\Image_50.jpg,reject,,,reject,c:\Users\amrem\Documents\Engineering Year 4\Machine Learning\Project\Vehicle-Classification\data\raw\reject\Image_50.jpg
20251231_220245,2025-12-31T22:41:14,c:\Users\amrem\Documents\Engineering Year 4\Machine Learning\Project\Vehicle-Classification\data\inbox\archive (1)\Dataset\Truck\Image_51.jpg,reject,,,reject,c:\Users\amrem\Documents\Engineering Year 4\Machine Learning\Project\Vehicle-Classification\data\raw\reject\Image_51.jpg
20251231_220245,2025-12-31T22:42:30,c:\Users\amrem\Documents\Engineering Year 4\Machine Learning\Project\Vehicle-Classification\data\inbox\archive (1)\Dataset\Truck\Image_52.jpg,label,9,8,class_09_five_axle_tractor_semitrailer,c:\Users\amrem\Documents\Engineering Year 4\Machine Learning\Project\Vehicle-Classification\data\raw\class_09_five_axle_tractor_semitrailer\Image_52.jpg
20251231_220245,2025-12-31T22:42:37,c:\Users\amrem\Documents\Engineering Year 4\Machine Learning\Project\Vehicle-Classification\data\inbox\archive (1)\Dataset\Truck\Image_53.jpg,label,7,6,class_07_four_or_more_axle_single_unit,c:\Users\amrem\Documents\Engineering Year 4\Machine Learning\Project\Vehicle-Classification\data\raw\class_07_four_or_more_axle_single_unit\Image_53.jpg
20251231_220245,2025-12-31T22:42:39,c:\Users\amrem\Documents\Engineering Year 4\Machine Learning\Project\Vehicle-Classification\data\inbox\archive (1)\Dataset\Truck\Image_54.jpg,label,3,2,class_03_four_tire_single_unit,c:\Users\amrem\Documents\Engineering Year 4\Machine Learning\Project\Vehicle-Classification\data\raw\class_03_four_tire_single_unit\Image_54.jpg
20251231_220245,2025-12-31T22:42:45,c:\Users\amrem\Documents\Engineering Year 4\Machine Learning\Project\Vehicle-Classification\data\inbox\archive (1)\Dataset\Truck\Image_55.jpg,label,9,8,class_09_five_axle_tractor_semitrailer,c:\Users\amrem\Documents\Engineering Year 4\Machine Learning\Project\Vehicle-Classification\data\raw\class_09_five_axle_tractor_semitrailer\Image_55.jpg
20251231_220245,2025-12-31T22:42:55,c:\Users\amrem\Documents\Engineering Year 4\Machine Learning\Project\Vehicle-Classification\data\inbox\archive (1)\Dataset\Truck\Image_56.jpeg,label,6,5,class_06_three_axle_single_unit,c:\Users\amrem\Documents\Engineering Year 4\Machine Learning\Project\Vehicle-Classification\data\raw\class_06_three_axle_single_unit\Image_56.jpeg
20251231_220245,2025-12-31T22:42:57,c:\Users\amrem\Documents\Engineering Year 4\Machine Learning\Project\Vehicle-Classification\data\inbox\archive (1)\Dataset\Truck\Image_57.png,reject,,,reject,c:\Users\amrem\Documents\Engineering Year 4\Machine Learning\Project\Vehicle-Classification\data\raw\reject\Image_57.png
20251231_220245,2025-12-31T22:43:01,c:\Users\amrem\Documents\Engineering Year 4\Machine Learning\Project\Vehicle-Classification\data\inbox\archive (1)\Dataset\Truck\Image_58.jpg,label,5,4,class_05_two_axle_six_tire_single_unit,c:\Users\amrem\Documents\Engineering Year 4\Machine Learning\Project\Vehicle-Classification\data\raw\class_05_two_axle_six_tire_single_unit\Image_58.jpg
20251231_220245,2025-12-31T22:43:03,c:\Users\amrem\Documents\Engineering Year 4\Machine Learning\Project\Vehicle-Classification\data\inbox\archive (1)\Dataset\Truck\Image_59.jpg,label,3,2,class_03_four_tire_single_unit,c:\Users\amrem\Documents\Engineering Year 4\Machine Learning\Project\Vehicle-Classification\data\raw\class_03_four_tire_single_unit\Image_59.jpg
20251231_220245,2025-12-31T22:43:07,c:\Users\amrem\Documents\Engineering Year 4\Machine Learning\Project\Vehicle-Classification\data\inbox\archive (1)\Dataset\Truck\Image_6.jpg,label,6,5,class_06_three_axle_single_unit,c:\Users\amrem\Documents\Engineering Year 4\Machine Learning\Project\Vehicle-Classification\data\raw\class_06_three_axle_single_unit\Image_6.jpg
20251231_220245,2025-12-31T22:43:12,c:\Users\amrem\Documents\Engineering Year 4\Machine Learning\Project\Vehicle-Classification\data\inbox\archive (1)\Dataset\Truck\Image_60.png,label,5,4,class_05_two_axle_six_tire_single_unit,c:\Users\amrem\Documents\Engineering Year 4\Machine Learning\Project\Vehicle-Classification\data\raw\class_05_two_axle_six_tire_single_unit\Image_60.png
20251231_220245,2025-12-31T22:43:15,c:\Users\amrem\Documents\Engineering Year 4\Machine Learning\Project\Vehicle-Classification\data\inbox\archive (1)\Dataset\Truck\Image_61.jpg,reject,,,reject,c:\Users\amrem\Documents\Engineering Year 4\Machine Learning\Project\Vehicle-Classification\data\raw\reject\Image_61.jpg
20251231_220245,2025-12-31T22:43:17,c:\Users\amrem\Documents\Engineering Year 4\Machine Learning\Project\Vehicle-Classification\data\inbox\archive (1)\Dataset\Truck\Image_62.jpg,label,3,2,class_03_four_tire_single_unit,c:\Users\amrem\Documents\Engineering Year 4\Machine Learning\Project\Vehicle-Classification\data\raw\class_03_four_tire_single_unit\Image_62.jpg
20251231_220245,2025-12-31T22:43:18,c:\Users\amrem\Documents\Engineering Year 4\Machine Learning\Project\Vehicle-Classification\data\inbox\archive (1)\Dataset\Truck\Image_63.jpg,label,3,2,class_03_four_tire_single_unit,c:\Users\amrem\Documents\Engineering Year 4\Machine Learning\Project\Vehicle-Classification\data\raw\class_03_four_tire_single_unit\Image_63.jpg
20251231_220245,2025-12-31T22:43:20,c:\Users\amrem\Documents\Engineering Year 4\Machine Learning\Project\Vehicle-Classification\data\inbox\archive (1)\Dataset\Truck\Image_64.jpg,reject,,,reject,c:\Users\amrem\Documents\Engineering Year 4\Machine Learning\Project\Vehicle-Classification\data\raw\reject\Image_64.jpg
20251231_220245,2025-12-31T22:43:23,c:\Users\amrem\Documents\Engineering Year 4\Machine Learning\Project\Vehicle-Classification\data\inbox\archive (1)\Dataset\Truck\Image_65.jpg,reject,,,reject,c:\Users\amrem\Documents\Engineering Year 4\Machine Learning\Project\Vehicle-Classification\data\raw\reject\Image_65_1.jpg
20251231_220245,2025-12-31T22:43:24,c:\Users\amrem\Documents\Engineering Year 4\Machine Learning\Project\Vehicle-Classification\data\inbox\archive (1)\Dataset\Truck\Image_66.jpg,reject,,,reject,c:\Users\amrem\Documents\Engineering Year 4\Machine Learning\Project\Vehicle-Classification\data\raw\reject\Image_66_1.jpg
20251231_220245,2025-12-31T22:43:25,c:\Users\amrem\Documents\Engineering Year 4\Machine Learning\Project\Vehicle-Classification\data\inbox\archive (1)\Dataset\Truck\Image_67.jpg,reject,,,reject,c:\Users\amrem\Documents\Engineering Year 4\Machine Learning\Project\Vehicle-Classification\data\raw\reject\Image_67.jpg
20251231_220245,2025-12-31T22:43:33,c:\Users\amrem\Documents\Engineering Year 4\Machine Learning\Project\Vehicle-Classification\data\inbox\archive (1)\Dataset\Truck\Image_68.jpg,label,3,2,class_03_four_tire_single_unit,c:\Users\amrem\Documents\Engineering Year 4\Machine Learning\Project\Vehicle-Classification\data\raw\class_03_four_tire_single_unit\Image_68.jpg
20251231_220245,2025-12-31T22:43:35,c:\Users\amrem\Documents\Engineering Year 4\Machine Learning\Project\Vehicle-Classification\data\inbox\archive (1)\Dataset\Truck\Image_69.jpg,reject,,,reject,c:\Users\amrem\Documents\Engineering Year 4\Machine Learning\Project\Vehicle-Classification\data\raw\reject\Image_69.jpg
20251231_220245,2025-12-31T22:45:33,c:\Users\amrem\Documents\Engineering Year 4\Machine Learning\Project\Vehicle-Classification\data\inbox\archive (1)\Dataset\Truck\Image_7.jpg,label,3,2,class_03_four_tire_single_unit,c:\Users\amrem\Documents\Engineering Year 4\Machine Learning\Project\Vehicle-Classification\data\raw\class_03_four_tire_single_unit\Image_7.jpg
20251231_220245,2025-12-31T22:45:47,c:\Users\amrem\Documents\Engineering Year 4\Machine Learning\Project\Vehicle-Classification\data\inbox\archive (1)\Dataset\Truck\Image_70.jpg,label,10,9,class_10_six_or_more_axle_single_trailer,c:\Users\amrem\Documents\Engineering Year 4\Machine Learning\Project\Vehicle-Classification\data\raw\class_10_six_or_more_axle_single_trailer\Image_70.jpg
20251231_220245,2025-12-31T22:45:50,c:\Users\amrem\Documents\Engineering Year 4\Machine Learning\Project\Vehicle-Classification\data\inbox\archive (1)\Dataset\Truck\Image_71.jpg,label,5,4,class_05_two_axle_six_tire_single_unit,c:\Users\amrem\Documents\Engineering Year 4\Machine Learning\Project\Vehicle-Classification\data\raw\class_05_two_axle_six_tire_single_unit\Image_71.jpg
20251231_220245,2025-12-31T22:45:57,c:\Users\amrem\Documents\Engineering Year 4\Machine Learning\Project\Vehicle-Classification\data\inbox\archive (1)\Dataset\Truck\Image_72.png,label,9,8,class_09_five_axle_tractor_semitrailer,c:\Users\amrem\Documents\Engineering Year 4\Machine Learning\Project\Vehicle-Classification\data\raw\class_09_five_axle_tractor_semitrailer\Image_72.png
20251231_220245,2025-12-31T22:46:00,c:\Users\amrem\Documents\Engineering Year 4\Machine Learning\Project\Vehicle-Classification\data\inbox\archive (1)\Dataset\Truck\Image_73.jpg,reject,,,reject,c:\Users\amrem\Documents\Engineering Year 4\Machine Learning\Project\Vehicle-Classification\data\raw\reject\Image_73.jpg
20251231_220245,2025-12-31T22:46:10,c:\Users\amrem\Documents\Engineering Year 4\Machine Learning\Project\Vehicle-Classification\data\inbox\archive (1)\Dataset\Truck\Image_74.jpg,label,10,9,class_10_six_or_more_axle_single_trailer,c:\Users\amrem\Documents\Engineering Year 4\Machine Learning\Project\Vehicle-Classification\data\raw\class_10_six_or_more_axle_single_trailer\Image_74.jpg
20251231_220245,2025-12-31T22:47:41,c:\Users\amrem\Documents\Engineering Year 4\Machine Learning\Project\Vehicle-Classification\data\inbox\archive (1)\Dataset\Truck\Image_75.jpg,reject,,,reject,c:\Users\amrem\Documents\Engineering Year 4\Machine Learning\Project\Vehicle-Classification\data\raw\reject\Image_75.jpg
20251231_220245,2025-12-31T22:47:42,c:\Users\amrem\Documents\Engineering Year 4\Machine Learning\Project\Vehicle-Classification\data\inbox\archive (1)\Dataset\Truck\Image_76.jpg,reject,,,reject,c:\Users\amrem\Documents\Engineering Year 4\Machine Learning\Project\Vehicle-Classification\data\raw\reject\Image_76.jpg
20251231_220245,2025-12-31T22:47:45,c:\Users\amrem\Documents\Engineering Year 4\Machine Learning\Project\Vehicle-Classification\data\inbox\archive (1)\Dataset\Truck\Image_77.png,reject,,,reject,c:\Users\amrem\Documents\Engineering Year 4\Machine Learning\Project\Vehicle-Classification\data\raw\reject\Image_77.png
20251231_220245,2025-12-31T22:47:56,c:\Users\amrem\Documents\Engineering Year 4\Machine Learning\Project\Vehicle-Classification\data\inbox\archive (1)\Dataset\Truck\Image_78.jpg,label,5,4,class_05_two_axle_six_tire_single_unit,c:\Users\amrem\Documents\Engineering Year 4\Machine Learning\Project\Vehicle-Classification\data\raw\class_05_two_axle_six_tire_single_unit\Image_78.jpg
20251231_220245,2025-12-31T22:48:00,c:\Users\amrem\Documents\Engineering Year 4\Machine Learning\Project\Vehicle-Classification\data\inbox\archive (1)\Dataset\Truck\Image_79.png,reject,,,reject,c:\Users\amrem\Documents\Engineering Year 4\Machine Learning\Project\Vehicle-Classification\data\raw\reject\Image_79.png
20251231_220245,2025-12-31T22:48:03,c:\Users\amrem\Documents\Engineering Year 4\Machine Learning\Project\Vehicle-Classification\data\inbox\archive (1)\Dataset\Truck\Image_8.JPG,reject,,,reject,c:\Users\amrem\Documents\Engineering Year 4\Machine Learning\Project\Vehicle-Classification\data\raw\reject\Image_8.JPG
20251231_220245,2025-12-31T22:48:05,c:\Users\amrem\Documents\Engineering Year 4\Machine Learning\Project\Vehicle-Classification\data\inbox\archive (1)\Dataset\Truck\Image_80.jpg,label,2,1,class_02_passenger_car,c:\Users\amrem\Documents\Engineering Year 4\Machine Learning\Project\Vehicle-Classification\data\raw\class_02_passenger_car\Image_80_1.jpg
20251231_220245,2025-12-31T22:48:06,c:\Users\amrem\Documents\Engineering Year 4\Machine Learning\Project\Vehicle-Classification\data\inbox\archive (1)\Dataset\Truck\Image_81.png,reject,,,reject,c:\Users\amrem\Documents\Engineering Year 4\Machine Learning\Project\Vehicle-Classification\data\raw\reject\Image_81.png
20251231_220245,2025-12-31T22:48:08,c:\Users\amrem\Documents\Engineering Year 4\Machine Learning\Project\Vehicle-Classification\data\inbox\archive (1)\Dataset\Truck\Image_82.jpg,reject,,,reject,c:\Users\amrem\Documents\Engineering Year 4\Machine Learning\Project\Vehicle-Classification\data\raw\reject\Image_82_1.jpg
20251231_220245,2025-12-31T22:48:23,c:\Users\amrem\Documents\Engineering Year 4\Machine Learning\Project\Vehicle-Classification\data\inbox\archive (1)\Dataset\Truck\Image_83.jpg,label,13,12,class_13_seven_or_more_axle_multi_trailer,c:\Users\amrem\Documents\Engineering Year 4\Machine Learning\Project\Vehicle-Classification\data\raw\class_13_seven_or_more_axle_multi_trailer\Image_83.jpg
20251231_220245,2025-12-31T22:48:32,c:\Users\amrem\Documents\Engineering Year 4\Machine Learning\Project\Vehicle-Classification\data\inbox\archive (1)\Dataset\Truck\Image_84.jpg,label,9,8,class_09_five_axle_tractor_semitrailer,c:\Users\amrem\Documents\Engineering Year 4\Machine Learning\Project\Vehicle-Classification\data\raw\class_09_five_axle_tractor_semitrailer\Image_84.jpg
20251231_220245,2025-12-31T22:49:08,c:\Users\amrem\Documents\Engineering Year 4\Machine Learning\Project\Vehicle-Classification\data\inbox\archive (1)\Dataset\Truck\Image_85.jpg,reject,,,reject,c:\Users\amrem\Documents\Engineering Year 4\Machine Learning\Project\Vehicle-Classification\data\raw\reject\Image_85_1.jpg
20251231_220245,2025-12-31T22:49:10,c:\Users\amrem\Documents\Engineering Year 4\Machine Learning\Project\Vehicle-Classification\data\inbox\archive (1)\Dataset\Truck\Image_86.png,reject,,,reject,c:\Users\amrem\Documents\Engineering Year 4\Machine Learning\Project\Vehicle-Classification\data\raw\reject\Image_86.png
20251231_220245,2025-12-31T22:49:13,c:\Users\amrem\Documents\Engineering Year 4\Machine Learning\Project\Vehicle-Classification\data\inbox\archive (1)\Dataset\Truck\Image_87.jpg,reject,,,reject,c:\Users\amrem\Documents\Engineering Year 4\Machine Learning\Project\Vehicle-Classification\data\raw\reject\Image_87_1.jpg
20251231_220245,2025-12-31T22:49:18,c:\Users\amrem\Documents\Engineering Year 4\Machine Learning\Project\Vehicle-Classification\data\inbox\archive (1)\Dataset\Truck\Image_88.jpg,label,3,2,class_03_four_tire_single_unit,c:\Users\amrem\Documents\Engineering Year 4\Machine Learning\Project\Vehicle-Classification\data\raw\class_03_four_tire_single_unit\Image_88.jpg
20251231_220245,2025-12-31T22:49:21,c:\Users\amrem\Documents\Engineering Year 4\Machine Learning\Project\Vehicle-Classification\data\inbox\archive (1)\Dataset\Truck\Image_89.jpg,reject,,,reject,c:\Users\amrem\Documents\Engineering Year 4\Machine Learning\Project\Vehicle-Classification\data\raw\reject\Image_89_1.jpg
20251231_220245,2025-12-31T22:49:28,c:\Users\amrem\Documents\Engineering Year 4\Machine Learning\Project\Vehicle-Classification\data\inbox\archive (1)\Dataset\Truck\Image_9.jpg,label,7,6,class_07_four_or_more_axle_single_unit,c:\Users\amrem\Documents\Engineering Year 4\Machine Learning\Project\Vehicle-Classification\data\raw\class_07_four_or_more_axle_single_unit\Image_9.jpg
20251231_220245,2025-12-31T22:49:29,c:\Users\amrem\Documents\Engineering Year 4\Machine Learning\Project\Vehicle-Classification\data\inbox\archive (1)\Dataset\Truck\Image_90.jpg,reject,,,reject,c:\Users\amrem\Documents\Engineering Year 4\Machine Learning\Project\Vehicle-Classification\data\raw\reject\Image_90.jpg
20251231_220245,2025-12-31T22:50:45,c:\Users\amrem\Documents\Engineering Year 4\Machine Learning\Project\Vehicle-Classification\data\inbox\archive (1)\Dataset\Truck\Image_91.jpg,reject,,,reject,c:\Users\amrem\Documents\Engineering Year 4\Machine Learning\Project\Vehicle-Classification\data\raw\reject\Image_91_1.jpg
20251231_220245,2025-12-31T22:50:49,c:\Users\amrem\Documents\Engineering Year 4\Machine Learning\Project\Vehicle-Classification\data\inbox\archive (1)\Dataset\Truck\Image_92.jpg,label,5,4,class_05_two_axle_six_tire_single_unit,c:\Users\amrem\Documents\Engineering Year 4\Machine Learning\Project\Vehicle-Classification\data\raw\class_05_two_axle_six_tire_single_unit\Image_92.jpg
20251231_220245,2025-12-31T22:50:55,c:\Users\amrem\Documents\Engineering Year 4\Machine Learning\Project\Vehicle-Classification\data\inbox\archive (1)\Dataset\Truck\Image_93.jpg,reject,,,reject,c:\Users\amrem\Documents\Engineering Year 4\Machine Learning\Project\Vehicle-Classification\data\raw\reject\Image_93.jpg
20251231_220245,2025-12-31T22:51:05,c:\Users\amrem\Documents\Engineering Year 4\Machine Learning\Project\Vehicle-Classification\data\inbox\archive (1)\Dataset\Truck\Image_94.jpg,label,11,10,class_11_five_or_less_axle_multi_trailer,c:\Users\amrem\Documents\Engineering Year 4\Machine Learning\Project\Vehicle-Classification\data\raw\class_11_five_or_less_axle_multi_trailer\Image_94.jpg
20251231_220245,2025-12-31T22:51:19,c:\Users\amrem\Documents\Engineering Year 4\Machine Learning\Project\Vehicle-Classification\data\inbox\archive (1)\Dataset\Truck\Image_95.jpg,label,10,9,class_10_six_or_more_axle_single_trailer,c:\Users\amrem\Documents\Engineering Year 4\Machine Learning\Project\Vehicle-Classification\data\raw\class_10_six_or_more_axle_single_trailer\Image_95.jpg
20251231_220245,2025-12-31T22:51:21,c:\Users\amrem\Documents\Engineering Year 4\Machine Learning\Project\Vehicle-Classification\data\inbox\archive (1)\Dataset\Truck\Image_96.jpg,reject,,,reject,c:\Users\amrem\Documents\Engineering Year 4\Machine Learning\Project\Vehicle-Classification\data\raw\reject\Image_96_1.jpg
20251231_220245,2025-12-31T22:51:24,c:\Users\amrem\Documents\Engineering Year 4\Machine Learning\Project\Vehicle-Classification\data\inbox\archive (1)\Dataset\Truck\Image_97.jpg,reject,,,reject,c:\Users\amrem\Documents\Engineering Year 4\Machine Learning\Project\Vehicle-Classification\data\raw\reject\Image_97.jpg
20251231_220245,2025-12-31T22:51:26,c:\Users\amrem\Documents\Engineering Year 4\Machine Learning\Project\Vehicle-Classification\data\inbox\archive (1)\Dataset\Truck\Image_98.jpg,reject,,,reject,c:\Users\amrem\Documents\Engineering Year 4\Machine Learning\Project\Vehicle-Classification\data\raw\reject\Image_98.jpg
20251231_220245,2025-12-31T22:51:27,c:\Users\amrem\Documents\Engineering Year 4\Machine Learning\Project\Vehicle-Classification\data\inbox\archive (1)\Dataset\Truck\Image_99.jpg,reject,,,reject,c:\Users\amrem\Documents\Engineering Year 4\Machine Learning\Project\Vehicle-Classification\data\raw\reject\Image_99_1.jpg
20251231_220245,2025-12-31T22:51:29,c:\Users\amrem\Documents\Engineering Year 4\Machine Learning\Project\Vehicle-Classification\data\inbox\archive (2)\test\01ab0c4e74e5cefbc25e78e8b2b4b30d.jpg,reject,,,reject,c:\Users\amrem\Documents\Engineering Year 4\Machine Learning\Project\Vehicle-Classification\data\raw\reject\01ab0c4e74e5cefbc25e78e8b2b4b30d.jpg
20251231_220245,2025-12-31T22:51:30,c:\Users\amrem\Documents\Engineering Year 4\Machine Learning\Project\Vehicle-Classification\data\inbox\archive (2)\test\02a43a441f5c71ab9ff8ecab1f33ca49.jpg,reject,,,reject,c:\Users\amrem\Documents\Engineering Year 4\Machine Learning\Project\Vehicle-Classification\data\raw\reject\02a43a441f5c71ab9ff8ecab1f33ca49.jpg
20251231_220245,2025-12-31T22:51:31,c:\Users\amrem\Documents\Engineering Year 4\Machine Learning\Project\Vehicle-Classification\data\inbox\archive (2)\test\0419f656d61b42a6b2d567ed9ab6673f.jpg,reject,,,reject,c:\Users\amrem\Documents\Engineering Year 4\Machine Learning\Project\Vehicle-Classification\data\raw\reject\0419f656d61b42a6b2d567ed9ab6673f.jpg
20251231_220245,2025-12-31T22:51:34,c:\Users\amrem\Documents\Engineering Year 4\Machine Learning\Project\Vehicle-Classification\data\inbox\archive (2)\test\050aab9a8a91dca8ed1e518ebf42ee0d.jpg,reject,,,reject,c:\Users\amrem\Documents\Engineering Year 4\Machine Learning\Project\Vehicle-Classification\data\raw\reject\050aab9a8a91dca8ed1e518ebf42ee0d.jpg
20251231_220245,2025-12-31T22:51:35,c:\Users\amrem\Documents\Engineering Year 4\Machine Learning\Project\Vehicle-Classification\data\inbox\archive (2)\test\05a006ebd8667a39988a253b10956bb7.jpg,label,2,1,class_02_passenger_car,c:\Users\amrem\Documents\Engineering Year 4\Machine Learning\Project\Vehicle-Classification\data\raw\class_02_passenger_car\05a006ebd8667a39988a253b10956bb7.jpg
20251231_220245,2025-12-31T22:51:40,c:\Users\amrem\Documents\Engineering Year 4\Machine Learning\Project\Vehicle-Classification\data\inbox\archive (2)\test\066c695f141f27ea881df8af5a827c99.jpg,label,4,3,class_04_bus,c:\Users\amrem\Documents\Engineering Year 4\Machine Learning\Project\Vehicle-Classification\data\raw\class_04_bus\066c695f141f27ea881df8af5a827c99.jpg
20251231_220245,2025-12-31T22:51:42,c:\Users\amrem\Documents\Engineering Year 4\Machine Learning\Project\Vehicle-Classification\data\inbox\archive (2)\test\0930125614a5dbbb8e5c5ee450586a13.jpg,label,3,2,class_03_four_tire_single_unit,c:\Users\amrem\Documents\Engineering Year 4\Machine Learning\Project\Vehicle-Classification\data\raw\class_03_four_tire_single_unit\0930125614a5dbbb8e5c5ee450586a13.jpg
20251231_220245,2025-12-31T22:51:44,c:\Users\amrem\Documents\Engineering Year 4\Machine Learning\Project\Vehicle-Classification\data\inbox\archive (2)\test\0967287cbb2b14ed9dc1ec6a1a53b21d.jpg,label,3,2,class_03_four_tire_single_unit,c:\Users\amrem\Documents\Engineering Year 4\Machine Learning\Project\Vehicle-Classification\data\raw\class_03_four_tire_single_unit\0967287cbb2b14ed9dc1ec6a1a53b21d.jpg
20251231_220245,2025-12-31T22:51:45,c:\Users\amrem\Documents\Engineering Year 4\Machine Learning\Project\Vehicle-Classification\data\inbox\archive (2)\test\09bbbd3f758e129a2692844e3b62d5a8.jpg,label,2,1,class_02_passenger_car,c:\Users\amrem\Documents\Engineering Year 4\Machine Learning\Project\Vehicle-Classification\data\raw\class_02_passenger_car\09bbbd3f758e129a2692844e3b62d5a8.jpg
20251231_220245,2025-12-31T22:51:50,c:\Users\amrem\Documents\Engineering Year 4\Machine Learning\Project\Vehicle-Classification\data\inbox\archive (2)\test\0a5067c35b854ce7213e433d12ea500d.jpg,reject,,,reject,c:\Users\amrem\Documents\Engineering Year 4\Machine Learning\Project\Vehicle-Classification\data\raw\reject\0a5067c35b854ce7213e433d12ea500d.jpg
20251231_220245,2025-12-31T22:51:51,c:\Users\amrem\Documents\Engineering Year 4\Machine Learning\Project\Vehicle-Classification\data\inbox\archive (2)\test\0abad4440c4415b9707f11151762526c.jpg,label,2,1,class_02_passenger_car,c:\Users\amrem\Documents\Engineering Year 4\Machine Learning\Project\Vehicle-Classification\data\raw\class_02_passenger_car\0abad4440c4415b9707f11151762526c.jpg
20251231_220245,2025-12-31T22:51:53,c:\Users\amrem\Documents\Engineering Year 4\Machine Learning\Project\Vehicle-Classification\data\inbox\archive (2)\test\0b63fb15f9c403994e140b5a000088be.jpg,reject,,,reject,c:\Users\amrem\Documents\Engineering Year 4\Machine Learning\Project\Vehicle-Classification\data\raw\reject\0b63fb15f9c403994e140b5a000088be.jpg
20251231_220245,2025-12-31T22:51:54,c:\Users\amrem\Documents\Engineering Year 4\Machine Learning\Project\Vehicle-Classification\data\inbox\archive (2)\test\0cc36cf65da889e22fe9264c3079c459.jpg,label,2,1,class_02_passenger_car,c:\Users\amrem\Documents\Engineering Year 4\Machine Learning\Project\Vehicle-Classification\data\raw\class_02_passenger_car\0cc36cf65da889e22fe9264c3079c459.jpg
20251231_220245,2025-12-31T22:51:56,c:\Users\amrem\Documents\Engineering Year 4\Machine Learning\Project\Vehicle-Classification\data\inbox\archive (2)\test\0ea9451a8de9cf7581835ccb20940174.jpg,label,2,1,class_02_passenger_car,c:\Users\amrem\Documents\Engineering Year 4\Machine Learning\Project\Vehicle-Classification\data\raw\class_02_passenger_car\0ea9451a8de9cf7581835ccb20940174.jpg
20251231_220245,2025-12-31T22:56:55,c:\Users\amrem\Documents\Engineering Year 4\Machine Learning\Project\Vehicle-Classification\data\inbox\archive (2)\test\124db00b777b961fa8ca28fc05d7c130.jpg,label,2,1,class_02_passenger_car,c:\Users\amrem\Documents\Engineering Year 4\Machine Learning\Project\Vehicle-Classification\data\raw\class_02_passenger_car\124db00b777b961fa8ca28fc05d7c130.jpg
20251231_220245,2025-12-31T22:57:20,c:\Users\amrem\Documents\Engineering Year 4\Machine Learning\Project\Vehicle-Classification\data\inbox\archive (2)\test\12c90c522b52cdc2a5c4d460960163e8.jpg,label,10,9,class_10_six_or_more_axle_single_trailer,c:\Users\amrem\Documents\Engineering Year 4\Machine Learning\Project\Vehicle-Classification\data\raw\class_10_six_or_more_axle_single_trailer\12c90c522b52cdc2a5c4d460960163e8.jpg
20251231_220245,2025-12-31T22:57:22,c:\Users\amrem\Documents\Engineering Year 4\Machine Learning\Project\Vehicle-Classification\data\inbox\archive (2)\test\1401fca7a89ef05e7cd9c154a33966f3.jpg,label,2,1,class_02_passenger_car,c:\Users\amrem\Documents\Engineering Year 4\Machine Learning\Project\Vehicle-Classification\data\raw\class_02_passenger_car\1401fca7a89ef05e7cd9c154a33966f3.jpg
20251231_220245,2025-12-31T22:57:23,c:\Users\amrem\Documents\Engineering Year 4\Machine Learning\Project\Vehicle-Classification\data\inbox\archive (2)\test\14f7ac8a7c0b0568f45dd83aee93d14b.jpg,label,2,1,class_02_passenger_car,c:\Users\amrem\Documents\Engineering Year 4\Machine Learning\Project\Vehicle-Classification\data\raw\class_02_passenger_car\14f7ac8a7c0b0568f45dd83aee93d14b.jpg
20251231_220245,2025-12-31T22:57:26,c:\Users\amrem\Documents\Engineering Year 4\Machine Learning\Project\Vehicle-Classification\data\inbox\archive (2)\test\1570cbe2a81dd646e94bf5e4e3b1f2b1.jpg,label,5,4,class_05_two_axle_six_tire_single_unit,c:\Users\amrem\Documents\Engineering Year 4\Machine Learning\Project\Vehicle-Classification\data\raw\class_05_two_axle_six_tire_single_unit\1570cbe2a81dd646e94bf5e4e3b1f2b1.jpg
20251231_220245,2025-12-31T22:57:29,c:\Users\amrem\Documents\Engineering Year 4\Machine Learning\Project\Vehicle-Classification\data\inbox\archive (2)\test\1a0f819be4dce50a5372679b36c2777f.jpg,label,2,1,class_02_passenger_car,c:\Users\amrem\Documents\Engineering Year 4\Machine Learning\Project\Vehicle-Classification\data\raw\class_02_passenger_car\1a0f819be4dce50a5372679b36c2777f.jpg
20251231_220245,2025-12-31T22:57:39,c:\Users\amrem\Documents\Engineering Year 4\Machine Learning\Project\Vehicle-Classification\data\inbox\archive (2)\test\1a3f888928097b855e49c1926b94a5dc.jpg,label,7,6,class_07_four_or_more_axle_single_unit,c:\Users\amrem\Documents\Engineering Year 4\Machine Learning\Project\Vehicle-Classification\data\raw\class_07_four_or_more_axle_single_unit\1a3f888928097b855e49c1926b94a5dc.jpg
20251231_220245,2025-12-31T22:57:42,c:\Users\amrem\Documents\Engineering Year 4\Machine Learning\Project\Vehicle-Classification\data\inbox\archive (2)\test\1b9471eefb6f3951f127beb69ef5a584.jpg,label,4,3,class_04_bus,c:\Users\amrem\Documents\Engineering Year 4\Machine Learning\Project\Vehicle-Classification\data\raw\class_04_bus\1b9471eefb6f3951f127beb69ef5a584.jpg
20251231_220245,2025-12-31T22:57:46,c:\Users\amrem\Documents\Engineering Year 4\Machine Learning\Project\Vehicle-Classification\data\inbox\archive (2)\test\1b97666eaae94e70cba5e238017cab7a.jpg,label,6,5,class_06_three_axle_single_unit,c:\Users\amrem\Documents\Engineering Year 4\Machine Learning\Project\Vehicle-Classification\data\raw\class_06_three_axle_single_unit\1b97666eaae94e70cba5e238017cab7a.jpg
20251231_220245,2025-12-31T22:57:48,c:\Users\amrem\Documents\Engineering Year 4\Machine Learning\Project\Vehicle-Classification\data\inbox\archive (2)\test\1c8ca620a06bf9ad124c29c180d95a6b.jpg,label,2,1,class_02_passenger_car,c:\Users\amrem\Documents\Engineering Year 4\Machine Learning\Project\Vehicle-Classification\data\raw\class_02_passenger_car\1c8ca620a06bf9ad124c29c180d95a6b.jpg
20251231_220245,2025-12-31T22:57:50,c:\Users\amrem\Documents\Engineering Year 4\Machine Learning\Project\Vehicle-Classification\data\inbox\archive (2)\test\1ded9b835b61b963f13d6b4374ef2492.jpg,label,2,1,class_02_passenger_car,c:\Users\amrem\Documents\Engineering Year 4\Machine Learning\Project\Vehicle-Classification\data\raw\class_02_passenger_car\1ded9b835b61b963f13d6b4374ef2492.jpg
20251231_220245,2025-12-31T22:57:51,c:\Users\amrem\Documents\Engineering Year 4\Machine Learning\Project\Vehicle-Classification\data\inbox\archive (2)\test\1fa59ad4144c5f668e92b8ab6a0043f8.jpg,label,3,2,class_03_four_tire_single_unit,c:\Users\amrem\Documents\Engineering Year 4\Machine Learning\Project\Vehicle-Classification\data\raw\class_03_four_tire_single_unit\1fa59ad4144c5f668e92b8ab6a0043f8.jpg
20251231_220245,2025-12-31T22:57:55,c:\Users\amrem\Documents\Engineering Year 4\Machine Learning\Project\Vehicle-Classification\data\inbox\archive (2)\test\210d3833b9c3b0613e6c03a33b01d13a.jpg,label,6,5,class_06_three_axle_single_unit,c:\Users\amrem\Documents\Engineering Year 4\Machine Learning\Project\Vehicle-Classification\data\raw\class_06_three_axle_single_unit\210d3833b9c3b0613e6c03a33b01d13a.jpg
20251231_220245,2025-12-31T22:57:57,c:\Users\amrem\Documents\Engineering Year 4\Machine Learning\Project\Vehicle-Classification\data\inbox\archive (2)\test\21fe41471f49f75b7a8fec97e7914e07.jpg,reject,,,reject,c:\Users\amrem\Documents\Engineering Year 4\Machine Learning\Project\Vehicle-Classification\data\raw\reject\21fe41471f49f75b7a8fec97e7914e07.jpg
20251231_220245,2025-12-31T22:57:58,c:\Users\amrem\Documents\Engineering Year 4\Machine Learning\Project\Vehicle-Classification\data\inbox\archive (2)\test\253df8c5a6ed19d8dcf26ea58c40094d.jpg,reject,,,reject,c:\Users\amrem\Documents\Engineering Year 4\Machine Learning\Project\Vehicle-Classification\data\raw\reject\253df8c5a6ed19d8dcf26ea58c40094d.jpg
20251231_220245,2025-12-31T22:58:00,c:\Users\amrem\Documents\Engineering Year 4\Machine Learning\Project\Vehicle-Classification\data\inbox\archive (2)\test\2aeb7856890c8dc0e0b311077d386690.jpg,label,2,1,class_02_passenger_car,c:\Users\amrem\Documents\Engineering Year 4\Machine Learning\Project\Vehicle-Classification\data\raw\class_02_passenger_car\2aeb7856890c8dc0e0b311077d386690.jpg
20251231_220245,2025-12-31T22:58:01,c:\Users\amrem\Documents\Engineering Year 4\Machine Learning\Project\Vehicle-Classification\data\inbox\archive (2)\test\2b6da117b6b37e8fa1d48cddec05b5b2.jpg,label,2,1,class_02_passenger_car,c:\Users\amrem\Documents\Engineering Year 4\Machine Learning\Project\Vehicle-Classification\data\raw\class_02_passenger_car\2b6da117b6b37e8fa1d48cddec05b5b2.jpg
20251231_220245,2025-12-31T22:58:04,c:\Users\amrem\Documents\Engineering Year 4\Machine Learning\Project\Vehicle-Classification\data\inbox\archive (2)\test\2b96ccd24db32c2c47581afde8d42722.jpg,label,4,3,class_04_bus,c:\Users\amrem\Documents\Engineering Year 4\Machine Learning\Project\Vehicle-Classification\data\raw\class_04_bus\2b96ccd24db32c2c47581afde8d42722.jpg
20251231_220245,2025-12-31T22:58:05,c:\Users\amrem\Documents\Engineering Year 4\Machine Learning\Project\Vehicle-Classification\data\inbox\archive (2)\test\2f180924cbcb4fef31c4eafdd1377a8d.jpg,label,2,1,class_02_passenger_car,c:\Users\amrem\Documents\Engineering Year 4\Machine Learning\Project\Vehicle-Classification\data\raw\class_02_passenger_car\2f180924cbcb4fef31c4eafdd1377a8d.jpg
20251231_220245,2025-12-31T22:58:10,c:\Users\amrem\Documents\Engineering Year 4\Machine Learning\Project\Vehicle-Classification\data\inbox\archive (2)\test\2f313143d05ede99c2458ba697161c1c.jpg,label,6,5,class_06_three_axle_single_unit,c:\Users\amrem\Documents\Engineering Year 4\Machine Learning\Project\Vehicle-Classification\data\raw\class_06_three_axle_single_unit\2f313143d05ede99c2458ba697161c1c.jpg
20251231_220245,2025-12-31T22:58:11,c:\Users\amrem\Documents\Engineering Year 4\Machine Learning\Project\Vehicle-Classification\data\inbox\archive (2)\test\3037a9c243c43addf623e9609a09515c.jpg,label,2,1,class_02_passenger_car,c:\Users\amrem\Documents\Engineering Year 4\Machine Learning\Project\Vehicle-Classification\data\raw\class_02_passenger_car\3037a9c243c43addf623e9609a09515c.jpg
20251231_220245,2025-12-31T22:58:12,c:\Users\amrem\Documents\Engineering Year 4\Machine Learning\Project\Vehicle-Classification\data\inbox\archive (2)\test\30f4c898ca9b0767801c410deb0d2617.jpg,label,2,1,class_02_passenger_car,c:\Users\amrem\Documents\Engineering Year 4\Machine Learning\Project\Vehicle-Classification\data\raw\class_02_passenger_car\30f4c898ca9b0767801c410deb0d2617.jpg
20251231_220245,2025-12-31T22:58:14,c:\Users\amrem\Documents\Engineering Year 4\Machine Learning\Project\Vehicle-Classification\data\inbox\archive (2)\test\34d68f0a8eda8aadc568c1fd14b222b9.jpg,label,2,1,class_02_passenger_car,c:\Users\amrem\Documents\Engineering Year 4\Machine Learning\Project\Vehicle-Classification\data\raw\class_02_passenger_car\34d68f0a8eda8aadc568c1fd14b222b9.jpg
20251231_220245,2025-12-31T22:58:16,c:\Users\amrem\Documents\Engineering Year 4\Machine Learning\Project\Vehicle-Classification\data\inbox\archive (2)\test\356d8576837338e82cf363d2dc7747c0.jpg,reject,,,reject,c:\Users\amrem\Documents\Engineering Year 4\Machine Learning\Project\Vehicle-Classification\data\raw\reject\356d8576837338e82cf363d2dc7747c0.jpg
20251231_220245,2025-12-31T22:58:17,c:\Users\amrem\Documents\Engineering Year 4\Machine Learning\Project\Vehicle-Classification\data\inbox\archive (2)\test\37d329f08d105885c3e5d658921356c6.jpg,label,2,1,class_02_passenger_car,c:\Users\amrem\Documents\Engineering Year 4\Machine Learning\Project\Vehicle-Classification\data\raw\class_02_passenger_car\37d329f08d105885c3e5d658921356c6.jpg
20251231_220245,2025-12-31T22:58:18,c:\Users\amrem\Documents\Engineering Year 4\Machine Learning\Project\Vehicle-Classification\data\inbox\archive (2)\test\383f5f3edc4dd305ba0d1eb57ac55892.jpg,label,2,1,class_02_passenger_car,c:\Users\amrem\Documents\Engineering Year 4\Machine Learning\Project\Vehicle-Classification\data\raw\class_02_passenger_car\383f5f3edc4dd305ba0d1eb57ac55892.jpg
20251231_220245,2025-12-31T22:58:22,c:\Users\amrem\Documents\Engineering Year 4\Machine Learning\Project\Vehicle-Classification\data\inbox\archive (2)\test\386f1418e664eab461ea243e85c19d3c.jpg,reject,,,reject,c:\Users\amrem\Documents\Engineering Year 4\Machine Learning\Project\Vehicle-Classification\data\raw\reject\386f1418e664eab461ea243e85c19d3c.jpg
20251231_220245,2025-12-31T22:58:23,c:\Users\amrem\Documents\Engineering Year 4\Machine Learning\Project\Vehicle-Classification\data\inbox\archive (2)\test\395e11b1214a0308f6a6e7834cebc379.jpg,label,2,1,class_02_passenger_car,c:\Users\amrem\Documents\Engineering Year 4\Machine Learning\Project\Vehicle-Classification\data\raw\class_02_passenger_car\395e11b1214a0308f6a6e7834cebc379.jpg
20251231_220245,2025-12-31T22:58:25,c:\Users\amrem\Documents\Engineering Year 4\Machine Learning\Project\Vehicle-Classification\data\inbox\archive (2)\test\3acbdbd78d3270f626fa9eac8c182bb3.jpg,reject,,,reject,c:\Users\amrem\Documents\Engineering Year 4\Machine Learning\Project\Vehicle-Classification\data\raw\reject\3acbdbd78d3270f626fa9eac8c182bb3.jpg
20251231_220245,2025-12-31T22:58:27,c:\Users\amrem\Documents\Engineering Year 4\Machine Learning\Project\Vehicle-Classification\data\inbox\archive (2)\test\3b6365d6ab144b660c0b477442782fa5.jpg,reject,,,reject,c:\Users\amrem\Documents\Engineering Year 4\Machine Learning\Project\Vehicle-Classification\data\raw\reject\3b6365d6ab144b660c0b477442782fa5.jpg
20251231_220245,2025-12-31T22:58:30,c:\Users\amrem\Documents\Engineering Year 4\Machine Learning\Project\Vehicle-Classification\data\inbox\archive (2)\test\3bbb37d5a6e3167683f57196ace2b4cd.jpg,label,2,1,class_02_passenger_car,c:\Users\amrem\Documents\Engineering Year 4\Machine Learning\Project\Vehicle-Classification\data\raw\class_02_passenger_car\3bbb37d5a6e3167683f57196ace2b4cd.jpg
20251231_220245,2025-12-31T23:00:19,c:\Users\amrem\Documents\Engineering Year 4\Machine Learning\Project\Vehicle-Classification\data\inbox\archive (2)\test\3c878583ea3cd5128599085fd20d162d.jpg,reject,,,reject,c:\Users\amrem\Documents\Engineering Year 4\Machine Learning\Project\Vehicle-Classification\data\raw\reject\3c878583ea3cd5128599085fd20d162d.jpg
20251231_220245,2025-12-31T23:00:21,c:\Users\amrem\Documents\Engineering Year 4\Machine Learning\Project\Vehicle-Classification\data\inbox\archive (2)\test\3db10fa5700a75911c64410f35d7b94d.jpg,label,2,1,class_02_passenger_car,c:\Users\amrem\Documents\Engineering Year 4\Machine Learning\Project\Vehicle-Classification\data\raw\class_02_passenger_car\3db10fa5700a75911c64410f35d7b94d.jpg
20251231_220245,2025-12-31T23:00:23,c:\Users\amrem\Documents\Engineering Year 4\Machine Learning\Project\Vehicle-Classification\data\inbox\archive (2)\test\3dbb4fcf817656a9a865f3ea33f07a6a.jpg,label,2,1,class_02_passenger_car,c:\Users\amrem\Documents\Engineering Year 4\Machine Learning\Project\Vehicle-Classification\data\raw\class_02_passenger_car\3dbb4fcf817656a9a865f3ea33f07a6a.jpg
20251231_220245,2025-12-31T23:00:24,c:\Users\amrem\Documents\Engineering Year 4\Machine Learning\Project\Vehicle-Classification\data\inbox\archive (2)\test\3ebdcb08e93555fead046ddabddd3350.jpg,label,2,1,class_02_passenger_car,c:\Users\amrem\Documents\Engineering Year 4\Machine Learning\Project\Vehicle-Classification\data\raw\class_02_passenger_car\3ebdcb08e93555fead046ddabddd3350.jpg
20251231_220245,2025-12-31T23:00:26,c:\Users\amrem\Documents\Engineering Year 4\Machine Learning\Project\Vehicle-Classification\data\inbox\archive (2)\test\3f7a8b1ae0bc3d5d82e1240f810ce47d.jpg,reject,,,reject,c:\Users\amrem\Documents\Engineering Year 4\Machine Learning\Project\Vehicle-Classification\data\raw\reject\3f7a8b1ae0bc3d5d82e1240f810ce47d.jpg
20251231_220245,2025-12-31T23:00:31,c:\Users\amrem\Documents\Engineering Year 4\Machine Learning\Project\Vehicle-Classification\data\inbox\archive (2)\test\40a36d9651cfea55d24da0613208c527.jpg,label,2,1,class_02_passenger_car,c:\Users\amrem\Documents\Engineering Year 4\Machine Learning\Project\Vehicle-Classification\data\raw\class_02_passenger_car\40a36d9651cfea55d24da0613208c527.jpg
20251231_220245,2025-12-31T23:00:32,c:\Users\amrem\Documents\Engineering Year 4\Machine Learning\Project\Vehicle-Classification\data\inbox\archive (2)\test\433a57b6d7767b974279ef8fcd49cc16.jpg,reject,,,reject,c:\Users\amrem\Documents\Engineering Year 4\Machine Learning\Project\Vehicle-Classification\data\raw\reject\433a57b6d7767b974279ef8fcd49cc16.jpg
20251231_220245,2025-12-31T23:00:35,c:\Users\amrem\Documents\Engineering Year 4\Machine Learning\Project\Vehicle-Classification\data\inbox\archive (2)\test\433e01b50e079af3f506c22537aaff30.jpg,label,2,1,class_02_passenger_car,c:\Users\amrem\Documents\Engineering Year 4\Machine Learning\Project\Vehicle-Classification\data\raw\class_02_passenger_car\433e01b50e079af3f506c22537aaff30.jpg
20251231_220245,2025-12-31T23:00:37,c:\Users\amrem\Documents\Engineering Year 4\Machine Learning\Project\Vehicle-Classification\data\inbox\archive (2)\test\45242c276cd516adb93561503a2f6ed7.jpg,label,4,3,class_04_bus,c:\Users\amrem\Documents\Engineering Year 4\Machine Learning\Project\Vehicle-Classification\data\raw\class_04_bus\45242c276cd516adb93561503a2f6ed7.jpg
20251231_220245,2025-12-31T23:00:38,c:\Users\amrem\Documents\Engineering Year 4\Machine Learning\Project\Vehicle-Classification\data\inbox\archive (2)\test\48dc3c3c0038b87e330d7692cae4b0ff.jpg,label,2,1,class_02_passenger_car,c:\Users\amrem\Documents\Engineering Year 4\Machine Learning\Project\Vehicle-Classification\data\raw\class_02_passenger_car\48dc3c3c0038b87e330d7692cae4b0ff.jpg
20251231_220245,2025-12-31T23:00:42,c:\Users\amrem\Documents\Engineering Year 4\Machine Learning\Project\Vehicle-Classification\data\inbox\archive (2)\test\4aa43e160ee667c2deb922cd371204bc.jpg,label,2,1,class_02_passenger_car,c:\Users\amrem\Documents\Engineering Year 4\Machine Learning\Project\Vehicle-Classification\data\raw\class_02_passenger_car\4aa43e160ee667c2deb922cd371204bc.jpg
20251231_220245,2025-12-31T23:00:44,c:\Users\amrem\Documents\Engineering Year 4\Machine Learning\Project\Vehicle-Classification\data\inbox\archive (2)\test\4b71b5a2fa94a71b0581c6650a0f8d0a.jpg,label,2,1,class_02_passenger_car,c:\Users\amrem\Documents\Engineering Year 4\Machine Learning\Project\Vehicle-Classification\data\raw\class_02_passenger_car\4b71b5a2fa94a71b0581c6650a0f8d0a.jpg
20251231_220245,2025-12-31T23:01:05,c:\Users\amrem\Documents\Engineering Year 4\Machine Learning\Project\Vehicle-Classification\data\inbox\archive (2)\test\4b8b36da0de861862b49b1886c3c3109.jpg,label,6,5,class_06_three_axle_single_unit,c:\Users\amrem\Documents\Engineering Year 4\Machine Learning\Project\Vehicle-Classification\data\raw\class_06_three_axle_single_unit\4b8b36da0de861862b49b1886c3c3109.jpg
20251231_220245,2025-12-31T23:01:09,c:\Users\amrem\Documents\Engineering Year 4\Machine Learning\Project\Vehicle-Classification\data\inbox\archive (2)\test\4baa8146de477ebafae4b3f46d5614c2.jpg,label,5,4,class_05_two_axle_six_tire_single_unit,c:\Users\amrem\Documents\Engineering Year 4\Machine Learning\Project\Vehicle-Classification\data\raw\class_05_two_axle_six_tire_single_unit\4baa8146de477ebafae4b3f46d5614c2.jpg
20251231_220245,2025-12-31T23:01:11,c:\Users\amrem\Documents\Engineering Year 4\Machine Learning\Project\Vehicle-Classification\data\inbox\archive (2)\test\4cc32ad3e0e67676c4ec9fec34fa64fe.jpg,label,2,1,class_02_passenger_car,c:\Users\amrem\Documents\Engineering Year 4\Machine Learning\Project\Vehicle-Classification\data\raw\class_02_passenger_car\4cc32ad3e0e67676c4ec9fec34fa64fe.jpg
20251231_220245,2025-12-31T23:01:17,c:\Users\amrem\Documents\Engineering Year 4\Machine Learning\Project\Vehicle-Classification\data\inbox\archive (2)\test\4d05406e038cc708cccb6fc4951e8d83.jpg,reject,,,reject,c:\Users\amrem\Documents\Engineering Year 4\Machine Learning\Project\Vehicle-Classification\data\raw\reject\4d05406e038cc708cccb6fc4951e8d83.jpg
20251231_220245,2025-12-31T23:01:18,c:\Users\amrem\Documents\Engineering Year 4\Machine Learning\Project\Vehicle-Classification\data\inbox\archive (2)\test\4eac12104d3956e84a8005dc25d6ac9d.jpg,reject,,,reject,c:\Users\amrem\Documents\Engineering Year 4\Machine Learning\Project\Vehicle-Classification\data\raw\reject\4eac12104d3956e84a8005dc25d6ac9d.jpg
20251231_220245,2025-12-31T23:01:20,c:\Users\amrem\Documents\Engineering Year 4\Machine Learning\Project\Vehicle-Classification\data\inbox\archive (2)\test\508bc40d51bc31a77507595e528155e9.jpg,label,2,1,class_02_passenger_car,c:\Users\amrem\Documents\Engineering Year 4\Machine Learning\Project\Vehicle-Classification\data\raw\class_02_passenger_car\508bc40d51bc31a77507595e528155e9.jpg
20251231_220245,2025-12-31T23:01:21,c:\Users\amrem\Documents\Engineering Year 4\Machine Learning\Project\Vehicle-Classification\data\inbox\archive (2)\test\50b382a8b04c0da07f82216583e3f42c.jpg,label,2,1,class_02_passenger_car,c:\Users\amrem\Documents\Engineering Year 4\Machine Learning\Project\Vehicle-Classification\data\raw\class_02_passenger_car\50b382a8b04c0da07f82216583e3f42c.jpg
20251231_220245,2025-12-31T23:01:23,c:\Users\amrem\Documents\Engineering Year 4\Machine Learning\Project\Vehicle-Classification\data\inbox\archive (2)\test\51a610fa467c9b6d0a0c9ebc87ebd6cd.jpg,label,6,5,class_06_three_axle_single_unit,c:\Users\amrem\Documents\Engineering Year 4\Machine Learning\Project\Vehicle-Classification\data\raw\class_06_three_axle_single_unit\51a610fa467c9b6d0a0c9ebc87ebd6cd.jpg
20251231_220245,2025-12-31T23:01:24,c:\Users\amrem\Documents\Engineering Year 4\Machine Learning\Project\Vehicle-Classification\data\inbox\archive (2)\test\571d8914dd5d1b7e5a493b167ee49ce6.jpg,label,2,1,class_02_passenger_car,c:\Users\amrem\Documents\Engineering Year 4\Machine Learning\Project\Vehicle-Classification\data\raw\class_02_passenger_car\571d8914dd5d1b7e5a493b167ee49ce6.jpg
20251231_220245,2025-12-31T23:01:26,c:\Users\amrem\Documents\Engineering Year 4\Machine Learning\Project\Vehicle-Classification\data\inbox\archive (2)\test\5789a84b08a72667f6ed1dc0e1400778.jpg,label,2,1,class_02_passenger_car,c:\Users\amrem\Documents\Engineering Year 4\Machine Learning\Project\Vehicle-Classification\data\raw\class_02_passenger_car\5789a84b08a72667f6ed1dc0e1400778.jpg
20251231_220245,2025-12-31T23:01:27,c:\Users\amrem\Documents\Engineering Year 4\Machine Learning\Project\Vehicle-Classification\data\inbox\archive (2)\test\57ee38ea85a63fb8766d5d9f74aafb71.jpg,label,2,1,class_02_passenger_car,c:\Users\amrem\Documents\Engineering Year 4\Machine Learning\Project\Vehicle-Classification\data\raw\class_02_passenger_car\57ee38ea85a63fb8766d5d9f74aafb71.jpg
20251231_220245,2025-12-31T23:01:28,c:\Users\amrem\Documents\Engineering Year 4\Machine Learning\Project\Vehicle-Classification\data\inbox\archive (2)\test\5bbe28f7cf6ee6453caad79db64ba7c0.jpg,label,4,3,class_04_bus,c:\Users\amrem\Documents\Engineering Year 4\Machine Learning\Project\Vehicle-Classification\data\raw\class_04_bus\5bbe28f7cf6ee6453caad79db64ba7c0.jpg
20251231_220245,2025-12-31T23:01:30,c:\Users\amrem\Documents\Engineering Year 4\Machine Learning\Project\Vehicle-Classification\data\inbox\archive (2)\test\5d7514af404266c3f92efcee8662f640.jpg,label,4,3,class_04_bus,c:\Users\amrem\Documents\Engineering Year 4\Machine Learning\Project\Vehicle-Classification\data\raw\class_04_bus\5d7514af404266c3f92efcee8662f640.jpg
20251231_220245,2025-12-31T23:01:36,c:\Users\amrem\Documents\Engineering Year 4\Machine Learning\Project\Vehicle-Classification\data\inbox\archive (2)\test\5edeade7ca9e85efa46e1be268be129c.jpg,label,5,4,class_05_two_axle_six_tire_single_unit,c:\Users\amrem\Documents\Engineering Year 4\Machine Learning\Project\Vehicle-Classification\data\raw\class_05_two_axle_six_tire_single_unit\5edeade7ca9e85efa46e1be268be129c.jpg
20251231_220245,2025-12-31T23:01:39,c:\Users\amrem\Documents\Engineering Year 4\Machine Learning\Project\Vehicle-Classification\data\inbox\archive (2)\test\5f89e7991ccee7a66676616c8fc145e1.jpg,label,6,5,class_06_three_axle_single_unit,c:\Users\amrem\Documents\Engineering Year 4\Machine Learning\Project\Vehicle-Classification\data\raw\class_06_three_axle_single_unit\5f89e7991ccee7a66676616c8fc145e1.jpg
20251231_220245,2025-12-31T23:01:41,c:\Users\amrem\Documents\Engineering Year 4\Machine Learning\Project\Vehicle-Classification\data\inbox\archive (2)\test\61b29def40ee024890ebc2af8851a120.jpg,label,5,4,class_05_two_axle_six_tire_single_unit,c:\Users\amrem\Documents\Engineering Year 4\Machine Learning\Project\Vehicle-Classification\data\raw\class_05_two_axle_six_tire_single_unit\61b29def40ee024890ebc2af8851a120.jpg
20251231_220245,2025-12-31T23:01:43,c:\Users\amrem\Documents\Engineering Year 4\Machine Learning\Project\Vehicle-Classification\data\inbox\archive (2)\test\62352815acbebb5bc9eebaf534d8f434.jpg,label,2,1,class_02_passenger_car,c:\Users\amrem\Documents\Engineering Year 4\Machine Learning\Project\Vehicle-Classification\data\raw\class_02_passenger_car\62352815acbebb5bc9eebaf534d8f434.jpg
20251231_220245,2025-12-31T23:01:44,c:\Users\amrem\Documents\Engineering Year 4\Machine Learning\Project\Vehicle-Classification\data\inbox\archive (2)\test\6250695ca39f3d4e37303996a08a75e0.jpg,label,6,5,class_06_three_axle_single_unit,c:\Users\amrem\Documents\Engineering Year 4\Machine Learning\Project\Vehicle-Classification\data\raw\class_06_three_axle_single_unit\6250695ca39f3d4e37303996a08a75e0.jpg
20251231_220245,2025-12-31T23:02:25,c:\Users\amrem\Documents\Engineering Year 4\Machine Learning\Project\Vehicle-Classification\data\inbox\archive (2)\test\62795dabbbbe425b28275c4a0a601a63.jpg,reject,,,reject,c:\Users\amrem\Documents\Engineering Year 4\Machine Learning\Project\Vehicle-Classification\data\raw\reject\62795dabbbbe425b28275c4a0a601a63.jpg
20251231_220245,2025-12-31T23:02:28,c:\Users\amrem\Documents\Engineering Year 4\Machine Learning\Project\Vehicle-Classification\data\inbox\archive (2)\test\627fcb8c133d1e30c067d31a92a79f02.jpg,reject,,,reject,c:\Users\amrem\Documents\Engineering Year 4\Machine Learning\Project\Vehicle-Classification\data\raw\reject\627fcb8c133d1e30c067d31a92a79f02.jpg
20251231_220245,2025-12-31T23:02:31,c:\Users\amrem\Documents\Engineering Year 4\Machine Learning\Project\Vehicle-Classification\data\inbox\archive (2)\test\63f9f7dc8298317284bf7dbf2074b3ba.jpg,label,4,3,class_04_bus,c:\Users\amrem\Documents\Engineering Year 4\Machine Learning\Project\Vehicle-Classification\data\raw\class_04_bus\63f9f7dc8298317284bf7dbf2074b3ba.jpg
20251231_220245,2025-12-31T23:02:33,c:\Users\amrem\Documents\Engineering Year 4\Machine Learning\Project\Vehicle-Classification\data\inbox\archive (2)\test\6739b35e5a470fdb37862fb2bc5251ef.jpg,label,4,3,class_04_bus,c:\Users\amrem\Documents\Engineering Year 4\Machine Learning\Project\Vehicle-Classification\data\raw\class_04_bus\6739b35e5a470fdb37862fb2bc5251ef.jpg
20251231_220245,2025-12-31T23:02:35,c:\Users\amrem\Documents\Engineering Year 4\Machine Learning\Project\Vehicle-Classification\data\inbox\archive (2)\test\69bd574f793994d3590d08bd26007537.jpg,label,2,1,class_02_passenger_car,c:\Users\amrem\Documents\Engineering Year 4\Machine Learning\Project\Vehicle-Classification\data\raw\class_02_passenger_car\69bd574f793994d3590d08bd26007537.jpg
20251231_220245,2025-12-31T23:02:36,c:\Users\amrem\Documents\Engineering Year 4\Machine Learning\Project\Vehicle-Classification\data\inbox\archive (2)\test\6a4e8af47c5b5b1412ce9a28a247d50e.jpg,label,2,1,class_02_passenger_car,c:\Users\amrem\Documents\Engineering Year 4\Machine Learning\Project\Vehicle-Classification\data\raw\class_02_passenger_car\6a4e8af47c5b5b1412ce9a28a247d50e.jpg
20251231_220245,2025-12-31T23:02:37,c:\Users\amrem\Documents\Engineering Year 4\Machine Learning\Project\Vehicle-Classification\data\inbox\archive (2)\test\6f13f51f98bd1e2332bfa6f1c1c5ff14.jpg,label,2,1,class_02_passenger_car,c:\Users\amrem\Documents\Engineering Year 4\Machine Learning\Project\Vehicle-Classification\data\raw\class_02_passenger_car\6f13f51f98bd1e2332bfa6f1c1c5ff14.jpg
20251231_220245,2025-12-31T23:03:03,c:\Users\amrem\Documents\Engineering Year 4\Machine Learning\Project\Vehicle-Classification\data\inbox\archive (2)\test\6f93c871d9b1469bec963639ea58fe82.jpg,reject,,,reject,c:\Users\amrem\Documents\Engineering Year 4\Machine Learning\Project\Vehicle-Classification\data\raw\reject\6f93c871d9b1469bec963639ea58fe82.jpg
20251231_220245,2025-12-31T23:03:06,c:\Users\amrem\Documents\Engineering Year 4\Machine Learning\Project\Vehicle-Classification\data\inbox\archive (2)\test\6ff2bf5332ba76e0602d250f671d5b4e.jpg,label,5,4,class_05_two_axle_six_tire_single_unit,c:\Users\amrem\Documents\Engineering Year 4\Machine Learning\Project\Vehicle-Classification\data\raw\class_05_two_axle_six_tire_single_unit\6ff2bf5332ba76e0602d250f671d5b4e.jpg
20251231_220245,2025-12-31T23:03:10,c:\Users\amrem\Documents\Engineering Year 4\Machine Learning\Project\Vehicle-Classification\data\inbox\archive (2)\test\7141dc0b260cb428c6c0bcb5e51426fc.jpg,label,6,5,class_06_three_axle_single_unit,c:\Users\amrem\Documents\Engineering Year 4\Machine Learning\Project\Vehicle-Classification\data\raw\class_06_three_axle_single_unit\7141dc0b260cb428c6c0bcb5e51426fc.jpg
20251231_220245,2025-12-31T23:03:11,c:\Users\amrem\Documents\Engineering Year 4\Machine Learning\Project\Vehicle-Classification\data\inbox\archive (2)\test\7457b846fc17229e61aea790bab3c88a.jpg,label,2,1,class_02_passenger_car,c:\Users\amrem\Documents\Engineering Year 4\Machine Learning\Project\Vehicle-Classification\data\raw\class_02_passenger_car\7457b846fc17229e61aea790bab3c88a.jpg
20251231_220245,2025-12-31T23:03:12,c:\Users\amrem\Documents\Engineering Year 4\Machine Learning\Project\Vehicle-Classification\data\inbox\archive (2)\test\757431282570c269922ad34645e4eb99.jpg,label,2,1,class_02_passenger_car,c:\Users\amrem\Documents\Engineering Year 4\Machine Learning\Project\Vehicle-Classification\data\raw\class_02_passenger_car\757431282570c269922ad34645e4eb99.jpg
20251231_220245,2025-12-31T23:03:15,c:\Users\amrem\Documents\Engineering Year 4\Machine Learning\Project\Vehicle-Classification\data\inbox\archive (2)\test\75f2660d690d5bc035c1f9d9424e253a.jpg,label,5,4,class_05_two_axle_six_tire_single_unit,c:\Users\amrem\Documents\Engineering Year 4\Machine Learning\Project\Vehicle-Classification\data\raw\class_05_two_axle_six_tire_single_unit\75f2660d690d5bc035c1f9d9424e253a.jpg
20251231_220245,2025-12-31T23:03:16,c:\Users\amrem\Documents\Engineering Year 4\Machine Learning\Project\Vehicle-Classification\data\inbox\archive (2)\test\766f0049a40eea217328d2975312d3e0.jpg,label,5,4,class_05_two_axle_six_tire_single_unit,c:\Users\amrem\Documents\Engineering Year 4\Machine Learning\Project\Vehicle-Classification\data\raw\class_05_two_axle_six_tire_single_unit\766f0049a40eea217328d2975312d3e0.jpg
20251231_220245,2025-12-31T23:03:18,c:\Users\amrem\Documents\Engineering Year 4\Machine Learning\Project\Vehicle-Classification\data\inbox\archive (2)\test\7678977975a2ab3fc51efbafd0baca37.jpg,label,2,1,class_02_passenger_car,c:\Users\amrem\Documents\Engineering Year 4\Machine Learning\Project\Vehicle-Classification\data\raw\class_02_passenger_car\7678977975a2ab3fc51efbafd0baca37.jpg
20251231_220245,2025-12-31T23:03:24,c:\Users\amrem\Documents\Engineering Year 4\Machine Learning\Project\Vehicle-Classification\data\inbox\archive (2)\test\7855d33398a070b855381b5c0022a12a.jpg,label,7,6,class_07_four_or_more_axle_single_unit,c:\Users\amrem\Documents\Engineering Year 4\Machine Learning\Project\Vehicle-Classification\data\raw\class_07_four_or_more_axle_single_unit\7855d33398a070b855381b5c0022a12a.jpg
20251231_220245,2025-12-31T23:03:27,c:\Users\amrem\Documents\Engineering Year 4\Machine Learning\Project\Vehicle-Classification\data\inbox\archive (2)\test\7911da38a55c13ad65ee761999873d82.jpg,reject,,,reject,c:\Users\amrem\Documents\Engineering Year 4\Machine Learning\Project\Vehicle-Classification\data\raw\reject\7911da38a55c13ad65ee761999873d82.jpg
20251231_220245,2025-12-31T23:03:29,c:\Users\amrem\Documents\Engineering Year 4\Machine Learning\Project\Vehicle-Classification\data\inbox\archive (2)\test\7a9027a09a9149fd901f97630a052b29.jpg,label,2,1,class_02_passenger_car,c:\Users\amrem\Documents\Engineering Year 4\Machine Learning\Project\Vehicle-Classification\data\raw\class_02_passenger_car\7a9027a09a9149fd901f97630a052b29.jpg
20251231_220245,2025-12-31T23:03:30,c:\Users\amrem\Documents\Engineering Year 4\Machine Learning\Project\Vehicle-Classification\data\inbox\archive (2)\test\7be124ec367694c948c57d1e09181775.jpg,label,2,1,class_02_passenger_car,c:\Users\amrem\Documents\Engineering Year 4\Machine Learning\Project\Vehicle-Classification\data\raw\class_02_passenger_car\7be124ec367694c948c57d1e09181775.jpg
20251231_220245,2025-12-31T23:03:32,c:\Users\amrem\Documents\Engineering Year 4\Machine Learning\Project\Vehicle-Classification\data\inbox\archive (2)\test\7d674bf463a465d09ecf941b8d593865.jpg,label,5,4,class_05_two_axle_six_tire_single_unit,c:\Users\amrem\Documents\Engineering Year 4\Machine Learning\Project\Vehicle-Classification\data\raw\class_05_two_axle_six_tire_single_unit\7d674bf463a465d09ecf941b8d593865.jpg
20251231_220245,2025-12-31T23:03:33,c:\Users\amrem\Documents\Engineering Year 4\Machine Learning\Project\Vehicle-Classification\data\inbox\archive (2)\test\7fe25c5c90c4f447fe3fa10adf4232cd.jpg,label,4,3,class_04_bus,c:\Users\amrem\Documents\Engineering Year 4\Machine Learning\Project\Vehicle-Classification\data\raw\class_04_bus\7fe25c5c90c4f447fe3fa10adf4232cd.jpg
20251231_220245,2025-12-31T23:03:35,c:\Users\amrem\Documents\Engineering Year 4\Machine Learning\Project\Vehicle-Classification\data\inbox\archive (2)\test\80240bbaff1ec05a37a61b2732732b10.jpg,label,2,1,class_02_passenger_car,c:\Users\amrem\Documents\Engineering Year 4\Machine Learning\Project\Vehicle-Classification\data\raw\class_02_passenger_car\80240bbaff1ec05a37a61b2732732b10.jpg
20251231_220245,2025-12-31T23:03:36,c:\Users\amrem\Documents\Engineering Year 4\Machine Learning\Project\Vehicle-Classification\data\inbox\archive (2)\test\802716d5a05096b02621ad4eabf57812.jpg,label,5,4,class_05_two_axle_six_tire_single_unit,c:\Users\amrem\Documents\Engineering Year 4\Machine Learning\Project\Vehicle-Classification\data\raw\class_05_two_axle_six_tire_single_unit\802716d5a05096b02621ad4eabf57812.jpg
20251231_220245,2025-12-31T23:03:39,c:\Users\amrem\Documents\Engineering Year 4\Machine Learning\Project\Vehicle-Classification\data\inbox\archive (2)\test\80b2881e21c9323d2693fb73baa063ee.jpg,label,6,5,class_06_three_axle_single_unit,c:\Users\amrem\Documents\Engineering Year 4\Machine Learning\Project\Vehicle-Classification\data\raw\class_06_three_axle_single_unit\80b2881e21c9323d2693fb73baa063ee.jpg
20251231_220245,2025-12-31T23:03:41,c:\Users\amrem\Documents\Engineering Year 4\Machine Learning\Project\Vehicle-Classification\data\inbox\archive (2)\test\8189cbaa92299ea536be3ad23ddf1d00.jpg,label,5,4,class_05_two_axle_six_tire_single_unit,c:\Users\amrem\Documents\Engineering Year 4\Machine Learning\Project\Vehicle-Classification\data\raw\class_05_two_axle_six_tire_single_unit\8189cbaa92299ea536be3ad23ddf1d00.jpg
20251231_220245,2025-12-31T23:03:42,c:\Users\amrem\Documents\Engineering Year 4\Machine Learning\Project\Vehicle-Classification\data\inbox\archive (2)\test\81eba54e555030c678afe71bb81c3480.jpg,label,2,1,class_02_passenger_car,c:\Users\amrem\Documents\Engineering Year 4\Machine Learning\Project\Vehicle-Classification\data\raw\class_02_passenger_car\81eba54e555030c678afe71bb81c3480.jpg
20251231_220245,2025-12-31T23:03:44,c:\Users\amrem\Documents\Engineering Year 4\Machine Learning\Project\Vehicle-Classification\data\inbox\archive (2)\test\84c8aadbabbeb753042593faffa4e376.jpg,reject,,,reject,c:\Users\amrem\Documents\Engineering Year 4\Machine Learning\Project\Vehicle-Classification\data\raw\reject\84c8aadbabbeb753042593faffa4e376.jpg
20251231_220245,2025-12-31T23:03:45,c:\Users\amrem\Documents\Engineering Year 4\Machine Learning\Project\Vehicle-Classification\data\inbox\archive (2)\test\84f8d91c9170c3ee8de534f36f5b4d90.jpg,label,2,1,class_02_passenger_car,c:\Users\amrem\Documents\Engineering Year 4\Machine Learning\Project\Vehicle-Classification\data\raw\class_02_passenger_car\84f8d91c9170c3ee8de534f36f5b4d90.jpg
20251231_220245,2025-12-31T23:03:46,c:\Users\amrem\Documents\Engineering Year 4\Machine Learning\Project\Vehicle-Classification\data\inbox\archive (2)\test\8752552fe0ec0dee238ad361b07fc501.jpg,reject,,,reject,c:\Users\amrem\Documents\Engineering Year 4\Machine Learning\Project\Vehicle-Classification\data\raw\reject\8752552fe0ec0dee238ad361b07fc501.jpg
20251231_220245,2025-12-31T23:03:48,c:\Users\amrem\Documents\Engineering Year 4\Machine Learning\Project\Vehicle-Classification\data\inbox\archive (2)\test\897c7be0d09ce1e992ab8e68fc3194f6.jpg,label,2,1,class_02_passenger_car,c:\Users\amrem\Documents\Engineering Year 4\Machine Learning\Project\Vehicle-Classification\data\raw\class_02_passenger_car\897c7be0d09ce1e992ab8e68fc3194f6.jpg
20251231_220245,2025-12-31T23:03:49,c:\Users\amrem\Documents\Engineering Year 4\Machine Learning\Project\Vehicle-Classification\data\inbox\archive (2)\test\90d9a803b25a78b4dc2dcdf4c85a4b70.jpg,label,5,4,class_05_two_axle_six_tire_single_unit,c:\Users\amrem\Documents\Engineering Year 4\Machine Learning\Project\Vehicle-Classification\data\raw\class_05_two_axle_six_tire_single_unit\90d9a803b25a78b4dc2dcdf4c85a4b70.jpg
20251231_220245,2025-12-31T23:03:51,c:\Users\amrem\Documents\Engineering Year 4\Machine Learning\Project\Vehicle-Classification\data\inbox\archive (2)\test\9129e0d08ecc8343ba0d45b297cb19d2.jpg,label,2,1,class_02_passenger_car,c:\Users\amrem\Documents\Engineering Year 4\Machine Learning\Project\Vehicle-Classification\data\raw\class_02_passenger_car\9129e0d08ecc8343ba0d45b297cb19d2.jpg
20251231_220245,2025-12-31T23:03:52,c:\Users\amrem\Documents\Engineering Year 4\Machine Learning\Project\Vehicle-Classification\data\inbox\archive (2)\test\91409b182fe012ec4a4ffde63bf4f3e1.jpg,label,2,1,class_02_passenger_car,c:\Users\amrem\Documents\Engineering Year 4\Machine Learning\Project\Vehicle-Classification\data\raw\class_02_passenger_car\91409b182fe012ec4a4ffde63bf4f3e1.jpg
20251231_220245,2025-12-31T23:03:55,c:\Users\amrem\Documents\Engineering Year 4\Machine Learning\Project\Vehicle-Classification\data\inbox\archive (2)\test\92f3902436b1862d6648fa244baea96a.jpg,label,5,4,class_05_two_axle_six_tire_single_unit,c:\Users\amrem\Documents\Engineering Year 4\Machine Learning\Project\Vehicle-Classification\data\raw\class_05_two_axle_six_tire_single_unit\92f3902436b1862d6648fa244baea96a.jpg
20251231_220245,2025-12-31T23:03:59,c:\Users\amrem\Documents\Engineering Year 4\Machine Learning\Project\Vehicle-Classification\data\inbox\archive (2)\test\9538a4aee92d00ecdba2b438588ca7c2.jpg,label,2,1,class_02_passenger_car,c:\Users\amrem\Documents\Engineering Year 4\Machine Learning\Project\Vehicle-Classification\data\raw\class_02_passenger_car\9538a4aee92d00ecdba2b438588ca7c2.jpg
20251231_220245,2025-12-31T23:04:01,c:\Users\amrem\Documents\Engineering Year 4\Machine Learning\Project\Vehicle-Classification\data\inbox\archive (2)\test\954571024b5f8c43df1e7c4ba5939acd.jpg,label,5,4,class_05_two_axle_six_tire_single_unit,c:\Users\amrem\Documents\Engineering Year 4\Machine Learning\Project\Vehicle-Classification\data\raw\class_05_two_axle_six_tire_single_unit\954571024b5f8c43df1e7c4ba5939acd.jpg
20251231_220245,2025-12-31T23:04:05,c:\Users\amrem\Documents\Engineering Year 4\Machine Learning\Project\Vehicle-Classification\data\inbox\archive (2)\test\95ac3b0debba83ee706b4edef03ee2c2.jpg,reject,,,reject,c:\Users\amrem\Documents\Engineering Year 4\Machine Learning\Project\Vehicle-Classification\data\raw\reject\95ac3b0debba83ee706b4edef03ee2c2.jpg
20251231_220245,2025-12-31T23:04:06,c:\Users\amrem\Documents\Engineering Year 4\Machine Learning\Project\Vehicle-Classification\data\inbox\archive (2)\test\9757cb207b7e4bb8bd0bae284020f166.jpg,reject,,,reject,c:\Users\amrem\Documents\Engineering Year 4\Machine Learning\Project\Vehicle-Classification\data\raw\reject\9757cb207b7e4bb8bd0bae284020f166.jpg
20251231_220245,2025-12-31T23:04:08,c:\Users\amrem\Documents\Engineering Year 4\Machine Learning\Project\Vehicle-Classification\data\inbox\archive (2)\test\9803fa77a01d28b1be669c4f2dc1a9d2.jpg,label,2,1,class_02_passenger_car,c:\Users\amrem\Documents\Engineering Year 4\Machine Learning\Project\Vehicle-Classification\data\raw\class_02_passenger_car\9803fa77a01d28b1be669c4f2dc1a9d2.jpg
20251231_220245,2025-12-31T23:04:09,c:\Users\amrem\Documents\Engineering Year 4\Machine Learning\Project\Vehicle-Classification\data\inbox\archive (2)\test\98b83106dcaeeb585913fb59c8525757.jpg,reject,,,reject,c:\Users\amrem\Documents\Engineering Year 4\Machine Learning\Project\Vehicle-Classification\data\raw\reject\98b83106dcaeeb585913fb59c8525757.jpg
20251231_220245,2025-12-31T23:04:10,c:\Users\amrem\Documents\Engineering Year 4\Machine Learning\Project\Vehicle-Classification\data\inbox\archive (2)\test\99043f3239c13157c6f90db35fb7d412.jpg,label,2,1,class_02_passenger_car,c:\Users\amrem\Documents\Engineering Year 4\Machine Learning\Project\Vehicle-Classification\data\raw\class_02_passenger_car\99043f3239c13157c6f90db35fb7d412.jpg
20251231_220245,2025-12-31T23:04:11,c:\Users\amrem\Documents\Engineering Year 4\Machine Learning\Project\Vehicle-Classification\data\inbox\archive (2)\test\9ce02d377794f9103c107a80f660c562.jpg,label,2,1,class_02_passenger_car,c:\Users\amrem\Documents\Engineering Year 4\Machine Learning\Project\Vehicle-Classification\data\raw\class_02_passenger_car\9ce02d377794f9103c107a80f660c562.jpg
20251231_220245,2025-12-31T23:04:14,c:\Users\amrem\Documents\Engineering Year 4\Machine Learning\Project\Vehicle-Classification\data\inbox\archive (2)\test\9cecedb8bfe67dbbc76d7723c3b4de43.jpg,label,2,1,class_02_passenger_car,c:\Users\amrem\Documents\Engineering Year 4\Machine Learning\Project\Vehicle-Classification\data\raw\class_02_passenger_car\9cecedb8bfe67dbbc76d7723c3b4de43.jpg
20251231_220245,2025-12-31T23:04:17,c:\Users\amrem\Documents\Engineering Year 4\Machine Learning\Project\Vehicle-Classification\data\inbox\archive (2)\test\9e37ae8bf11600a30afcd592d73a4be1.jpg,label,4,3,class_04_bus,c:\Users\amrem\Documents\Engineering Year 4\Machine Learning\Project\Vehicle-Classification\data\raw\class_04_bus\9e37ae8bf11600a30afcd592d73a4be1.jpg
20251231_220245,2025-12-31T23:04:21,c:\Users\amrem\Documents\Engineering Year 4\Machine Learning\Project\Vehicle-Classification\data\inbox\archive (2)\test\a086181bbf71ba6b0eadbcfb68ce10d3.jpg,label,5,4,class_05_two_axle_six_tire_single_unit,c:\Users\amrem\Documents\Engineering Year 4\Machine Learning\Project\Vehicle-Classification\data\raw\class_05_two_axle_six_tire_single_unit\a086181bbf71ba6b0eadbcfb68ce10d3.jpg
20251231_220245,2025-12-31T23:04:24,c:\Users\amrem\Documents\Engineering Year 4\Machine Learning\Project\Vehicle-Classification\data\inbox\archive (2)\test\a0a1c93b23171e19bcef8fa6949e5116.jpg,label,2,1,class_02_passenger_car,c:\Users\amrem\Documents\Engineering Year 4\Machine Learning\Project\Vehicle-Classification\data\raw\class_02_passenger_car\a0a1c93b23171e19bcef8fa6949e5116.jpg
20251231_220245,2025-12-31T23:04:26,c:\Users\amrem\Documents\Engineering Year 4\Machine Learning\Project\Vehicle-Classification\data\inbox\archive (2)\test\a2fec0c55e7c73d27fac134b9074846e.jpg,reject,,,reject,c:\Users\amrem\Documents\Engineering Year 4\Machine Learning\Project\Vehicle-Classification\data\raw\reject\a2fec0c55e7c73d27fac134b9074846e.jpg
20251231_220245,2025-12-31T23:04:36,c:\Users\amrem\Documents\Engineering Year 4\Machine Learning\Project\Vehicle-Classification\data\inbox\archive (2)\test\a3961bcb81ef2cad2e3c7c1cd14c261d.jpg,label,11,10,class_11_five_or_less_axle_multi_trailer,c:\Users\amrem\Documents\Engineering Year 4\Machine Learning\Project\Vehicle-Classification\data\raw\class_11_five_or_less_axle_multi_trailer\a3961bcb81ef2cad2e3c7c1cd14c261d.jpg
20251231_220245,2025-12-31T23:04:38,c:\Users\amrem\Documents\Engineering Year 4\Machine Learning\Project\Vehicle-Classification\data\inbox\archive (2)\test\a3c4f639c87e59383cfec1062b0ebd1b.jpg,label,2,1,class_02_passenger_car,c:\Users\amrem\Documents\Engineering Year 4\Machine Learning\Project\Vehicle-Classification\data\raw\class_02_passenger_car\a3c4f639c87e59383cfec1062b0ebd1b.jpg
20251231_220245,2025-12-31T23:04:39,c:\Users\amrem\Documents\Engineering Year 4\Machine Learning\Project\Vehicle-Classification\data\inbox\archive (2)\test\a3c9175c79d68d3a8aaf8719e59519d0.jpg,label,2,1,class_02_passenger_car,c:\Users\amrem\Documents\Engineering Year 4\Machine Learning\Project\Vehicle-Classification\data\raw\class_02_passenger_car\a3c9175c79d68d3a8aaf8719e59519d0.jpg
20251231_220245,2025-12-31T23:04:41,c:\Users\amrem\Documents\Engineering Year 4\Machine Learning\Project\Vehicle-Classification\data\inbox\archive (2)\test\a67cad73fd03d2d5cef3a81bf78ed0a3.jpg,label,4,3,class_04_bus,c:\Users\amrem\Documents\Engineering Year 4\Machine Learning\Project\Vehicle-Classification\data\raw\class_04_bus\a67cad73fd03d2d5cef3a81bf78ed0a3.jpg
20251231_220245,2025-12-31T23:04:43,c:\Users\amrem\Documents\Engineering Year 4\Machine Learning\Project\Vehicle-Classification\data\inbox\archive (2)\test\a72e4b986609cd50953f4c070f9df9a0.jpg,label,2,1,class_02_passenger_car,c:\Users\amrem\Documents\Engineering Year 4\Machine Learning\Project\Vehicle-Classification\data\raw\class_02_passenger_car\a72e4b986609cd50953f4c070f9df9a0.jpg
20251231_220245,2025-12-31T23:04:46,c:\Users\amrem\Documents\Engineering Year 4\Machine Learning\Project\Vehicle-Classification\data\inbox\archive (2)\test\a94edd16754e2a4e99f33e55ed2c8d2e.jpg,label,2,1,class_02_passenger_car,c:\Users\amrem\Documents\Engineering Year 4\Machine Learning\Project\Vehicle-Classification\data\raw\class_02_passenger_car\a94edd16754e2a4e99f33e55ed2c8d2e.jpg
20251231_220245,2025-12-31T23:04:47,c:\Users\amrem\Documents\Engineering Year 4\Machine Learning\Project\Vehicle-Classification\data\inbox\archive (2)\test\aa9c4c054d9935042563309d07ccdaef.jpg,label,2,1,class_02_passenger_car,c:\Users\amrem\Documents\Engineering Year 4\Machine Learning\Project\Vehicle-Classification\data\raw\class_02_passenger_car\aa9c4c054d9935042563309d07ccdaef.jpg
20251231_220245,2025-12-31T23:04:49,c:\Users\amrem\Documents\Engineering Year 4\Machine Learning\Project\Vehicle-Classification\data\inbox\archive (2)\test\aba61896c1391587795060868f00f6e9.jpg,label,2,1,class_02_passenger_car,c:\Users\amrem\Documents\Engineering Year 4\Machine Learning\Project\Vehicle-Classification\data\raw\class_02_passenger_car\aba61896c1391587795060868f00f6e9.jpg
20251231_220245,2025-12-31T23:04:50,c:\Users\amrem\Documents\Engineering Year 4\Machine Learning\Project\Vehicle-Classification\data\inbox\archive (2)\test\adaf348564dd71ae2c318378d5f60051.jpg,label,2,1,class_02_passenger_car,c:\Users\amrem\Documents\Engineering Year 4\Machine Learning\Project\Vehicle-Classification\data\raw\class_02_passenger_car\adaf348564dd71ae2c318378d5f60051.jpg
20251231_220245,2025-12-31T23:04:52,c:\Users\amrem\Documents\Engineering Year 4\Machine Learning\Project\Vehicle-Classification\data\inbox\archive (2)\test\ae648d1b856a00e9150e84a0af1c1e71.jpg,label,6,5,class_06_three_axle_single_unit,c:\Users\amrem\Documents\Engineering Year 4\Machine Learning\Project\Vehicle-Classification\data\raw\class_06_three_axle_single_unit\ae648d1b856a00e9150e84a0af1c1e71.jpg
20251231_220245,2025-12-31T23:04:54,c:\Users\amrem\Documents\Engineering Year 4\Machine Learning\Project\Vehicle-Classification\data\inbox\archive (2)\test\b00473a9f517bbfc5923c95288b40ff2.jpg,reject,,,reject,c:\Users\amrem\Documents\Engineering Year 4\Machine Learning\Project\Vehicle-Classification\data\raw\reject\b00473a9f517bbfc5923c95288b40ff2.jpg
20251231_220245,2025-12-31T23:04:58,c:\Users\amrem\Documents\Engineering Year 4\Machine Learning\Project\Vehicle-Classification\data\inbox\archive (2)\test\b0322b716be09e89ac21c22874194836.jpg,label,7,6,class_07_four_or_more_axle_single_unit,c:\Users\amrem\Documents\Engineering Year 4\Machine Learning\Project\Vehicle-Classification\data\raw\class_07_four_or_more_axle_single_unit\b0322b716be09e89ac21c22874194836.jpg
20251231_220245,2025-12-31T23:05:00,c:\Users\amrem\Documents\Engineering Year 4\Machine Learning\Project\Vehicle-Classification\data\inbox\archive (2)\test\b0d111a7c355e47d040ba1f2282c04cb.jpg,label,2,1,class_02_passenger_car,c:\Users\amrem\Documents\Engineering Year 4\Machine Learning\Project\Vehicle-Classification\data\raw\class_02_passenger_car\b0d111a7c355e47d040ba1f2282c04cb.jpg
20251231_220245,2025-12-31T23:05:01,c:\Users\amrem\Documents\Engineering Year 4\Machine Learning\Project\Vehicle-Classification\data\inbox\archive (2)\test\b2de8a56b1fbbee32afbe72d823f8a5a.jpg,label,4,3,class_04_bus,c:\Users\amrem\Documents\Engineering Year 4\Machine Learning\Project\Vehicle-Classification\data\raw\class_04_bus\b2de8a56b1fbbee32afbe72d823f8a5a.jpg
20251231_220245,2025-12-31T23:05:03,c:\Users\amrem\Documents\Engineering Year 4\Machine Learning\Project\Vehicle-Classification\data\inbox\archive (2)\test\b3f97064fed7b66b154dc84b68d79716.jpg,label,3,2,class_03_four_tire_single_unit,c:\Users\amrem\Documents\Engineering Year 4\Machine Learning\Project\Vehicle-Classification\data\raw\class_03_four_tire_single_unit\b3f97064fed7b66b154dc84b68d79716.jpg
20251231_220245,2025-12-31T23:05:10,c:\Users\amrem\Documents\Engineering Year 4\Machine Learning\Project\Vehicle-Classification\data\inbox\archive (2)\test\b52fbc88bc83acea1b0d374ccb460178.jpg,label,2,1,class_02_passenger_car,c:\Users\amrem\Documents\Engineering Year 4\Machine Learning\Project\Vehicle-Classification\data\raw\class_02_passenger_car\b52fbc88bc83acea1b0d374ccb460178.jpg
20251231_220245,2025-12-31T23:05:11,c:\Users\amrem\Documents\Engineering Year 4\Machine Learning\Project\Vehicle-Classification\data\inbox\archive (2)\test\b59690d2999ededa3012570e6401a258.jpg,label,2,1,class_02_passenger_car,c:\Users\amrem\Documents\Engineering Year 4\Machine Learning\Project\Vehicle-Classification\data\raw\class_02_passenger_car\b59690d2999ededa3012570e6401a258.jpg
20251231_220245,2025-12-31T23:05:12,c:\Users\amrem\Documents\Engineering Year 4\Machine Learning\Project\Vehicle-Classification\data\inbox\archive (2)\test\b62c7d59cd74dc1bc2eaa1b951cfd0a7.jpg,label,4,3,class_04_bus,c:\Users\amrem\Documents\Engineering Year 4\Machine Learning\Project\Vehicle-Classification\data\raw\class_04_bus\b62c7d59cd74dc1bc2eaa1b951cfd0a7.jpg
20251231_220245,2025-12-31T23:05:14,c:\Users\amrem\Documents\Engineering Year 4\Machine Learning\Project\Vehicle-Classification\data\inbox\archive (2)\test\b64c45c9bdffb475ad76641a8f111c49.jpg,label,2,1,class_02_passenger_car,c:\Users\amrem\Documents\Engineering Year 4\Machine Learning\Project\Vehicle-Classification\data\raw\class_02_passenger_car\b64c45c9bdffb475ad76641a8f111c49.jpg
20251231_220245,2025-12-31T23:06:05,c:\Users\amrem\Documents\Engineering Year 4\Machine Learning\Project\Vehicle-Classification\data\inbox\archive (2)\test\b8ebfa32f6ba5c7c50b63bc1c0108361.jpg,label,2,1,class_02_passenger_car,c:\Users\amrem\Documents\Engineering Year 4\Machine Learning\Project\Vehicle-Classification\data\raw\class_02_passenger_car\b8ebfa32f6ba5c7c50b63bc1c0108361.jpg
20251231_220245,2025-12-31T23:06:06,c:\Users\amrem\Documents\Engineering Year 4\Machine Learning\Project\Vehicle-Classification\data\inbox\archive (2)\test\b9ea06b2cdf8e72dca0f415d1525d7d5.jpg,label,2,1,class_02_passenger_car,c:\Users\amrem\Documents\Engineering Year 4\Machine Learning\Project\Vehicle-Classification\data\raw\class_02_passenger_car\b9ea06b2cdf8e72dca0f415d1525d7d5.jpg
20251231_220245,2025-12-31T23:06:07,c:\Users\amrem\Documents\Engineering Year 4\Machine Learning\Project\Vehicle-Classification\data\inbox\archive (2)\test\baf661408b8ad2c99d878ff64c0ac18d.jpg,label,2,1,class_02_passenger_car,c:\Users\amrem\Documents\Engineering Year 4\Machine Learning\Project\Vehicle-Classification\data\raw\class_02_passenger_car\baf661408b8ad2c99d878ff64c0ac18d.jpg
20251231_220245,2025-12-31T23:06:09,c:\Users\amrem\Documents\Engineering Year 4\Machine Learning\Project\Vehicle-Classification\data\inbox\archive (2)\test\bd8941cb7e847f3c8e1ea50084e8e978.jpg,label,5,4,class_05_two_axle_six_tire_single_unit,c:\Users\amrem\Documents\Engineering Year 4\Machine Learning\Project\Vehicle-Classification\data\raw\class_05_two_axle_six_tire_single_unit\bd8941cb7e847f3c8e1ea50084e8e978.jpg
20251231_220245,2025-12-31T23:06:11,c:\Users\amrem\Documents\Engineering Year 4\Machine Learning\Project\Vehicle-Classification\data\inbox\archive (2)\test\be8a535960c82e4332eed118196f7d56.jpg,label,2,1,class_02_passenger_car,c:\Users\amrem\Documents\Engineering Year 4\Machine Learning\Project\Vehicle-Classification\data\raw\class_02_passenger_car\be8a535960c82e4332eed118196f7d56.jpg
20251231_220245,2025-12-31T23:06:13,c:\Users\amrem\Documents\Engineering Year 4\Machine Learning\Project\Vehicle-Classification\data\inbox\archive (2)\test\bec04a0e1662c9c23365eb3a9e12a1d7.jpg,label,2,1,class_02_passenger_car,c:\Users\amrem\Documents\Engineering Year 4\Machine Learning\Project\Vehicle-Classification\data\raw\class_02_passenger_car\bec04a0e1662c9c23365eb3a9e12a1d7.jpg
20251231_220245,2025-12-31T23:06:15,c:\Users\amrem\Documents\Engineering Year 4\Machine Learning\Project\Vehicle-Classification\data\inbox\archive (2)\test\c1adb1337eba00e584e3704af99d291c.jpg,label,4,3,class_04_bus,c:\Users\amrem\Documents\Engineering Year 4\Machine Learning\Project\Vehicle-Classification\data\raw\class_04_bus\c1adb1337eba00e584e3704af99d291c.jpg
20251231_220245,2025-12-31T23:06:18,c:\Users\amrem\Documents\Engineering Year 4\Machine Learning\Project\Vehicle-Classification\data\inbox\archive (2)\test\c46b7fbc302d77a3b0227822c6f28cda.jpg,label,2,1,class_02_passenger_car,c:\Users\amrem\Documents\Engineering Year 4\Machine Learning\Project\Vehicle-Classification\data\raw\class_02_passenger_car\c46b7fbc302d77a3b0227822c6f28cda.jpg
20251231_220245,2025-12-31T23:06:20,c:\Users\amrem\Documents\Engineering Year 4\Machine Learning\Project\Vehicle-Classification\data\inbox\archive (2)\test\c60d3c01fee2ed317790da3f7d510d4a.jpg,label,2,1,class_02_passenger_car,c:\Users\amrem\Documents\Engineering Year 4\Machine Learning\Project\Vehicle-Classification\data\raw\class_02_passenger_car\c60d3c01fee2ed317790da3f7d510d4a.jpg
20251231_220245,2025-12-31T23:06:21,c:\Users\amrem\Documents\Engineering Year 4\Machine Learning\Project\Vehicle-Classification\data\inbox\archive (2)\test\c9ef804987778a3e0590e5e501f38b56.jpg,label,2,1,class_02_passenger_car,c:\Users\amrem\Documents\Engineering Year 4\Machine Learning\Project\Vehicle-Classification\data\raw\class_02_passenger_car\c9ef804987778a3e0590e5e501f38b56.jpg
20251231_220245,2025-12-31T23:06:22,c:\Users\amrem\Documents\Engineering Year 4\Machine Learning\Project\Vehicle-Classification\data\inbox\archive (2)\test\ca68371ad50fa0575b1fac8c5796fbfb.jpg,label,2,1,class_02_passenger_car,c:\Users\amrem\Documents\Engineering Year 4\Machine Learning\Project\Vehicle-Classification\data\raw\class_02_passenger_car\ca68371ad50fa0575b1fac8c5796fbfb.jpg
20251231_220245,2025-12-31T23:06:23,c:\Users\amrem\Documents\Engineering Year 4\Machine Learning\Project\Vehicle-Classification\data\inbox\archive (2)\test\cc8eae9b484e1b8199c928be106d946e.jpg,label,2,1,class_02_passenger_car,c:\Users\amrem\Documents\Engineering Year 4\Machine Learning\Project\Vehicle-Classification\data\raw\class_02_passenger_car\cc8eae9b484e1b8199c928be106d946e.jpg
20251231_220245,2025-12-31T23:06:24,c:\Users\amrem\Documents\Engineering Year 4\Machine Learning\Project\Vehicle-Classification\data\inbox\archive (2)\test\cd0e83983e36613ec5b154d2d6ddb0d1.jpg,label,2,1,class_02_passenger_car,c:\Users\amrem\Documents\Engineering Year 4\Machine Learning\Project\Vehicle-Classification\data\raw\class_02_passenger_car\cd0e83983e36613ec5b154d2d6ddb0d1.jpg
20251231_220245,2025-12-31T23:06:26,c:\Users\amrem\Documents\Engineering Year 4\Machine Learning\Project\Vehicle-Classification\data\inbox\archive (2)\test\ce37879c836f97bc460388ea7c8d828e.jpg,label,2,1,class_02_passenger_car,c:\Users\amrem\Documents\Engineering Year 4\Machine Learning\Project\Vehicle-Classification\data\raw\class_02_passenger_car\ce37879c836f97bc460388ea7c8d828e.jpg
20251231_220245,2025-12-31T23:06:28,c:\Users\amrem\Documents\Engineering Year 4\Machine Learning\Project\Vehicle-Classification\data\inbox\archive (2)\test\cf042dd7addc3894b78063b90016ec03.jpg,label,4,3,class_04_bus,c:\Users\amrem\Documents\Engineering Year 4\Machine Learning\Project\Vehicle-Classification\data\raw\class_04_bus\cf042dd7addc3894b78063b90016ec03.jpg
20251231_220245,2025-12-31T23:06:29,c:\Users\amrem\Documents\Engineering Year 4\Machine Learning\Project\Vehicle-Classification\data\inbox\archive (2)\test\cfc368c752895985a7d4bf3cb64d630c.jpg,label,2,1,class_02_passenger_car,c:\Users\amrem\Documents\Engineering Year 4\Machine Learning\Project\Vehicle-Classification\data\raw\class_02_passenger_car\cfc368c752895985a7d4bf3cb64d630c.jpg
20251231_220245,2025-12-31T23:06:41,c:\Users\amrem\Documents\Engineering Year 4\Machine Learning\Project\Vehicle-Classification\data\inbox\archive (2)\test\d0bc0f8b0754ea0f5c8736c769aaebaa.jpg,label,7,6,class_07_four_or_more_axle_single_unit,c:\Users\amrem\Documents\Engineering Year 4\Machine Learning\Project\Vehicle-Classification\data\raw\class_07_four_or_more_axle_single_unit\d0bc0f8b0754ea0f5c8736c769aaebaa.jpg
20251231_220245,2025-12-31T23:06:43,c:\Users\amrem\Documents\Engineering Year 4\Machine Learning\Project\Vehicle-Classification\data\inbox\archive (2)\test\d30c1395768c0bc18529d9a5429aaaf9.jpg,label,2,1,class_02_passenger_car,c:\Users\amrem\Documents\Engineering Year 4\Machine Learning\Project\Vehicle-Classification\data\raw\class_02_passenger_car\d30c1395768c0bc18529d9a5429aaaf9.jpg
20251231_220245,2025-12-31T23:06:44,c:\Users\amrem\Documents\Engineering Year 4\Machine Learning\Project\Vehicle-Classification\data\inbox\archive (2)\test\d4bb40dee633de3a610857f75d8fb037.jpg,label,2,1,class_02_passenger_car,c:\Users\amrem\Documents\Engineering Year 4\Machine Learning\Project\Vehicle-Classification\data\raw\class_02_passenger_car\d4bb40dee633de3a610857f75d8fb037.jpg
20251231_220245,2025-12-31T23:06:45,c:\Users\amrem\Documents\Engineering Year 4\Machine Learning\Project\Vehicle-Classification\data\inbox\archive (2)\test\d5d52493c4ac9b5cfac5b7d1d50edc9a.jpg,label,2,1,class_02_passenger_car,c:\Users\amrem\Documents\Engineering Year 4\Machine Learning\Project\Vehicle-Classification\data\raw\class_02_passenger_car\d5d52493c4ac9b5cfac5b7d1d50edc9a.jpg
20251231_220245,2025-12-31T23:06:46,c:\Users\amrem\Documents\Engineering Year 4\Machine Learning\Project\Vehicle-Classification\data\inbox\archive (2)\test\d6086634ce334fe82400a173f0028306.jpg,label,2,1,class_02_passenger_car,c:\Users\amrem\Documents\Engineering Year 4\Machine Learning\Project\Vehicle-Classification\data\raw\class_02_passenger_car\d6086634ce334fe82400a173f0028306.jpg
20251231_220245,2025-12-31T23:07:20,c:\Users\amrem\Documents\Engineering Year 4\Machine Learning\Project\Vehicle-Classification\data\inbox\archive (2)\test\d6c4bc7127a99edbd4bcc615b771604d.jpg,reject,,,reject,c:\Users\amrem\Documents\Engineering Year 4\Machine Learning\Project\Vehicle-Classification\data\raw\reject\d6c4bc7127a99edbd4bcc615b771604d.jpg
20251231_220245,2025-12-31T23:07:22,c:\Users\amrem\Documents\Engineering Year 4\Machine Learning\Project\Vehicle-Classification\data\inbox\archive (2)\test\d72ad0ed59de6b2715fc967a56230fbb.jpg,label,2,1,class_02_passenger_car,c:\Users\amrem\Documents\Engineering Year 4\Machine Learning\Project\Vehicle-Classification\data\raw\class_02_passenger_car\d72ad0ed59de6b2715fc967a56230fbb.jpg
20251231_220245,2025-12-31T23:07:25,c:\Users\amrem\Documents\Engineering Year 4\Machine Learning\Project\Vehicle-Classification\data\inbox\archive (2)\test\d9158bb9ab1810deaf519d826959bb4c.jpg,reject,,,reject,c:\Users\amrem\Documents\Engineering Year 4\Machine Learning\Project\Vehicle-Classification\data\raw\reject\d9158bb9ab1810deaf519d826959bb4c.jpg
20251231_220245,2025-12-31T23:07:26,c:\Users\amrem\Documents\Engineering Year 4\Machine Learning\Project\Vehicle-Classification\data\inbox\archive (2)\test\db1ada5a60a1562ac68263444a2595be.jpg,label,2,1,class_02_passenger_car,c:\Users\amrem\Documents\Engineering Year 4\Machine Learning\Project\Vehicle-Classification\data\raw\class_02_passenger_car\db1ada5a60a1562ac68263444a2595be.jpg
20251231_220245,2025-12-31T23:07:29,c:\Users\amrem\Documents\Engineering Year 4\Machine Learning\Project\Vehicle-Classification\data\inbox\archive (2)\test\dc29b0ebe4538eeadc18ee811f942bd4.jpg,label,6,5,class_06_three_axle_single_unit,c:\Users\amrem\Documents\Engineering Year 4\Machine Learning\Project\Vehicle-Classification\data\raw\class_06_three_axle_single_unit\dc29b0ebe4538eeadc18ee811f942bd4.jpg
20251231_220245,2025-12-31T23:07:30,c:\Users\amrem\Documents\Engineering Year 4\Machine Learning\Project\Vehicle-Classification\data\inbox\archive (2)\test\ddfe9b3fd10abc7e11d7479ea32ec569.jpg,label,2,1,class_02_passenger_car,c:\Users\amrem\Documents\Engineering Year 4\Machine Learning\Project\Vehicle-Classification\data\raw\class_02_passenger_car\ddfe9b3fd10abc7e11d7479ea32ec569.jpg
20251231_220245,2025-12-31T23:07:32,c:\Users\amrem\Documents\Engineering Year 4\Machine Learning\Project\Vehicle-Classification\data\inbox\archive (2)\test\def5ed8eda194f16fe75b17278d7dffd.jpg,label,6,5,class_06_three_axle_single_unit,c:\Users\amrem\Documents\Engineering Year 4\Machine Learning\Project\Vehicle-Classification\data\raw\class_06_three_axle_single_unit\def5ed8eda194f16fe75b17278d7dffd.jpg
20251231_220245,2025-12-31T23:07:35,c:\Users\amrem\Documents\Engineering Year 4\Machine Learning\Project\Vehicle-Classification\data\inbox\archive (2)\test\e19d91dc4bb0619953da8ef809dd6727.jpg,label,2,1,class_02_passenger_car,c:\Users\amrem\Documents\Engineering Year 4\Machine Learning\Project\Vehicle-Classification\data\raw\class_02_passenger_car\e19d91dc4bb0619953da8ef809dd6727.jpg
20251231_220245,2025-12-31T23:07:36,c:\Users\amrem\Documents\Engineering Year 4\Machine Learning\Project\Vehicle-Classification\data\inbox\archive (2)\test\e4cbdeb3466f788bfa92e59ced37132b.jpg,label,2,1,class_02_passenger_car,c:\Users\amrem\Documents\Engineering Year 4\Machine Learning\Project\Vehicle-Classification\data\raw\class_02_passenger_car\e4cbdeb3466f788bfa92e59ced37132b.jpg
20251231_220245,2025-12-31T23:07:37,c:\Users\amrem\Documents\Engineering Year 4\Machine Learning\Project\Vehicle-Classification\data\inbox\archive (2)\test\e4d643544391d8c00db061075616e1b9.jpg,label,2,1,class_02_passenger_car,c:\Users\amrem\Documents\Engineering Year 4\Machine Learning\Project\Vehicle-Classification\data\raw\class_02_passenger_car\e4d643544391d8c00db061075616e1b9.jpg
20251231_220245,2025-12-31T23:08:19,c:\Users\amrem\Documents\Engineering Year 4\Machine Learning\Project\Vehicle-Classification\data\inbox\archive (2)\test\e683235e75b9e27ccf269006c21684e3.jpg,label,12,11,class_12_six_axle_multi_trailer,c:\Users\amrem\Documents\Engineering Year 4\Machine Learning\Project\Vehicle-Classification\data\raw\class_12_six_axle_multi_trailer\e683235e75b9e27ccf269006c21684e3.jpg
20251231_220245,2025-12-31T23:08:20,c:\Users\amrem\Documents\Engineering Year 4\Machine Learning\Project\Vehicle-Classification\data\inbox\archive (2)\test\e7299b9187f09e190127873fb0725e1c.jpg,label,2,1,class_02_passenger_car,c:\Users\amrem\Documents\Engineering Year 4\Machine Learning\Project\Vehicle-Classification\data\raw\class_02_passenger_car\e7299b9187f09e190127873fb0725e1c.jpg
20251231_220245,2025-12-31T23:08:21,c:\Users\amrem\Documents\Engineering Year 4\Machine Learning\Project\Vehicle-Classification\data\inbox\archive (2)\test\e8d28df25bb2b713af60360bd29e1ab4.jpg,label,2,1,class_02_passenger_car,c:\Users\amrem\Documents\Engineering Year 4\Machine Learning\Project\Vehicle-Classification\data\raw\class_02_passenger_car\e8d28df25bb2b713af60360bd29e1ab4.jpg
20251231_220245,2025-12-31T23:08:23,c:\Users\amrem\Documents\Engineering Year 4\Machine Learning\Project\Vehicle-Classification\data\inbox\archive (2)\test\e9b0e006ca363a398d8f3b26c974d24a.jpg,label,5,4,class_05_two_axle_six_tire_single_unit,c:\Users\amrem\Documents\Engineering Year 4\Machine Learning\Project\Vehicle-Classification\data\raw\class_05_two_axle_six_tire_single_unit\e9b0e006ca363a398d8f3b26c974d24a.jpg
20251231_220245,2025-12-31T23:08:25,c:\Users\amrem\Documents\Engineering Year 4\Machine Learning\Project\Vehicle-Classification\data\inbox\archive (2)\test\eafaa5fd38df370046f8b185488e7fa5.jpg,label,4,3,class_04_bus,c:\Users\amrem\Documents\Engineering Year 4\Machine Learning\Project\Vehicle-Classification\data\raw\class_04_bus\eafaa5fd38df370046f8b185488e7fa5.jpg
20251231_220245,2025-12-31T23:08:27,c:\Users\amrem\Documents\Engineering Year 4\Machine Learning\Project\Vehicle-Classification\data\inbox\archive (2)\test\eb3e8701367c730dbdd6dc9298ebea61.jpg,label,2,1,class_02_passenger_car,c:\Users\amrem\Documents\Engineering Year 4\Machine Learning\Project\Vehicle-Classification\data\raw\class_02_passenger_car\eb3e8701367c730dbdd6dc9298ebea61.jpg
20251231_220245,2025-12-31T23:08:29,c:\Users\amrem\Documents\Engineering Year 4\Machine Learning\Project\Vehicle-Classification\data\inbox\archive (2)\test\ebd1939d557a824d89e1017780d5a69c.jpg,label,6,5,class_06_three_axle_single_unit,c:\Users\amrem\Documents\Engineering Year 4\Machine Learning\Project\Vehicle-Classification\data\raw\class_06_three_axle_single_unit\ebd1939d557a824d89e1017780d5a69c.jpg
20251231_220245,2025-12-31T23:08:31,c:\Users\amrem\Documents\Engineering Year 4\Machine Learning\Project\Vehicle-Classification\data\inbox\archive (2)\test\eeafa2dc92d9548501c2bf1f4ef781ff.jpg,label,2,1,class_02_passenger_car,c:\Users\amrem\Documents\Engineering Year 4\Machine Learning\Project\Vehicle-Classification\data\raw\class_02_passenger_car\eeafa2dc92d9548501c2bf1f4ef781ff.jpg
20251231_220245,2025-12-31T23:08:33,c:\Users\amrem\Documents\Engineering Year 4\Machine Learning\Project\Vehicle-Classification\data\inbox\archive (2)\test\ef65f3c695a4860d03d29b9359f0ed05.jpg,label,2,1,class_02_passenger_car,c:\Users\amrem\Documents\Engineering Year 4\Machine Learning\Project\Vehicle-Classification\data\raw\class_02_passenger_car\ef65f3c695a4860d03d29b9359f0ed05.jpg
20251231_220245,2025-12-31T23:08:36,c:\Users\amrem\Documents\Engineering Year 4\Machine Learning\Project\Vehicle-Classification\data\inbox\archive (2)\test\f0a70d450423aa8c88d87a0a0c9c1acf.jpg,label,2,1,class_02_passenger_car,c:\Users\amrem\Documents\Engineering Year 4\Machine Learning\Project\Vehicle-Classification\data\raw\class_02_passenger_car\f0a70d450423aa8c88d87a0a0c9c1acf.jpg
20251231_220245,2025-12-31T23:08:37,c:\Users\amrem\Documents\Engineering Year 4\Machine Learning\Project\Vehicle-Classification\data\inbox\archive (2)\test\f10970a8037b7abdc2567d77ca30b14a.jpg,label,2,1,class_02_passenger_car,c:\Users\amrem\Documents\Engineering Year 4\Machine Learning\Project\Vehicle-Classification\data\raw\class_02_passenger_car\f10970a8037b7abdc2567d77ca30b14a.jpg
20251231_220245,2025-12-31T23:08:39,c:\Users\amrem\Documents\Engineering Year 4\Machine Learning\Project\Vehicle-Classification\data\inbox\archive (2)\test\f2cd6c805f084ce28812a62a0a582e7a.jpg,label,2,1,class_02_passenger_car,c:\Users\amrem\Documents\Engineering Year 4\Machine Learning\Project\Vehicle-Classification\data\raw\class_02_passenger_car\f2cd6c805f084ce28812a62a0a582e7a.jpg
20251231_220245,2025-12-31T23:08:41,c:\Users\amrem\Documents\Engineering Year 4\Machine Learning\Project\Vehicle-Classification\data\inbox\archive (2)\test\f400677842675240319e69bc2e5998eb.jpg,label,5,4,class_05_two_axle_six_tire_single_unit,c:\Users\amrem\Documents\Engineering Year 4\Machine Learning\Project\Vehicle-Classification\data\raw\class_05_two_axle_six_tire_single_unit\f400677842675240319e69bc2e5998eb.jpg
20251231_220245,2025-12-31T23:08:42,c:\Users\amrem\Documents\Engineering Year 4\Machine Learning\Project\Vehicle-Classification\data\inbox\archive (2)\test\f4f7ec6332cab9c706e12fa8aaed4a6c.jpg,label,2,1,class_02_passenger_car,c:\Users\amrem\Documents\Engineering Year 4\Machine Learning\Project\Vehicle-Classification\data\raw\class_02_passenger_car\f4f7ec6332cab9c706e12fa8aaed4a6c.jpg
20251231_220245,2025-12-31T23:08:44,c:\Users\amrem\Documents\Engineering Year 4\Machine Learning\Project\Vehicle-Classification\data\inbox\archive (2)\test\f550965cf9cc6f07184923a32d728e94.jpg,label,2,1,class_02_passenger_car,c:\Users\amrem\Documents\Engineering Year 4\Machine Learning\Project\Vehicle-Classification\data\raw\class_02_passenger_car\f550965cf9cc6f07184923a32d728e94.jpg
20251231_220245,2025-12-31T23:08:46,c:\Users\amrem\Documents\Engineering Year 4\Machine Learning\Project\Vehicle-Classification\data\inbox\archive (2)\test\f55500934c8cc648bc9ae7b39cecf6bc.jpg,label,6,5,class_06_three_axle_single_unit,c:\Users\amrem\Documents\Engineering Year 4\Machine Learning\Project\Vehicle-Classification\data\raw\class_06_three_axle_single_unit\f55500934c8cc648bc9ae7b39cecf6bc.jpg
20251231_220245,2025-12-31T23:08:47,c:\Users\amrem\Documents\Engineering Year 4\Machine Learning\Project\Vehicle-Classification\data\inbox\archive (2)\test\f569b1a23f84ff157dafe6f8f73c8737.jpg,label,2,1,class_02_passenger_car,c:\Users\amrem\Documents\Engineering Year 4\Machine Learning\Project\Vehicle-Classification\data\raw\class_02_passenger_car\f569b1a23f84ff157dafe6f8f73c8737.jpg
20251231_220245,2025-12-31T23:08:49,c:\Users\amrem\Documents\Engineering Year 4\Machine Learning\Project\Vehicle-Classification\data\inbox\archive (2)\test\f64227947027b043f80c6b200b0b4523.jpg,label,2,1,class_02_passenger_car,c:\Users\amrem\Documents\Engineering Year 4\Machine Learning\Project\Vehicle-Classification\data\raw\class_02_passenger_car\f64227947027b043f80c6b200b0b4523.jpg
20251231_220245,2025-12-31T23:08:50,c:\Users\amrem\Documents\Engineering Year 4\Machine Learning\Project\Vehicle-Classification\data\inbox\archive (2)\test\f81a39ee4b311be9eb5aac2ba1cbaffd.jpg,label,4,3,class_04_bus,c:\Users\amrem\Documents\Engineering Year 4\Machine Learning\Project\Vehicle-Classification\data\raw\class_04_bus\f81a39ee4b311be9eb5aac2ba1cbaffd.jpg
20251231_220245,2025-12-31T23:08:54,c:\Users\amrem\Documents\Engineering Year 4\Machine Learning\Project\Vehicle-Classification\data\inbox\archive (2)\test\f9d5513079dfa5dd43c3c996aeebd88b.jpg,label,7,6,class_07_four_or_more_axle_single_unit,c:\Users\amrem\Documents\Engineering Year 4\Machine Learning\Project\Vehicle-Classification\data\raw\class_07_four_or_more_axle_single_unit\f9d5513079dfa5dd43c3c996aeebd88b.jpg
20251231_220245,2025-12-31T23:08:56,c:\Users\amrem\Documents\Engineering Year 4\Machine Learning\Project\Vehicle-Classification\data\inbox\archive (2)\test\f9f863d9216a8ea3dfd22dc9775f31ff.jpg,label,2,1,class_02_passenger_car,c:\Users\amrem\Documents\Engineering Year 4\Machine Learning\Project\Vehicle-Classification\data\raw\class_02_passenger_car\f9f863d9216a8ea3dfd22dc9775f31ff.jpg
20251231_220245,2025-12-31T23:08:56,c:\Users\amrem\Documents\Engineering Year 4\Machine Learning\Project\Vehicle-Classification\data\inbox\archive (2)\test\fa218c0050ba94160ec0873ec80c4807.jpg,label,2,1,class_02_passenger_car,c:\Users\amrem\Documents\Engineering Year 4\Machine Learning\Project\Vehicle-Classification\data\raw\class_02_passenger_car\fa218c0050ba94160ec0873ec80c4807.jpg
20251231_220245,2025-12-31T23:08:58,c:\Users\amrem\Documents\Engineering Year 4\Machine Learning\Project\Vehicle-Classification\data\inbox\archive (2)\test\fb1e25b446c8174cc443c366a1d0e38b.jpg,label,4,3,class_04_bus,c:\Users\amrem\Documents\Engineering Year 4\Machine Learning\Project\Vehicle-Classification\data\raw\class_04_bus\fb1e25b446c8174cc443c366a1d0e38b.jpg
20251231_220245,2025-12-31T23:09:00,c:\Users\amrem\Documents\Engineering Year 4\Machine Learning\Project\Vehicle-Classification\data\inbox\archive (2)\test\fd10326c4302dd9d722a6a247ad22afd.jpg,label,2,1,class_02_passenger_car,c:\Users\amrem\Documents\Engineering Year 4\Machine Learning\Project\Vehicle-Classification\data\raw\class_02_passenger_car\fd10326c4302dd9d722a6a247ad22afd.jpg
20251231_220245,2025-12-31T23:09:01,c:\Users\amrem\Documents\Engineering Year 4\Machine Learning\Project\Vehicle-Classification\data\inbox\archive (2)\test\fe6ba3df4ec47d2107d4aed4844d0ca9.jpg,label,2,1,class_02_passenger_car,c:\Users\amrem\Documents\Engineering Year 4\Machine Learning\Project\Vehicle-Classification\data\raw\class_02_passenger_car\fe6ba3df4ec47d2107d4aed4844d0ca9.jpg
20251231_220245,2025-12-31T23:09:02,c:\Users\amrem\Documents\Engineering Year 4\Machine Learning\Project\Vehicle-Classification\data\inbox\archive (2)\test\ff1778ed14e5ac5be5217d410841750d.jpg,label,2,1,class_02_passenger_car,c:\Users\amrem\Documents\Engineering Year 4\Machine Learning\Project\Vehicle-Classification\data\raw\class_02_passenger_car\ff1778ed14e5ac5be5217d410841750d.jpg
20251231_220245,2025-12-31T23:09:03,c:\Users\amrem\Documents\Engineering Year 4\Machine Learning\Project\Vehicle-Classification\data\inbox\archive (2)\test\ff9974e9177a989100fae4b8c505cad5.jpg,label,4,3,class_04_bus,c:\Users\amrem\Documents\Engineering Year 4\Machine Learning\Project\Vehicle-Classification\data\raw\class_04_bus\ff9974e9177a989100fae4b8c505cad5.jpg
20251231_220245,2025-12-31T23:09:04,c:\Users\amrem\Documents\Engineering Year 4\Machine Learning\Project\Vehicle-Classification\data\inbox\archive (2)\test\ffe56e1e84047ba47c423fc9937924c1.jpg,label,2,1,class_02_passenger_car,c:\Users\amrem\Documents\Engineering Year 4\Machine Learning\Project\Vehicle-Classification\data\raw\class_02_passenger_car\ffe56e1e84047ba47c423fc9937924c1.jpg
20251231_220245,2025-12-31T23:09:07,c:\Users\amrem\Documents\Engineering Year 4\Machine Learning\Project\Vehicle-Classification\data\inbox\archive (2)\train\bus\024017bda63bf980f932736ced0daa17.jpg,label,4,3,class_04_bus,c:\Users\amrem\Documents\Engineering Year 4\Machine Learning\Project\Vehicle-Classification\data\raw\class_04_bus\024017bda63bf980f932736ced0daa17.jpg
20251231_220245,2025-12-31T23:09:12,c:\Users\amrem\Documents\Engineering Year 4\Machine Learning\Project\Vehicle-Classification\data\inbox\archive (2)\train\bus\02c121b8a6120161d090d9d38fea7dd5.jpg,reject,,,reject,c:\Users\amrem\Documents\Engineering Year 4\Machine Learning\Project\Vehicle-Classification\data\raw\reject\02c121b8a6120161d090d9d38fea7dd5.jpg
20251231_220245,2025-12-31T23:09:14,c:\Users\amrem\Documents\Engineering Year 4\Machine Learning\Project\Vehicle-Classification\data\inbox\archive (2)\train\bus\04206de57edaf19ac25678351bfd62fc.jpg,label,4,3,class_04_bus,c:\Users\amrem\Documents\Engineering Year 4\Machine Learning\Project\Vehicle-Classification\data\raw\class_04_bus\04206de57edaf19ac25678351bfd62fc.jpg
20251231_220245,2025-12-31T23:09:15,c:\Users\amrem\Documents\Engineering Year 4\Machine Learning\Project\Vehicle-Classification\data\inbox\archive (2)\train\bus\0679e38b7bfba2a1f41fe9cfe86ab8b0.jpg,label,4,3,class_04_bus,c:\Users\amrem\Documents\Engineering Year 4\Machine Learning\Project\Vehicle-Classification\data\raw\class_04_bus\0679e38b7bfba2a1f41fe9cfe86ab8b0.jpg
20251231_220245,2025-12-31T23:09:16,c:\Users\amrem\Documents\Engineering Year 4\Machine Learning\Project\Vehicle-Classification\data\inbox\archive (2)\train\bus\095f5dbc4905f28b6d542a67bd28aefd.jpg,label,4,3,class_04_bus,c:\Users\amrem\Documents\Engineering Year 4\Machine Learning\Project\Vehicle-Classification\data\raw\class_04_bus\095f5dbc4905f28b6d542a67bd28aefd.jpg
20251231_220245,2025-12-31T23:09:17,c:\Users\amrem\Documents\Engineering Year 4\Machine Learning\Project\Vehicle-Classification\data\inbox\archive (2)\train\bus\0aa8c6bece0ab6ceda43e920634e4fa2.jpg,label,4,3,class_04_bus,c:\Users\amrem\Documents\Engineering Year 4\Machine Learning\Project\Vehicle-Classification\data\raw\class_04_bus\0aa8c6bece0ab6ceda43e920634e4fa2.jpg
20251231_220245,2025-12-31T23:09:19,c:\Users\amrem\Documents\Engineering Year 4\Machine Learning\Project\Vehicle-Classification\data\inbox\archive (2)\train\bus\116effe3913beddfbff4f829b4191166.jpg,label,4,3,class_04_bus,c:\Users\amrem\Documents\Engineering Year 4\Machine Learning\Project\Vehicle-Classification\data\raw\class_04_bus\116effe3913beddfbff4f829b4191166.jpg
20251231_220245,2025-12-31T23:09:20,c:\Users\amrem\Documents\Engineering Year 4\Machine Learning\Project\Vehicle-Classification\data\inbox\archive (2)\train\bus\11e27339db15e2260e273f1d3e56b8f7.jpg,label,4,3,class_04_bus,c:\Users\amrem\Documents\Engineering Year 4\Machine Learning\Project\Vehicle-Classification\data\raw\class_04_bus\11e27339db15e2260e273f1d3e56b8f7.jpg
20251231_220245,2025-12-31T23:09:21,c:\Users\amrem\Documents\Engineering Year 4\Machine Learning\Project\Vehicle-Classification\data\inbox\archive (2)\train\bus\121dde254168b8e1d9d804c5d2861d71.jpg,label,4,3,class_04_bus,c:\Users\amrem\Documents\Engineering Year 4\Machine Learning\Project\Vehicle-Classification\data\raw\class_04_bus\121dde254168b8e1d9d804c5d2861d71.jpg
20251231_220245,2025-12-31T23:09:22,c:\Users\amrem\Documents\Engineering Year 4\Machine Learning\Project\Vehicle-Classification\data\inbox\archive (2)\train\bus\1253cf32a4e9c42798cdd746a8ab19e6.jpg,label,4,3,class_04_bus,c:\Users\amrem\Documents\Engineering Year 4\Machine Learning\Project\Vehicle-Classification\data\raw\class_04_bus\1253cf32a4e9c42798cdd746a8ab19e6.jpg
20251231_220245,2025-12-31T23:09:23,c:\Users\amrem\Documents\Engineering Year 4\Machine Learning\Project\Vehicle-Classification\data\inbox\archive (2)\train\bus\12c13bf9a43d5145c945a057383210ff.jpg,label,4,3,class_04_bus,c:\Users\amrem\Documents\Engineering Year 4\Machine Learning\Project\Vehicle-Classification\data\raw\class_04_bus\12c13bf9a43d5145c945a057383210ff.jpg
20251231_220245,2025-12-31T23:09:24,c:\Users\amrem\Documents\Engineering Year 4\Machine Learning\Project\Vehicle-Classification\data\inbox\archive (2)\train\bus\13f035d20d8dd4ab98117390da06d375.jpg,label,4,3,class_04_bus,c:\Users\amrem\Documents\Engineering Year 4\Machine Learning\Project\Vehicle-Classification\data\raw\class_04_bus\13f035d20d8dd4ab98117390da06d375.jpg
20251231_220245,2025-12-31T23:09:24,c:\Users\amrem\Documents\Engineering Year 4\Machine Learning\Project\Vehicle-Classification\data\inbox\archive (2)\train\bus\14b3154f8d54a097465b27977577e1c1.jpg,label,4,3,class_04_bus,c:\Users\amrem\Documents\Engineering Year 4\Machine Learning\Project\Vehicle-Classification\data\raw\class_04_bus\14b3154f8d54a097465b27977577e1c1.jpg
20251231_220245,2025-12-31T23:09:25,c:\Users\amrem\Documents\Engineering Year 4\Machine Learning\Project\Vehicle-Classification\data\inbox\archive (2)\train\bus\15398ccf6d05b0cf3ff354428eefcfe3.jpg,label,4,3,class_04_bus,c:\Users\amrem\Documents\Engineering Year 4\Machine Learning\Project\Vehicle-Classification\data\raw\class_04_bus\15398ccf6d05b0cf3ff354428eefcfe3.jpg
20251231_220245,2025-12-31T23:09:26,c:\Users\amrem\Documents\Engineering Year 4\Machine Learning\Project\Vehicle-Classification\data\inbox\archive (2)\train\bus\15c883eb6fab9b68f105140e59a65c64.jpg,label,4,3,class_04_bus,c:\Users\amrem\Documents\Engineering Year 4\Machine Learning\Project\Vehicle-Classification\data\raw\class_04_bus\15c883eb6fab9b68f105140e59a65c64.jpg
20251231_220245,2025-12-31T23:09:27,c:\Users\amrem\Documents\Engineering Year 4\Machine Learning\Project\Vehicle-Classification\data\inbox\archive (2)\train\bus\164d97fbc309317091a38a1c6269122d.jpg,label,4,3,class_04_bus,c:\Users\amrem\Documents\Engineering Year 4\Machine Learning\Project\Vehicle-Classification\data\raw\class_04_bus\164d97fbc309317091a38a1c6269122d.jpg
20251231_220245,2025-12-31T23:09:28,c:\Users\amrem\Documents\Engineering Year 4\Machine Learning\Project\Vehicle-Classification\data\inbox\archive (2)\train\bus\19cddf85fe12507405ab6df4b521fd8c.jpg,label,4,3,class_04_bus,c:\Users\amrem\Documents\Engineering Year 4\Machine Learning\Project\Vehicle-Classification\data\raw\class_04_bus\19cddf85fe12507405ab6df4b521fd8c.jpg
20251231_220245,2025-12-31T23:09:29,c:\Users\amrem\Documents\Engineering Year 4\Machine Learning\Project\Vehicle-Classification\data\inbox\archive (2)\train\bus\1a4b6dac4266b1d93e3d569ea11ceb05.jpg,label,4,3,class_04_bus,c:\Users\amrem\Documents\Engineering Year 4\Machine Learning\Project\Vehicle-Classification\data\raw\class_04_bus\1a4b6dac4266b1d93e3d569ea11ceb05.jpg
20251231_220245,2025-12-31T23:09:29,c:\Users\amrem\Documents\Engineering Year 4\Machine Learning\Project\Vehicle-Classification\data\inbox\archive (2)\train\bus\1aa31d25a8004b34697f6e7a195fc53b.jpg,label,4,3,class_04_bus,c:\Users\amrem\Documents\Engineering Year 4\Machine Learning\Project\Vehicle-Classification\data\raw\class_04_bus\1aa31d25a8004b34697f6e7a195fc53b.jpg
20251231_220245,2025-12-31T23:09:30,c:\Users\amrem\Documents\Engineering Year 4\Machine Learning\Project\Vehicle-Classification\data\inbox\archive (2)\train\bus\1d387a8481440443b6d2dc1705919877.jpg,label,4,3,class_04_bus,c:\Users\amrem\Documents\Engineering Year 4\Machine Learning\Project\Vehicle-Classification\data\raw\class_04_bus\1d387a8481440443b6d2dc1705919877.jpg
20251231_220245,2025-12-31T23:09:31,c:\Users\amrem\Documents\Engineering Year 4\Machine Learning\Project\Vehicle-Classification\data\inbox\archive (2)\train\bus\20eca2a9ca16c55dc378bc293083afc3.jpg,label,4,3,class_04_bus,c:\Users\amrem\Documents\Engineering Year 4\Machine Learning\Project\Vehicle-Classification\data\raw\class_04_bus\20eca2a9ca16c55dc378bc293083afc3.jpg
20251231_220245,2025-12-31T23:09:33,c:\Users\amrem\Documents\Engineering Year 4\Machine Learning\Project\Vehicle-Classification\data\inbox\archive (2)\train\bus\225c334d4a5bc4d98dce568085f88bdf.jpg,label,4,3,class_04_bus,c:\Users\amrem\Documents\Engineering Year 4\Machine Learning\Project\Vehicle-Classification\data\raw\class_04_bus\225c334d4a5bc4d98dce568085f88bdf.jpg
20251231_220245,2025-12-31T23:09:34,c:\Users\amrem\Documents\Engineering Year 4\Machine Learning\Project\Vehicle-Classification\data\inbox\archive (2)\train\bus\235ec97af88906dcaf161e4a32fa9149.jpg,label,4,3,class_04_bus,c:\Users\amrem\Documents\Engineering Year 4\Machine Learning\Project\Vehicle-Classification\data\raw\class_04_bus\235ec97af88906dcaf161e4a32fa9149.jpg
20251231_220245,2025-12-31T23:09:35,c:\Users\amrem\Documents\Engineering Year 4\Machine Learning\Project\Vehicle-Classification\data\inbox\archive (2)\train\bus\280f6fe8cacde80fc025383b01785932.jpg,label,4,3,class_04_bus,c:\Users\amrem\Documents\Engineering Year 4\Machine Learning\Project\Vehicle-Classification\data\raw\class_04_bus\280f6fe8cacde80fc025383b01785932.jpg
20251231_220245,2025-12-31T23:09:37,c:\Users\amrem\Documents\Engineering Year 4\Machine Learning\Project\Vehicle-Classification\data\inbox\archive (2)\train\bus\2a983bca836647d2e97a7df32475f6bb.jpg,label,4,3,class_04_bus,c:\Users\amrem\Documents\Engineering Year 4\Machine Learning\Project\Vehicle-Classification\data\raw\class_04_bus\2a983bca836647d2e97a7df32475f6bb.jpg
20251231_220245,2025-12-31T23:09:39,c:\Users\amrem\Documents\Engineering Year 4\Machine Learning\Project\Vehicle-Classification\data\inbox\archive (2)\train\bus\2ef7ccd26e9497fe804a0bb6403ebaa6.jpg,label,4,3,class_04_bus,c:\Users\amrem\Documents\Engineering Year 4\Machine Learning\Project\Vehicle-Classification\data\raw\class_04_bus\2ef7ccd26e9497fe804a0bb6403ebaa6.jpg
20251231_220245,2025-12-31T23:09:39,c:\Users\amrem\Documents\Engineering Year 4\Machine Learning\Project\Vehicle-Classification\data\inbox\archive (2)\train\bus\2fb9d82b1564b12f857c6c2f061c101a.jpg,label,4,3,class_04_bus,c:\Users\amrem\Documents\Engineering Year 4\Machine Learning\Project\Vehicle-Classification\data\raw\class_04_bus\2fb9d82b1564b12f857c6c2f061c101a.jpg
20251231_220245,2025-12-31T23:10:12,c:\Users\amrem\Documents\Engineering Year 4\Machine Learning\Project\Vehicle-Classification\data\inbox\archive (2)\train\bus\335e625e9ac9d80ea19f3baa720c5af8.jpg,label,4,3,class_04_bus,c:\Users\amrem\Documents\Engineering Year 4\Machine Learning\Project\Vehicle-Classification\data\raw\class_04_bus\335e625e9ac9d80ea19f3baa720c5af8.jpg
20251231_220245,2025-12-31T23:10:14,c:\Users\amrem\Documents\Engineering Year 4\Machine Learning\Project\Vehicle-Classification\data\inbox\archive (2)\train\bus\39d0cee99a5c187fe6099d510e3bfddd.jpg,label,4,3,class_04_bus,c:\Users\amrem\Documents\Engineering Year 4\Machine Learning\Project\Vehicle-Classification\data\raw\class_04_bus\39d0cee99a5c187fe6099d510e3bfddd.jpg
20251231_220245,2025-12-31T23:10:15,c:\Users\amrem\Documents\Engineering Year 4\Machine Learning\Project\Vehicle-Classification\data\inbox\archive (2)\train\bus\3b83df7a016154ef74d5c7faf7b93a7b.jpg,label,4,3,class_04_bus,c:\Users\amrem\Documents\Engineering Year 4\Machine Learning\Project\Vehicle-Classification\data\raw\class_04_bus\3b83df7a016154ef74d5c7faf7b93a7b.jpg
20251231_220245,2025-12-31T23:10:16,c:\Users\amrem\Documents\Engineering Year 4\Machine Learning\Project\Vehicle-Classification\data\inbox\archive (2)\train\bus\3baa40f19358ffd68c93b60579553a7b.jpg,label,4,3,class_04_bus,c:\Users\amrem\Documents\Engineering Year 4\Machine Learning\Project\Vehicle-Classification\data\raw\class_04_bus\3baa40f19358ffd68c93b60579553a7b.jpg
20251231_220245,2025-12-31T23:10:17,c:\Users\amrem\Documents\Engineering Year 4\Machine Learning\Project\Vehicle-Classification\data\inbox\archive (2)\train\bus\3cc52ec746d1fbb50388435cb75d2929.jpg,label,4,3,class_04_bus,c:\Users\amrem\Documents\Engineering Year 4\Machine Learning\Project\Vehicle-Classification\data\raw\class_04_bus\3cc52ec746d1fbb50388435cb75d2929.jpg
20251231_220245,2025-12-31T23:10:22,c:\Users\amrem\Documents\Engineering Year 4\Machine Learning\Project\Vehicle-Classification\data\inbox\archive (2)\train\bus\3d5acb19295f66bb5263180707704912.jpg,label,4,3,class_04_bus,c:\Users\amrem\Documents\Engineering Year 4\Machine Learning\Project\Vehicle-Classification\data\raw\class_04_bus\3d5acb19295f66bb5263180707704912.jpg
20251231_231103,2025-12-31T23:11:07,c:\Users\amrem\Documents\Engineering Year 4\Machine Learning\Project\Vehicle-Classification\data\inbox\archive (2)\train\bus\4ae7e81712559bfb314e080fd5d317fc.jpg,label,4,3,class_04_bus,c:\Users\amrem\Documents\Engineering Year 4\Machine Learning\Project\Vehicle-Classification\data\raw\class_04_bus\4ae7e81712559bfb314e080fd5d317fc.jpg
20251231_231103,2025-12-31T23:11:08,c:\Users\amrem\Documents\Engineering Year 4\Machine Learning\Project\Vehicle-Classification\data\inbox\archive (2)\train\bus\4b9490b11b616cfce62720539f738402.jpg,label,4,3,class_04_bus,c:\Users\amrem\Documents\Engineering Year 4\Machine Learning\Project\Vehicle-Classification\data\raw\class_04_bus\4b9490b11b616cfce62720539f738402.jpg
20251231_231103,2025-12-31T23:11:09,c:\Users\amrem\Documents\Engineering Year 4\Machine Learning\Project\Vehicle-Classification\data\inbox\archive (2)\train\bus\4e6ddd162d8c0d5cd917c647f77d4639.jpg,label,4,3,class_04_bus,c:\Users\amrem\Documents\Engineering Year 4\Machine Learning\Project\Vehicle-Classification\data\raw\class_04_bus\4e6ddd162d8c0d5cd917c647f77d4639.jpg
20251231_231103,2025-12-31T23:11:10,c:\Users\amrem\Documents\Engineering Year 4\Machine Learning\Project\Vehicle-Classification\data\inbox\archive (2)\train\bus\6f27a3083ab6b7b89443adfcbd2cacfc.jpg,label,4,3,class_04_bus,c:\Users\amrem\Documents\Engineering Year 4\Machine Learning\Project\Vehicle-Classification\data\raw\class_04_bus\6f27a3083ab6b7b89443adfcbd2cacfc.jpg
20251231_231103,2025-12-31T23:11:12,c:\Users\amrem\Documents\Engineering Year 4\Machine Learning\Project\Vehicle-Classification\data\inbox\archive (2)\train\bus\7b5618d82d2f71c86ca04993a3a9375f.jpg,label,4,3,class_04_bus,c:\Users\amrem\Documents\Engineering Year 4\Machine Learning\Project\Vehicle-Classification\data\raw\class_04_bus\7b5618d82d2f71c86ca04993a3a9375f.jpg
20251231_231103,2025-12-31T23:11:14,c:\Users\amrem\Documents\Engineering Year 4\Machine Learning\Project\Vehicle-Classification\data\inbox\archive (2)\train\bus\7b5cec32801bb06fa46f5996f0097547.jpg,label,4,3,class_04_bus,c:\Users\amrem\Documents\Engineering Year 4\Machine Learning\Project\Vehicle-Classification\data\raw\class_04_bus\7b5cec32801bb06fa46f5996f0097547.jpg
20251231_231156,2025-12-31T23:11:59,c:\Users\amrem\Documents\Engineering Year 4\Machine Learning\Project\Vehicle-Classification\data\inbox\archive (2)\train\family sedan\0b009c2bcc5c55389e0f25ff85a265e1.jpg,label,2,1,class_02_passenger_car,c:\Users\amrem\Documents\Engineering Year 4\Machine Learning\Project\Vehicle-Classification\data\raw\class_02_passenger_car\0b009c2bcc5c55389e0f25ff85a265e1.jpg
20251231_231156,2025-12-31T23:12:00,c:\Users\amrem\Documents\Engineering Year 4\Machine Learning\Project\Vehicle-Classification\data\inbox\archive (2)\train\family sedan\0bf264e3b7692c4569185a2ce3e1b4bd.jpg,label,2,1,class_02_passenger_car,c:\Users\amrem\Documents\Engineering Year 4\Machine Learning\Project\Vehicle-Classification\data\raw\class_02_passenger_car\0bf264e3b7692c4569185a2ce3e1b4bd.jpg
20251231_231156,2025-12-31T23:12:01,c:\Users\amrem\Documents\Engineering Year 4\Machine Learning\Project\Vehicle-Classification\data\inbox\archive (2)\train\family sedan\0c1683cf4a66b6f4bc63bb3190f91283.jpg,label,2,1,class_02_passenger_car,c:\Users\amrem\Documents\Engineering Year 4\Machine Learning\Project\Vehicle-Classification\data\raw\class_02_passenger_car\0c1683cf4a66b6f4bc63bb3190f91283.jpg
20251231_231156,2025-12-31T23:12:04,c:\Users\amrem\Documents\Engineering Year 4\Machine Learning\Project\Vehicle-Classification\data\inbox\archive (2)\train\family sedan\0e19a8478c2baf0a988d92de2d502ba4.jpg,label,2,1,class_02_passenger_car,c:\Users\amrem\Documents\Engineering Year 4\Machine Learning\Project\Vehicle-Classification\data\raw\class_02_passenger_car\0e19a8478c2baf0a988d92de2d502ba4.jpg
20251231_231156,2025-12-31T23:12:06,c:\Users\amrem\Documents\Engineering Year 4\Machine Learning\Project\Vehicle-Classification\data\inbox\archive (2)\train\family sedan\0e6ead236b866e1133972826ce1ef522.jpg,label,2,1,class_02_passenger_car,c:\Users\amrem\Documents\Engineering Year 4\Machine Learning\Project\Vehicle-Classification\data\raw\class_02_passenger_car\0e6ead236b866e1133972826ce1ef522.jpg
20251231_231156,2025-12-31T23:12:07,c:\Users\amrem\Documents\Engineering Year 4\Machine Learning\Project\Vehicle-Classification\data\inbox\archive (2)\train\family sedan\1d80a7cae9e82e6b52ad7d05a94070a0.jpg,label,2,1,class_02_passenger_car,c:\Users\amrem\Documents\Engineering Year 4\Machine Learning\Project\Vehicle-Classification\data\raw\class_02_passenger_car\1d80a7cae9e82e6b52ad7d05a94070a0.jpg
20251231_231156,2025-12-31T23:12:10,c:\Users\amrem\Documents\Engineering Year 4\Machine Learning\Project\Vehicle-Classification\data\inbox\archive (2)\train\family sedan\1d93e80a5eeab0d38ea78252932d04fa.jpg,label,2,1,class_02_passenger_car,c:\Users\amrem\Documents\Engineering Year 4\Machine Learning\Project\Vehicle-Classification\data\raw\class_02_passenger_car\1d93e80a5eeab0d38ea78252932d04fa.jpg
20251231_231156,2025-12-31T23:12:11,c:\Users\amrem\Documents\Engineering Year 4\Machine Learning\Project\Vehicle-Classification\data\inbox\archive (2)\train\family sedan\2a0bfb9ee698dda1d3015b2044e0c8fc.jpg,label,2,1,class_02_passenger_car,c:\Users\amrem\Documents\Engineering Year 4\Machine Learning\Project\Vehicle-Classification\data\raw\class_02_passenger_car\2a0bfb9ee698dda1d3015b2044e0c8fc.jpg
20251231_231156,2025-12-31T23:12:12,c:\Users\amrem\Documents\Engineering Year 4\Machine Learning\Project\Vehicle-Classification\data\inbox\archive (2)\train\family sedan\2ae7f38947aeb96b0e456ccd80408ae4.jpg,label,2,1,class_02_passenger_car,c:\Users\amrem\Documents\Engineering Year 4\Machine Learning\Project\Vehicle-Classification\data\raw\class_02_passenger_car\2ae7f38947aeb96b0e456ccd80408ae4.jpg
20251231_231156,2025-12-31T23:12:12,c:\Users\amrem\Documents\Engineering Year 4\Machine Learning\Project\Vehicle-Classification\data\inbox\archive (2)\train\family sedan\2dde01719209f50e80dd0e53c59c58c8.jpg,label,2,1,class_02_passenger_car,c:\Users\amrem\Documents\Engineering Year 4\Machine Learning\Project\Vehicle-Classification\data\raw\class_02_passenger_car\2dde01719209f50e80dd0e53c59c58c8.jpg
20251231_231156,2025-12-31T23:12:13,c:\Users\amrem\Documents\Engineering Year 4\Machine Learning\Project\Vehicle-Classification\data\inbox\archive (2)\train\family sedan\2e7318b8afc8825bcc911ea4ef56cad9.jpg,label,2,1,class_02_passenger_car,c:\Users\amrem\Documents\Engineering Year 4\Machine Learning\Project\Vehicle-Classification\data\raw\class_02_passenger_car\2e7318b8afc8825bcc911ea4ef56cad9.jpg
20251231_231156,2025-12-31T23:12:14,c:\Users\amrem\Documents\Engineering Year 4\Machine Learning\Project\Vehicle-Classification\data\inbox\archive (2)\train\family sedan\3a8c40e51bd9624043e21d086bb319d0.jpg,label,2,1,class_02_passenger_car,c:\Users\amrem\Documents\Engineering Year 4\Machine Learning\Project\Vehicle-Classification\data\raw\class_02_passenger_car\3a8c40e51bd9624043e21d086bb319d0.jpg
20251231_231156,2025-12-31T23:12:15,c:\Users\amrem\Documents\Engineering Year 4\Machine Learning\Project\Vehicle-Classification\data\inbox\archive (2)\train\family sedan\3cb7ae95b6440e004e31cfe252b8b903.jpg,label,2,1,class_02_passenger_car,c:\Users\amrem\Documents\Engineering Year 4\Machine Learning\Project\Vehicle-Classification\data\raw\class_02_passenger_car\3cb7ae95b6440e004e31cfe252b8b903.jpg
20251231_231156,2025-12-31T23:12:15,c:\Users\amrem\Documents\Engineering Year 4\Machine Learning\Project\Vehicle-Classification\data\inbox\archive (2)\train\fire engine\01fb2fd802b56ca6c39078adcc40324b.jpg,label,2,1,class_02_passenger_car,c:\Users\amrem\Documents\Engineering Year 4\Machine Learning\Project\Vehicle-Classification\data\raw\class_02_passenger_car\01fb2fd802b56ca6c39078adcc40324b.jpg
20251231_231156,2025-12-31T23:12:36,c:\Users\amrem\Documents\Engineering Year 4\Machine Learning\Project\Vehicle-Classification\data\inbox\archive (2)\train\fire engine\03cdaceb0048ebd0387f525e87609753.jpg,label,5,4,class_05_two_axle_six_tire_single_unit,c:\Users\amrem\Documents\Engineering Year 4\Machine Learning\Project\Vehicle-Classification\data\raw\class_05_two_axle_six_tire_single_unit\03cdaceb0048ebd0387f525e87609753.jpg
20251231_231156,2025-12-31T23:12:37,c:\Users\amrem\Documents\Engineering Year 4\Machine Learning\Project\Vehicle-Classification\data\inbox\archive (2)\train\fire engine\069fa11ff5c0af0f38097fe3b9684220.jpg,label,5,4,class_05_two_axle_six_tire_single_unit,c:\Users\amrem\Documents\Engineering Year 4\Machine Learning\Project\Vehicle-Classification\data\raw\class_05_two_axle_six_tire_single_unit\069fa11ff5c0af0f38097fe3b9684220.jpg
20251231_231156,2025-12-31T23:12:39,c:\Users\amrem\Documents\Engineering Year 4\Machine Learning\Project\Vehicle-Classification\data\inbox\archive (2)\train\fire engine\082e2706154f05d8a45dd804150f9117.jpg,label,5,4,class_05_two_axle_six_tire_single_unit,c:\Users\amrem\Documents\Engineering Year 4\Machine Learning\Project\Vehicle-Classification\data\raw\class_05_two_axle_six_tire_single_unit\082e2706154f05d8a45dd804150f9117.jpg
20251231_231156,2025-12-31T23:12:41,c:\Users\amrem\Documents\Engineering Year 4\Machine Learning\Project\Vehicle-Classification\data\inbox\archive (2)\train\fire engine\08d3a9b8579d108d0a310420033bbf42.jpg,label,5,4,class_05_two_axle_six_tire_single_unit,c:\Users\amrem\Documents\Engineering Year 4\Machine Learning\Project\Vehicle-Classification\data\raw\class_05_two_axle_six_tire_single_unit\08d3a9b8579d108d0a310420033bbf42.jpg
20251231_231156,2025-12-31T23:12:42,c:\Users\amrem\Documents\Engineering Year 4\Machine Learning\Project\Vehicle-Classification\data\inbox\archive (2)\train\fire engine\091648686d5d5ab4f5f9cd2ab65233fe.jpg,label,5,4,class_05_two_axle_six_tire_single_unit,c:\Users\amrem\Documents\Engineering Year 4\Machine Learning\Project\Vehicle-Classification\data\raw\class_05_two_axle_six_tire_single_unit\091648686d5d5ab4f5f9cd2ab65233fe.jpg
20251231_231156,2025-12-31T23:12:45,c:\Users\amrem\Documents\Engineering Year 4\Machine Learning\Project\Vehicle-Classification\data\inbox\archive (2)\train\fire engine\0940267aa76419d4ddf23ec4833d21af.jpg,reject,,,reject,c:\Users\amrem\Documents\Engineering Year 4\Machine Learning\Project\Vehicle-Classification\data\raw\reject\0940267aa76419d4ddf23ec4833d21af.jpg
20251231_231156,2025-12-31T23:12:46,c:\Users\amrem\Documents\Engineering Year 4\Machine Learning\Project\Vehicle-Classification\data\inbox\archive (2)\train\fire engine\0bd6dbd1c72c27ec4b4169cfedddd781.jpg,label,5,4,class_05_two_axle_six_tire_single_unit,c:\Users\amrem\Documents\Engineering Year 4\Machine Learning\Project\Vehicle-Classification\data\raw\class_05_two_axle_six_tire_single_unit\0bd6dbd1c72c27ec4b4169cfedddd781.jpg
20251231_231156,2025-12-31T23:12:48,c:\Users\amrem\Documents\Engineering Year 4\Machine Learning\Project\Vehicle-Classification\data\inbox\archive (2)\train\fire engine\0db3c0edf8dc55050cb7e0f2f43c1004.jpg,label,5,4,class_05_two_axle_six_tire_single_unit,c:\Users\amrem\Documents\Engineering Year 4\Machine Learning\Project\Vehicle-Classification\data\raw\class_05_two_axle_six_tire_single_unit\0db3c0edf8dc55050cb7e0f2f43c1004.jpg
20251231_231156,2025-12-31T23:13:00,c:\Users\amrem\Documents\Engineering Year 4\Machine Learning\Project\Vehicle-Classification\data\inbox\archive (2)\train\fire engine\0ef96df14ec6ae52a52a8d0c78130bfc.jpg,label,7,6,class_07_four_or_more_axle_single_unit,c:\Users\amrem\Documents\Engineering Year 4\Machine Learning\Project\Vehicle-Classification\data\raw\class_07_four_or_more_axle_single_unit\0ef96df14ec6ae52a52a8d0c78130bfc.jpg
20251231_231156,2025-12-31T23:13:01,c:\Users\amrem\Documents\Engineering Year 4\Machine Learning\Project\Vehicle-Classification\data\inbox\archive (2)\train\fire engine\13905e1c7bdb0353451b64a114f3ceeb.jpg,reject,,,reject,c:\Users\amrem\Documents\Engineering Year 4\Machine Learning\Project\Vehicle-Classification\data\raw\reject\13905e1c7bdb0353451b64a114f3ceeb.jpg
20251231_231156,2025-12-31T23:13:03,c:\Users\amrem\Documents\Engineering Year 4\Machine Learning\Project\Vehicle-Classification\data\inbox\archive (2)\train\fire engine\190d2e2c69050ca618a0c38387e64c95.jpg,label,5,4,class_05_two_axle_six_tire_single_unit,c:\Users\amrem\Documents\Engineering Year 4\Machine Learning\Project\Vehicle-Classification\data\raw\class_05_two_axle_six_tire_single_unit\190d2e2c69050ca618a0c38387e64c95.jpg
20251231_231156,2025-12-31T23:13:04,c:\Users\amrem\Documents\Engineering Year 4\Machine Learning\Project\Vehicle-Classification\data\inbox\archive (2)\train\fire engine\1c2cde88860fdc2a4a05e41d2abc0c68.jpg,reject,,,reject,c:\Users\amrem\Documents\Engineering Year 4\Machine Learning\Project\Vehicle-Classification\data\raw\reject\1c2cde88860fdc2a4a05e41d2abc0c68.jpg
20251231_231156,2025-12-31T23:13:05,c:\Users\amrem\Documents\Engineering Year 4\Machine Learning\Project\Vehicle-Classification\data\inbox\archive (2)\train\fire engine\1cfeedc2f261318beecb8048d607143e.jpg,reject,,,reject,c:\Users\amrem\Documents\Engineering Year 4\Machine Learning\Project\Vehicle-Classification\data\raw\reject\1cfeedc2f261318beecb8048d607143e.jpg
20251231_231156,2025-12-31T23:13:07,c:\Users\amrem\Documents\Engineering Year 4\Machine Learning\Project\Vehicle-Classification\data\inbox\archive (2)\train\fire engine\1db31f093add01038cf09e4811cb51af.jpg,label,5,4,class_05_two_axle_six_tire_single_unit,c:\Users\amrem\Documents\Engineering Year 4\Machine Learning\Project\Vehicle-Classification\data\raw\class_05_two_axle_six_tire_single_unit\1db31f093add01038cf09e4811cb51af.jpg
20251231_231156,2025-12-31T23:13:08,c:\Users\amrem\Documents\Engineering Year 4\Machine Learning\Project\Vehicle-Classification\data\inbox\archive (2)\train\fire engine\1e383d82f42820f241ee84a4b3aa6ea5.jpg,label,5,4,class_05_two_axle_six_tire_single_unit,c:\Users\amrem\Documents\Engineering Year 4\Machine Learning\Project\Vehicle-Classification\data\raw\class_05_two_axle_six_tire_single_unit\1e383d82f42820f241ee84a4b3aa6ea5.jpg
20251231_231156,2025-12-31T23:13:10,c:\Users\amrem\Documents\Engineering Year 4\Machine Learning\Project\Vehicle-Classification\data\inbox\archive (2)\train\fire engine\1fa645226d013951a1dfabb5f577d68d.jpg,label,5,4,class_05_two_axle_six_tire_single_unit,c:\Users\amrem\Documents\Engineering Year 4\Machine Learning\Project\Vehicle-Classification\data\raw\class_05_two_axle_six_tire_single_unit\1fa645226d013951a1dfabb5f577d68d.jpg
20251231_231156,2025-12-31T23:13:11,c:\Users\amrem\Documents\Engineering Year 4\Machine Learning\Project\Vehicle-Classification\data\inbox\archive (2)\train\fire engine\20af870c810bc5377e8480de03965877.jpg,reject,,,reject,c:\Users\amrem\Documents\Engineering Year 4\Machine Learning\Project\Vehicle-Classification\data\raw\reject\20af870c810bc5377e8480de03965877.jpg
20251231_231156,2025-12-31T23:13:13,c:\Users\amrem\Documents\Engineering Year 4\Machine Learning\Project\Vehicle-Classification\data\inbox\archive (2)\train\fire engine\23da6d3292d5138ac960d99ed68956c4.jpg,reject,,,reject,c:\Users\amrem\Documents\Engineering Year 4\Machine Learning\Project\Vehicle-Classification\data\raw\reject\23da6d3292d5138ac960d99ed68956c4.jpg
20251231_231156,2025-12-31T23:13:15,c:\Users\amrem\Documents\Engineering Year 4\Machine Learning\Project\Vehicle-Classification\data\inbox\archive (2)\train\fire engine\26ab7bdee21e64adf6e0ecde3654985c.jpg,label,6,5,class_06_three_axle_single_unit,c:\Users\amrem\Documents\Engineering Year 4\Machine Learning\Project\Vehicle-Classification\data\raw\class_06_three_axle_single_unit\26ab7bdee21e64adf6e0ecde3654985c.jpg
20251231_231156,2025-12-31T23:13:16,c:\Users\amrem\Documents\Engineering Year 4\Machine Learning\Project\Vehicle-Classification\data\inbox\archive (2)\train\fire engine\27f8ef5b148510c06c1f90cb8815a534.jpg,label,6,5,class_06_three_axle_single_unit,c:\Users\amrem\Documents\Engineering Year 4\Machine Learning\Project\Vehicle-Classification\data\raw\class_06_three_axle_single_unit\27f8ef5b148510c06c1f90cb8815a534.jpg
20251231_231156,2025-12-31T23:13:17,c:\Users\amrem\Documents\Engineering Year 4\Machine Learning\Project\Vehicle-Classification\data\inbox\archive (2)\train\fire engine\28bda0d429ecb99a05ba3f3a6a701829.jpg,label,5,4,class_05_two_axle_six_tire_single_unit,c:\Users\amrem\Documents\Engineering Year 4\Machine Learning\Project\Vehicle-Classification\data\raw\class_05_two_axle_six_tire_single_unit\28bda0d429ecb99a05ba3f3a6a701829.jpg
20251231_231156,2025-12-31T23:13:25,c:\Users\amrem\Documents\Engineering Year 4\Machine Learning\Project\Vehicle-Classification\data\inbox\archive (2)\train\fire engine\2ab8a022d793a10cd2f3b59442bed8f5.jpg,reject,,,reject,c:\Users\amrem\Documents\Engineering Year 4\Machine Learning\Project\Vehicle-Classification\data\raw\reject\2ab8a022d793a10cd2f3b59442bed8f5.jpg
20251231_231156,2025-12-31T23:13:27,c:\Users\amrem\Documents\Engineering Year 4\Machine Learning\Project\Vehicle-Classification\data\inbox\archive (2)\train\fire engine\2bf2a9d3240decd4c5cd3743db036614.jpg,reject,,,reject,c:\Users\amrem\Documents\Engineering Year 4\Machine Learning\Project\Vehicle-Classification\data\raw\reject\2bf2a9d3240decd4c5cd3743db036614.jpg
20251231_231156,2025-12-31T23:13:28,c:\Users\amrem\Documents\Engineering Year 4\Machine Learning\Project\Vehicle-Classification\data\inbox\archive (2)\train\fire engine\313612138dd34c4dd5278ed2fa3d6994.jpg,reject,,,reject,c:\Users\amrem\Documents\Engineering Year 4\Machine Learning\Project\Vehicle-Classification\data\raw\reject\313612138dd34c4dd5278ed2fa3d6994.jpg
20251231_231356,2025-12-31T23:14:41,c:\Users\amrem\Documents\Engineering Year 4\Machine Learning\Project\Vehicle-Classification\data\inbox\archive (2)\train\heavy truck\014e01224e88abb52851cce801c7db0a.jpg,reject,,,reject,c:\Users\amrem\Documents\Engineering Year 4\Machine Learning\Project\Vehicle-Classification\data\raw\reject\014e01224e88abb52851cce801c7db0a.jpg
20251231_231356,2025-12-31T23:14:53,c:\Users\amrem\Documents\Engineering Year 4\Machine Learning\Project\Vehicle-Classification\data\inbox\archive (2)\train\heavy truck\01a33e205d7424ddb235c4f1729e8680.jpg,label,7,6,class_07_four_or_more_axle_single_unit,c:\Users\amrem\Documents\Engineering Year 4\Machine Learning\Project\Vehicle-Classification\data\raw\class_07_four_or_more_axle_single_unit\01a33e205d7424ddb235c4f1729e8680.jpg
20251231_231356,2025-12-31T23:14:59,c:\Users\amrem\Documents\Engineering Year 4\Machine Learning\Project\Vehicle-Classification\data\inbox\archive (2)\train\heavy truck\0535a5f3debb3452451fd21a104545d3.jpg,label,9,8,class_09_five_axle_tractor_semitrailer,c:\Users\amrem\Documents\Engineering Year 4\Machine Learning\Project\Vehicle-Classification\data\raw\class_09_five_axle_tractor_semitrailer\0535a5f3debb3452451fd21a104545d3.jpg
20251231_231356,2025-12-31T23:15:02,c:\Users\amrem\Documents\Engineering Year 4\Machine Learning\Project\Vehicle-Classification\data\inbox\archive (2)\train\heavy truck\065d6a932cf35e8806223df414e207d3.jpg,reject,,,reject,c:\Users\amrem\Documents\Engineering Year 4\Machine Learning\Project\Vehicle-Classification\data\raw\reject\065d6a932cf35e8806223df414e207d3.jpg
20251231_231356,2025-12-31T23:15:04,c:\Users\amrem\Documents\Engineering Year 4\Machine Learning\Project\Vehicle-Classification\data\inbox\archive (2)\train\heavy truck\08ee47fa1b9cf3f8b14d94940eeb116f.jpg,label,6,5,class_06_three_axle_single_unit,c:\Users\amrem\Documents\Engineering Year 4\Machine Learning\Project\Vehicle-Classification\data\raw\class_06_three_axle_single_unit\08ee47fa1b9cf3f8b14d94940eeb116f.jpg
20251231_231356,2025-12-31T23:15:07,c:\Users\amrem\Documents\Engineering Year 4\Machine Learning\Project\Vehicle-Classification\data\inbox\archive (2)\train\heavy truck\0ae81c7a93308563a19c220f7c9a670e.jpg,label,6,5,class_06_three_axle_single_unit,c:\Users\amrem\Documents\Engineering Year 4\Machine Learning\Project\Vehicle-Classification\data\raw\class_06_three_axle_single_unit\0ae81c7a93308563a19c220f7c9a670e.jpg
20251231_231356,2025-12-31T23:15:11,c:\Users\amrem\Documents\Engineering Year 4\Machine Learning\Project\Vehicle-Classification\data\inbox\archive (2)\train\heavy truck\110b9a732e83452103ce843c1bca717d.jpg,label,7,6,class_07_four_or_more_axle_single_unit,c:\Users\amrem\Documents\Engineering Year 4\Machine Learning\Project\Vehicle-Classification\data\raw\class_07_four_or_more_axle_single_unit\110b9a732e83452103ce843c1bca717d.jpg
20251231_231356,2025-12-31T23:15:13,c:\Users\amrem\Documents\Engineering Year 4\Machine Learning\Project\Vehicle-Classification\data\inbox\archive (2)\train\heavy truck\117a3353eb3d6d3340c7ecf6bd7fa186.jpg,reject,,,reject,c:\Users\amrem\Documents\Engineering Year 4\Machine Learning\Project\Vehicle-Classification\data\raw\reject\117a3353eb3d6d3340c7ecf6bd7fa186.jpg
20251231_231356,2025-12-31T23:15:14,c:\Users\amrem\Documents\Engineering Year 4\Machine Learning\Project\Vehicle-Classification\data\inbox\archive (2)\train\heavy truck\139164717918f038b3bb50355a07c18b.jpg,reject,,,reject,c:\Users\amrem\Documents\Engineering Year 4\Machine Learning\Project\Vehicle-Classification\data\raw\reject\139164717918f038b3bb50355a07c18b.jpg
20251231_231356,2025-12-31T23:15:16,c:\Users\amrem\Documents\Engineering Year 4\Machine Learning\Project\Vehicle-Classification\data\inbox\archive (2)\train\heavy truck\1407b6745a7a4e86f6177bfee515da78.jpg,label,6,5,class_06_three_axle_single_unit,c:\Users\amrem\Documents\Engineering Year 4\Machine Learning\Project\Vehicle-Classification\data\raw\class_06_three_axle_single_unit\1407b6745a7a4e86f6177bfee515da78.jpg
20251231_231356,2025-12-31T23:15:28,c:\Users\amrem\Documents\Engineering Year 4\Machine Learning\Project\Vehicle-Classification\data\inbox\archive (2)\train\heavy truck\17995d5e0d1082924973e34d352d8830.jpg,label,13,12,class_13_seven_or_more_axle_multi_trailer,c:\Users\amrem\Documents\Engineering Year 4\Machine Learning\Project\Vehicle-Classification\data\raw\class_13_seven_or_more_axle_multi_trailer\17995d5e0d1082924973e34d352d8830.jpg
20251231_231356,2025-12-31T23:15:30,c:\Users\amrem\Documents\Engineering Year 4\Machine Learning\Project\Vehicle-Classification\data\inbox\archive (2)\train\heavy truck\19ed5d97e58278bbe129bb0dd7fa01ca.jpg,label,6,5,class_06_three_axle_single_unit,c:\Users\amrem\Documents\Engineering Year 4\Machine Learning\Project\Vehicle-Classification\data\raw\class_06_three_axle_single_unit\19ed5d97e58278bbe129bb0dd7fa01ca.jpg
20251231_231356,2025-12-31T23:15:32,c:\Users\amrem\Documents\Engineering Year 4\Machine Learning\Project\Vehicle-Classification\data\inbox\archive (2)\train\heavy truck\1ab1829c065ddec4798d28ffa3934f93.jpg,label,5,4,class_05_two_axle_six_tire_single_unit,c:\Users\amrem\Documents\Engineering Year 4\Machine Learning\Project\Vehicle-Classification\data\raw\class_05_two_axle_six_tire_single_unit\1ab1829c065ddec4798d28ffa3934f93.jpg
20251231_231356,2025-12-31T23:15:33,c:\Users\amrem\Documents\Engineering Year 4\Machine Learning\Project\Vehicle-Classification\data\inbox\archive (2)\train\heavy truck\1f8a86b39f81d12586f1df62ea595eda.jpg,label,6,5,class_06_three_axle_single_unit,c:\Users\amrem\Documents\Engineering Year 4\Machine Learning\Project\Vehicle-Classification\data\raw\class_06_three_axle_single_unit\1f8a86b39f81d12586f1df62ea595eda.jpg
20251231_231356,2025-12-31T23:15:36,c:\Users\amrem\Documents\Engineering Year 4\Machine Learning\Project\Vehicle-Classification\data\inbox\archive (2)\train\heavy truck\20c9064ed4d0b7407ff9a0f74e0af2be.jpg,label,7,6,class_07_four_or_more_axle_single_unit,c:\Users\amrem\Documents\Engineering Year 4\Machine Learning\Project\Vehicle-Classification\data\raw\class_07_four_or_more_axle_single_unit\20c9064ed4d0b7407ff9a0f74e0af2be.jpg
20251231_231356,2025-12-31T23:15:39,c:\Users\amrem\Documents\Engineering Year 4\Machine Learning\Project\Vehicle-Classification\data\inbox\archive (2)\train\heavy truck\2322e7c165c0de9b95a20c605eab71c4.jpg,reject,,,reject,c:\Users\amrem\Documents\Engineering Year 4\Machine Learning\Project\Vehicle-Classification\data\raw\reject\2322e7c165c0de9b95a20c605eab71c4.jpg
20251231_231356,2025-12-31T23:15:47,c:\Users\amrem\Documents\Engineering Year 4\Machine Learning\Project\Vehicle-Classification\data\inbox\archive (2)\train\heavy truck\255bcc32fdee38c8e53ee5c86ce68d0e.jpg,label,9,8,class_09_five_axle_tractor_semitrailer,c:\Users\amrem\Documents\Engineering Year 4\Machine Learning\Project\Vehicle-Classification\data\raw\class_09_five_axle_tractor_semitrailer\255bcc32fdee38c8e53ee5c86ce68d0e.jpg
20251231_231356,2025-12-31T23:15:49,c:\Users\amrem\Documents\Engineering Year 4\Machine Learning\Project\Vehicle-Classification\data\inbox\archive (2)\train\heavy truck\266e379ee87392528b93dde338d8addb.jpg,label,6,5,class_06_three_axle_single_unit,c:\Users\amrem\Documents\Engineering Year 4\Machine Learning\Project\Vehicle-Classification\data\raw\class_06_three_axle_single_unit\266e379ee87392528b93dde338d8addb.jpg
20251231_231356,2025-12-31T23:15:51,c:\Users\amrem\Documents\Engineering Year 4\Machine Learning\Project\Vehicle-Classification\data\inbox\archive (2)\train\heavy truck\26f4fcb780686d04202f087120965d61.jpg,label,6,5,class_06_three_axle_single_unit,c:\Users\amrem\Documents\Engineering Year 4\Machine Learning\Project\Vehicle-Classification\data\raw\class_06_three_axle_single_unit\26f4fcb780686d04202f087120965d61.jpg
20251231_231356,2025-12-31T23:15:56,c:\Users\amrem\Documents\Engineering Year 4\Machine Learning\Project\Vehicle-Classification\data\inbox\archive (2)\train\heavy truck\26f796b38ad12bc76836b7dccbf3a0ac.jpg,reject,,,reject,c:\Users\amrem\Documents\Engineering Year 4\Machine Learning\Project\Vehicle-Classification\data\raw\reject\26f796b38ad12bc76836b7dccbf3a0ac.jpg
20251231_231356,2025-12-31T23:15:58,c:\Users\amrem\Documents\Engineering Year 4\Machine Learning\Project\Vehicle-Classification\data\inbox\archive (2)\train\heavy truck\2c3104a65e2d6942bcda10e91bc25bf0.jpg,label,6,5,class_06_three_axle_single_unit,c:\Users\amrem\Documents\Engineering Year 4\Machine Learning\Project\Vehicle-Classification\data\raw\class_06_three_axle_single_unit\2c3104a65e2d6942bcda10e91bc25bf0.jpg
20251231_231356,2025-12-31T23:16:04,c:\Users\amrem\Documents\Engineering Year 4\Machine Learning\Project\Vehicle-Classification\data\inbox\archive (2)\train\heavy truck\2c6aab06eb4266f2cf20ce145bfc8612.jpg,label,8,7,class_08_four_or_less_axle_single_trailer,c:\Users\amrem\Documents\Engineering Year 4\Machine Learning\Project\Vehicle-Classification\data\raw\class_08_four_or_less_axle_single_trailer\2c6aab06eb4266f2cf20ce145bfc8612.jpg
20251231_231356,2025-12-31T23:16:22,c:\Users\amrem\Documents\Engineering Year 4\Machine Learning\Project\Vehicle-Classification\data\inbox\archive (2)\train\heavy truck\309fa8b48cec73897994885010d92d2a.jpg,label,8,7,class_08_four_or_less_axle_single_trailer,c:\Users\amrem\Documents\Engineering Year 4\Machine Learning\Project\Vehicle-Classification\data\raw\class_08_four_or_less_axle_single_trailer\309fa8b48cec73897994885010d92d2a.jpg
20251231_231356,2025-12-31T23:16:24,c:\Users\amrem\Documents\Engineering Year 4\Machine Learning\Project\Vehicle-Classification\data\inbox\archive (2)\train\heavy truck\315517020857919cdc17c021414c14ec.jpg,label,6,5,class_06_three_axle_single_unit,c:\Users\amrem\Documents\Engineering Year 4\Machine Learning\Project\Vehicle-Classification\data\raw\class_06_three_axle_single_unit\315517020857919cdc17c021414c14ec.jpg
20251231_231356,2025-12-31T23:16:27,c:\Users\amrem\Documents\Engineering Year 4\Machine Learning\Project\Vehicle-Classification\data\inbox\archive (2)\train\heavy truck\3629388d9353890b54eedcf8b15b164e.jpg,label,7,6,class_07_four_or_more_axle_single_unit,c:\Users\amrem\Documents\Engineering Year 4\Machine Learning\Project\Vehicle-Classification\data\raw\class_07_four_or_more_axle_single_unit\3629388d9353890b54eedcf8b15b164e.jpg
20251231_231356,2025-12-31T23:16:29,c:\Users\amrem\Documents\Engineering Year 4\Machine Learning\Project\Vehicle-Classification\data\inbox\archive (2)\train\heavy truck\370b9e16c9cbb7bb07fa63df208ee6cb.jpg,reject,,,reject,c:\Users\amrem\Documents\Engineering Year 4\Machine Learning\Project\Vehicle-Classification\data\raw\reject\370b9e16c9cbb7bb07fa63df208ee6cb.jpg
20251231_231356,2025-12-31T23:16:31,c:\Users\amrem\Documents\Engineering Year 4\Machine Learning\Project\Vehicle-Classification\data\inbox\archive (2)\train\heavy truck\3ab0435885da101f28197452d7b6ba23.jpg,reject,,,reject,c:\Users\amrem\Documents\Engineering Year 4\Machine Learning\Project\Vehicle-Classification\data\raw\reject\3ab0435885da101f28197452d7b6ba23.jpg
20251231_231356,2025-12-31T23:16:33,c:\Users\amrem\Documents\Engineering Year 4\Machine Learning\Project\Vehicle-Classification\data\inbox\archive (2)\train\heavy truck\3d6957daf8fdba869dd67f4d37871667.jpg,label,5,4,class_05_two_axle_six_tire_single_unit,c:\Users\amrem\Documents\Engineering Year 4\Machine Learning\Project\Vehicle-Classification\data\raw\class_05_two_axle_six_tire_single_unit\3d6957daf8fdba869dd67f4d37871667.jpg
20251231_231356,2025-12-31T23:16:35,c:\Users\amrem\Documents\Engineering Year 4\Machine Learning\Project\Vehicle-Classification\data\inbox\archive (2)\train\heavy truck\3e6c702cc0245b679c0d899e192003c8.jpg,label,6,5,class_06_three_axle_single_unit,c:\Users\amrem\Documents\Engineering Year 4\Machine Learning\Project\Vehicle-Classification\data\raw\class_06_three_axle_single_unit\3e6c702cc0245b679c0d899e192003c8.jpg
20251231_231356,2025-12-31T23:16:36,c:\Users\amrem\Documents\Engineering Year 4\Machine Learning\Project\Vehicle-Classification\data\inbox\archive (2)\train\heavy truck\3ea7eb641f6c8996fa2898ba96ecb722.jpg,reject,,,reject,c:\Users\amrem\Documents\Engineering Year 4\Machine Learning\Project\Vehicle-Classification\data\raw\reject\3ea7eb641f6c8996fa2898ba96ecb722.jpg
20251231_231356,2025-12-31T23:16:41,c:\Users\amrem\Documents\Engineering Year 4\Machine Learning\Project\Vehicle-Classification\data\inbox\archive (2)\train\heavy truck\40462b24945945d1dd4bc9cefaa36542.jpg,label,8,7,class_08_four_or_less_axle_single_trailer,c:\Users\amrem\Documents\Engineering Year 4\Machine Learning\Project\Vehicle-Classification\data\raw\class_08_four_or_less_axle_single_trailer\40462b24945945d1dd4bc9cefaa36542.jpg
20251231_231356,2025-12-31T23:16:43,c:\Users\amrem\Documents\Engineering Year 4\Machine Learning\Project\Vehicle-Classification\data\inbox\archive (2)\train\heavy truck\4df34ed2086a6ceeb032d3236a79029f.jpg,label,6,5,class_06_three_axle_single_unit,c:\Users\amrem\Documents\Engineering Year 4\Machine Learning\Project\Vehicle-Classification\data\raw\class_06_three_axle_single_unit\4df34ed2086a6ceeb032d3236a79029f.jpg
20251231_231356,2025-12-31T23:16:45,c:\Users\amrem\Documents\Engineering Year 4\Machine Learning\Project\Vehicle-Classification\data\inbox\archive (2)\train\heavy truck\4e3c3a8cda30bc9988365594a8020070.jpg,label,6,5,class_06_three_axle_single_unit,c:\Users\amrem\Documents\Engineering Year 4\Machine Learning\Project\Vehicle-Classification\data\raw\class_06_three_axle_single_unit\4e3c3a8cda30bc9988365594a8020070.jpg
20251231_231356,2025-12-31T23:17:49,c:\Users\amrem\Documents\Engineering Year 4\Machine Learning\Project\Vehicle-Classification\data\inbox\archive (2)\train\heavy truck\514ef7fb3f18782405f1cb54c6042d44.jpg,label,8,7,class_08_four_or_less_axle_single_trailer,c:\Users\amrem\Documents\Engineering Year 4\Machine Learning\Project\Vehicle-Classification\data\raw\class_08_four_or_less_axle_single_trailer\514ef7fb3f18782405f1cb54c6042d44.jpg
20251231_231356,2025-12-31T23:17:51,c:\Users\amrem\Documents\Engineering Year 4\Machine Learning\Project\Vehicle-Classification\data\inbox\archive (2)\train\heavy truck\5578877b2fd4df3bd4623a2a297357ea.jpg,label,6,5,class_06_three_axle_single_unit,c:\Users\amrem\Documents\Engineering Year 4\Machine Learning\Project\Vehicle-Classification\data\raw\class_06_three_axle_single_unit\5578877b2fd4df3bd4623a2a297357ea.jpg
20251231_231356,2025-12-31T23:17:54,c:\Users\amrem\Documents\Engineering Year 4\Machine Learning\Project\Vehicle-Classification\data\inbox\archive (2)\train\heavy truck\56f6648cf32997b4d983af926d7ea300.jpg,label,8,7,class_08_four_or_less_axle_single_trailer,c:\Users\amrem\Documents\Engineering Year 4\Machine Learning\Project\Vehicle-Classification\data\raw\class_08_four_or_less_axle_single_trailer\56f6648cf32997b4d983af926d7ea300.jpg
20251231_231356,2025-12-31T23:18:02,c:\Users\amrem\Documents\Engineering Year 4\Machine Learning\Project\Vehicle-Classification\data\inbox\archive (2)\train\heavy truck\58863b929e7d898937434287cb7484b2.jpg,label,8,7,class_08_four_or_less_axle_single_trailer,c:\Users\amrem\Documents\Engineering Year 4\Machine Learning\Project\Vehicle-Classification\data\raw\class_08_four_or_less_axle_single_trailer\58863b929e7d898937434287cb7484b2.jpg
20251231_231356,2025-12-31T23:18:04,c:\Users\amrem\Documents\Engineering Year 4\Machine Learning\Project\Vehicle-Classification\data\inbox\archive (2)\train\heavy truck\595b24a7c1f296ef4f231e5764fcb072.jpg,label,6,5,class_06_three_axle_single_unit,c:\Users\amrem\Documents\Engineering Year 4\Machine Learning\Project\Vehicle-Classification\data\raw\class_06_three_axle_single_unit\595b24a7c1f296ef4f231e5764fcb072.jpg
20251231_231356,2025-12-31T23:18:06,c:\Users\amrem\Documents\Engineering Year 4\Machine Learning\Project\Vehicle-Classification\data\inbox\archive (2)\train\heavy truck\5a731a4fd4e5b7c7ccb3a84ea0a343d5.jpg,label,6,5,class_06_three_axle_single_unit,c:\Users\amrem\Documents\Engineering Year 4\Machine Learning\Project\Vehicle-Classification\data\raw\class_06_three_axle_single_unit\5a731a4fd4e5b7c7ccb3a84ea0a343d5.jpg
20251231_231356,2025-12-31T23:18:18,c:\Users\amrem\Documents\Engineering Year 4\Machine Learning\Project\Vehicle-Classification\data\inbox\archive (2)\train\heavy truck\5ad69000bb1506b1893f01ead3019a17.jpg,label,11,10,class_11_five_or_less_axle_multi_trailer,c:\Users\amrem\Documents\Engineering Year 4\Machine Learning\Project\Vehicle-Classification\data\raw\class_11_five_or_less_axle_multi_trailer\5ad69000bb1506b1893f01ead3019a17.jpg
20251231_231356,2025-12-31T23:18:21,c:\Users\amrem\Documents\Engineering Year 4\Machine Learning\Project\Vehicle-Classification\data\inbox\archive (2)\train\heavy truck\5b9dad9c5778b72e92bde2e3bc231265.jpg,label,6,5,class_06_three_axle_single_unit,c:\Users\amrem\Documents\Engineering Year 4\Machine Learning\Project\Vehicle-Classification\data\raw\class_06_three_axle_single_unit\5b9dad9c5778b72e92bde2e3bc231265.jpg
20251231_231356,2025-12-31T23:18:22,c:\Users\amrem\Documents\Engineering Year 4\Machine Learning\Project\Vehicle-Classification\data\inbox\archive (2)\train\heavy truck\5cf8a7a33a9d1b8e6f8f76c206c4f7a0.jpg,label,6,5,class_06_three_axle_single_unit,c:\Users\amrem\Documents\Engineering Year 4\Machine Learning\Project\Vehicle-Classification\data\raw\class_06_three_axle_single_unit\5cf8a7a33a9d1b8e6f8f76c206c4f7a0.jpg
20251231_231356,2025-12-31T23:18:23,c:\Users\amrem\Documents\Engineering Year 4\Machine Learning\Project\Vehicle-Classification\data\inbox\archive (2)\train\heavy truck\5d53c9e0d51550eadeb0a8df2b9d0b2a.jpg,label,6,5,class_06_three_axle_single_unit,c:\Users\amrem\Documents\Engineering Year 4\Machine Learning\Project\Vehicle-Classification\data\raw\class_06_three_axle_single_unit\5d53c9e0d51550eadeb0a8df2b9d0b2a.jpg
20251231_231356,2025-12-31T23:18:28,c:\Users\amrem\Documents\Engineering Year 4\Machine Learning\Project\Vehicle-Classification\data\inbox\archive (2)\train\heavy truck\5d69dc0e741675deb69a114193249d88.jpg,label,8,7,class_08_four_or_less_axle_single_trailer,c:\Users\amrem\Documents\Engineering Year 4\Machine Learning\Project\Vehicle-Classification\data\raw\class_08_four_or_less_axle_single_trailer\5d69dc0e741675deb69a114193249d88.jpg
20251231_231356,2025-12-31T23:18:30,c:\Users\amrem\Documents\Engineering Year 4\Machine Learning\Project\Vehicle-Classification\data\inbox\archive (2)\train\heavy truck\5d76c11621b8654cd93f945ceb0c6cc0.jpg,label,6,5,class_06_three_axle_single_unit,c:\Users\amrem\Documents\Engineering Year 4\Machine Learning\Project\Vehicle-Classification\data\raw\class_06_three_axle_single_unit\5d76c11621b8654cd93f945ceb0c6cc0.jpg
20251231_231356,2025-12-31T23:18:39,c:\Users\amrem\Documents\Engineering Year 4\Machine Learning\Project\Vehicle-Classification\data\inbox\archive (2)\train\heavy truck\5e877047bbd522d9c7b32b6b240d4f3a.jpg,label,7,6,class_07_four_or_more_axle_single_unit,c:\Users\amrem\Documents\Engineering Year 4\Machine Learning\Project\Vehicle-Classification\data\raw\class_07_four_or_more_axle_single_unit\5e877047bbd522d9c7b32b6b240d4f3a.jpg
20251231_231356,2025-12-31T23:18:41,c:\Users\amrem\Documents\Engineering Year 4\Machine Learning\Project\Vehicle-Classification\data\inbox\archive (2)\train\heavy truck\5f11aaa2103647a911cb872344adc105.jpg,label,6,5,class_06_three_axle_single_unit,c:\Users\amrem\Documents\Engineering Year 4\Machine Learning\Project\Vehicle-Classification\data\raw\class_06_three_axle_single_unit\5f11aaa2103647a911cb872344adc105.jpg
20251231_231356,2025-12-31T23:18:43,c:\Users\amrem\Documents\Engineering Year 4\Machine Learning\Project\Vehicle-Classification\data\inbox\archive (2)\train\heavy truck\6275a34016fe0885ce8a6d10950b0712.jpg,label,7,6,class_07_four_or_more_axle_single_unit,c:\Users\amrem\Documents\Engineering Year 4\Machine Learning\Project\Vehicle-Classification\data\raw\class_07_four_or_more_axle_single_unit\6275a34016fe0885ce8a6d10950b0712.jpg
20251231_231356,2025-12-31T23:18:46,c:\Users\amrem\Documents\Engineering Year 4\Machine Learning\Project\Vehicle-Classification\data\inbox\archive (2)\train\heavy truck\65bfdf2314d45b4e77a5eedbf362aad0.jpg,label,6,5,class_06_three_axle_single_unit,c:\Users\amrem\Documents\Engineering Year 4\Machine Learning\Project\Vehicle-Classification\data\raw\class_06_three_axle_single_unit\65bfdf2314d45b4e77a5eedbf362aad0.jpg
20251231_231356,2025-12-31T23:18:59,c:\Users\amrem\Documents\Engineering Year 4\Machine Learning\Project\Vehicle-Classification\data\inbox\archive (2)\train\heavy truck\67170c6aa24f429d4db379ca21f8ee67.jpg,label,7,6,class_07_four_or_more_axle_single_unit,c:\Users\amrem\Documents\Engineering Year 4\Machine Learning\Project\Vehicle-Classification\data\raw\class_07_four_or_more_axle_single_unit\67170c6aa24f429d4db379ca21f8ee67.jpg
20251231_231356,2025-12-31T23:19:03,c:\Users\amrem\Documents\Engineering Year 4\Machine Learning\Project\Vehicle-Classification\data\inbox\archive (2)\train\heavy truck\67ef2440c183f49b6491e28fb34f692b.jpg,label,7,6,class_07_four_or_more_axle_single_unit,c:\Users\amrem\Documents\Engineering Year 4\Machine Learning\Project\Vehicle-Classification\data\raw\class_07_four_or_more_axle_single_unit\67ef2440c183f49b6491e28fb34f692b.jpg
20251231_231356,2025-12-31T23:19:07,c:\Users\amrem\Documents\Engineering Year 4\Machine Learning\Project\Vehicle-Classification\data\inbox\archive (2)\train\heavy truck\68bad82c92afc74117582270ba94c9f9.jpg,label,6,5,class_06_three_axle_single_unit,c:\Users\amrem\Documents\Engineering Year 4\Machine Learning\Project\Vehicle-Classification\data\raw\class_06_three_axle_single_unit\68bad82c92afc74117582270ba94c9f9.jpg
20251231_231356,2025-12-31T23:19:08,c:\Users\amrem\Documents\Engineering Year 4\Machine Learning\Project\Vehicle-Classification\data\inbox\archive (2)\train\heavy truck\699800fd6a1d0401afdd24da2fec8562.jpg,label,6,5,class_06_three_axle_single_unit,c:\Users\amrem\Documents\Engineering Year 4\Machine Learning\Project\Vehicle-Classification\data\raw\class_06_three_axle_single_unit\699800fd6a1d0401afdd24da2fec8562.jpg
20251231_231356,2025-12-31T23:19:10,c:\Users\amrem\Documents\Engineering Year 4\Machine Learning\Project\Vehicle-Classification\data\inbox\archive (2)\train\heavy truck\69c260fd8d2a5a1b27ca4e094d8cf81e.jpg,label,6,5,class_06_three_axle_single_unit,c:\Users\amrem\Documents\Engineering Year 4\Machine Learning\Project\Vehicle-Classification\data\raw\class_06_three_axle_single_unit\69c260fd8d2a5a1b27ca4e094d8cf81e.jpg
20251231_231356,2025-12-31T23:19:27,c:\Users\amrem\Documents\Engineering Year 4\Machine Learning\Project\Vehicle-Classification\data\inbox\archive (2)\train\heavy truck\69e8b7c628ce8320cbc4e16f8e9a53a9.jpg,label,7,6,class_07_four_or_more_axle_single_unit,c:\Users\amrem\Documents\Engineering Year 4\Machine Learning\Project\Vehicle-Classification\data\raw\class_07_four_or_more_axle_single_unit\69e8b7c628ce8320cbc4e16f8e9a53a9.jpg
20251231_231356,2025-12-31T23:19:30,c:\Users\amrem\Documents\Engineering Year 4\Machine Learning\Project\Vehicle-Classification\data\inbox\archive (2)\train\heavy truck\6b30f58f351c1ba0c587976e3b035b99.jpg,reject,,,reject,c:\Users\amrem\Documents\Engineering Year 4\Machine Learning\Project\Vehicle-Classification\data\raw\reject\6b30f58f351c1ba0c587976e3b035b99.jpg
20251231_231356,2025-12-31T23:19:31,c:\Users\amrem\Documents\Engineering Year 4\Machine Learning\Project\Vehicle-Classification\data\inbox\archive (2)\train\heavy truck\6c2592fbfd679907364e70b282d23d89.jpg,label,6,5,class_06_three_axle_single_unit,c:\Users\amrem\Documents\Engineering Year 4\Machine Learning\Project\Vehicle-Classification\data\raw\class_06_three_axle_single_unit\6c2592fbfd679907364e70b282d23d89.jpg
20251231_231356,2025-12-31T23:19:34,c:\Users\amrem\Documents\Engineering Year 4\Machine Learning\Project\Vehicle-Classification\data\inbox\archive (2)\train\heavy truck\6c9d9f4ac9a2dfaa0f6c3f276bbe0335.jpg,label,5,4,class_05_two_axle_six_tire_single_unit,c:\Users\amrem\Documents\Engineering Year 4\Machine Learning\Project\Vehicle-Classification\data\raw\class_05_two_axle_six_tire_single_unit\6c9d9f4ac9a2dfaa0f6c3f276bbe0335.jpg
20251231_231356,2025-12-31T23:19:36,c:\Users\amrem\Documents\Engineering Year 4\Machine Learning\Project\Vehicle-Classification\data\inbox\archive (2)\train\heavy truck\6cf4b8fff0f15c35c394451f898d015a.jpg,label,6,5,class_06_three_axle_single_unit,c:\Users\amrem\Documents\Engineering Year 4\Machine Learning\Project\Vehicle-Classification\data\raw\class_06_three_axle_single_unit\6cf4b8fff0f15c35c394451f898d015a.jpg
20251231_231356,2025-12-31T23:19:38,c:\Users\amrem\Documents\Engineering Year 4\Machine Learning\Project\Vehicle-Classification\data\inbox\archive (2)\train\heavy truck\700fcb1f54f266b4237ee269e418e728.jpg,label,6,5,class_06_three_axle_single_unit,c:\Users\amrem\Documents\Engineering Year 4\Machine Learning\Project\Vehicle-Classification\data\raw\class_06_three_axle_single_unit\700fcb1f54f266b4237ee269e418e728.jpg
20251231_231356,2025-12-31T23:19:42,c:\Users\amrem\Documents\Engineering Year 4\Machine Learning\Project\Vehicle-Classification\data\inbox\archive (2)\train\heavy truck\7158a0ef2af79fa870f6099c62bcc95f.jpg,label,6,5,class_06_three_axle_single_unit,c:\Users\amrem\Documents\Engineering Year 4\Machine Learning\Project\Vehicle-Classification\data\raw\class_06_three_axle_single_unit\7158a0ef2af79fa870f6099c62bcc95f.jpg
20251231_231356,2025-12-31T23:19:44,c:\Users\amrem\Documents\Engineering Year 4\Machine Learning\Project\Vehicle-Classification\data\inbox\archive (2)\train\heavy truck\7336e56d47bd5ff314c47e5571b3d8ab.jpg,label,5,4,class_05_two_axle_six_tire_single_unit,c:\Users\amrem\Documents\Engineering Year 4\Machine Learning\Project\Vehicle-Classification\data\raw\class_05_two_axle_six_tire_single_unit\7336e56d47bd5ff314c47e5571b3d8ab.jpg
20251231_231356,2025-12-31T23:19:45,c:\Users\amrem\Documents\Engineering Year 4\Machine Learning\Project\Vehicle-Classification\data\inbox\archive (2)\train\heavy truck\775e23b6d929bf93c54960b6b5bf8cd1.jpg,reject,,,reject,c:\Users\amrem\Documents\Engineering Year 4\Machine Learning\Project\Vehicle-Classification\data\raw\reject\775e23b6d929bf93c54960b6b5bf8cd1.jpg
20251231_231356,2025-12-31T23:19:46,c:\Users\amrem\Documents\Engineering Year 4\Machine Learning\Project\Vehicle-Classification\data\inbox\archive (2)\train\heavy truck\7cced7f9e443c2f3b6100134acaf90b0.jpg,reject,,,reject,c:\Users\amrem\Documents\Engineering Year 4\Machine Learning\Project\Vehicle-Classification\data\raw\reject\7cced7f9e443c2f3b6100134acaf90b0.jpg
20251231_231356,2025-12-31T23:19:48,c:\Users\amrem\Documents\Engineering Year 4\Machine Learning\Project\Vehicle-Classification\data\inbox\archive (2)\train\heavy truck\831ef0f24c85f02992af45c33a46e2fa.jpg,label,6,5,class_06_three_axle_single_unit,c:\Users\amrem\Documents\Engineering Year 4\Machine Learning\Project\Vehicle-Classification\data\raw\class_06_three_axle_single_unit\831ef0f24c85f02992af45c33a46e2fa.jpg
20251231_231356,2025-12-31T23:19:49,c:\Users\amrem\Documents\Engineering Year 4\Machine Learning\Project\Vehicle-Classification\data\inbox\archive (2)\train\heavy truck\838c0803b9219af5c8e4f54cd5439bd6.jpg,label,6,5,class_06_three_axle_single_unit,c:\Users\amrem\Documents\Engineering Year 4\Machine Learning\Project\Vehicle-Classification\data\raw\class_06_three_axle_single_unit\838c0803b9219af5c8e4f54cd5439bd6.jpg
20251231_231356,2025-12-31T23:19:59,c:\Users\amrem\Documents\Engineering Year 4\Machine Learning\Project\Vehicle-Classification\data\inbox\archive (2)\train\heavy truck\844c06269c195c4e073cdafcc7d6f777.jpg,label,10,9,class_10_six_or_more_axle_single_trailer,c:\Users\amrem\Documents\Engineering Year 4\Machine Learning\Project\Vehicle-Classification\data\raw\class_10_six_or_more_axle_single_trailer\844c06269c195c4e073cdafcc7d6f777.jpg
20251231_231356,2025-12-31T23:20:03,c:\Users\amrem\Documents\Engineering Year 4\Machine Learning\Project\Vehicle-Classification\data\inbox\archive (2)\train\heavy truck\8790558346b4e109fd103b62ea7d4300.jpg,label,8,7,class_08_four_or_less_axle_single_trailer,c:\Users\amrem\Documents\Engineering Year 4\Machine Learning\Project\Vehicle-Classification\data\raw\class_08_four_or_less_axle_single_trailer\8790558346b4e109fd103b62ea7d4300.jpg
20251231_231356,2025-12-31T23:20:05,c:\Users\amrem\Documents\Engineering Year 4\Machine Learning\Project\Vehicle-Classification\data\inbox\archive (2)\train\heavy truck\8793472d0fa5379018959be72ae43dd5.jpg,label,6,5,class_06_three_axle_single_unit,c:\Users\amrem\Documents\Engineering Year 4\Machine Learning\Project\Vehicle-Classification\data\raw\class_06_three_axle_single_unit\8793472d0fa5379018959be72ae43dd5.jpg
20251231_231356,2025-12-31T23:20:07,c:\Users\amrem\Documents\Engineering Year 4\Machine Learning\Project\Vehicle-Classification\data\inbox\archive (2)\train\heavy truck\87b4bf298d849c207abed9ee13f9cfe2.jpg,label,6,5,class_06_three_axle_single_unit,c:\Users\amrem\Documents\Engineering Year 4\Machine Learning\Project\Vehicle-Classification\data\raw\class_06_three_axle_single_unit\87b4bf298d849c207abed9ee13f9cfe2.jpg
20251231_231356,2025-12-31T23:20:09,c:\Users\amrem\Documents\Engineering Year 4\Machine Learning\Project\Vehicle-Classification\data\inbox\archive (2)\train\heavy truck\8864c9be92cb9041fe3ff65d151152cb.jpg,reject,,,reject,c:\Users\amrem\Documents\Engineering Year 4\Machine Learning\Project\Vehicle-Classification\data\raw\reject\8864c9be92cb9041fe3ff65d151152cb.jpg
20251231_231356,2025-12-31T23:20:16,c:\Users\amrem\Documents\Engineering Year 4\Machine Learning\Project\Vehicle-Classification\data\inbox\archive (2)\train\heavy truck\8b9e1adb8e823a5f93ee96959b1687bb.jpg,label,7,6,class_07_four_or_more_axle_single_unit,c:\Users\amrem\Documents\Engineering Year 4\Machine Learning\Project\Vehicle-Classification\data\raw\class_07_four_or_more_axle_single_unit\8b9e1adb8e823a5f93ee96959b1687bb.jpg
20251231_231356,2025-12-31T23:20:25,c:\Users\amrem\Documents\Engineering Year 4\Machine Learning\Project\Vehicle-Classification\data\inbox\archive (2)\train\heavy truck\8dd17944f072f1811b91dfe7551348e9.jpg,label,6,5,class_06_three_axle_single_unit,c:\Users\amrem\Documents\Engineering Year 4\Machine Learning\Project\Vehicle-Classification\data\raw\class_06_three_axle_single_unit\8dd17944f072f1811b91dfe7551348e9.jpg
20251231_231356,2025-12-31T23:20:26,c:\Users\amrem\Documents\Engineering Year 4\Machine Learning\Project\Vehicle-Classification\data\inbox\archive (2)\train\heavy truck\916a67a8fd7b594b5cb59b6d37c3eab0.jpg,label,6,5,class_06_three_axle_single_unit,c:\Users\amrem\Documents\Engineering Year 4\Machine Learning\Project\Vehicle-Classification\data\raw\class_06_three_axle_single_unit\916a67a8fd7b594b5cb59b6d37c3eab0.jpg
20251231_231356,2025-12-31T23:20:28,c:\Users\amrem\Documents\Engineering Year 4\Machine Learning\Project\Vehicle-Classification\data\inbox\archive (2)\train\heavy truck\922d5cae315378a918f3992a44404d52.jpg,label,6,5,class_06_three_axle_single_unit,c:\Users\amrem\Documents\Engineering Year 4\Machine Learning\Project\Vehicle-Classification\data\raw\class_06_three_axle_single_unit\922d5cae315378a918f3992a44404d52.jpg
20251231_231356,2025-12-31T23:20:49,c:\Users\amrem\Documents\Engineering Year 4\Machine Learning\Project\Vehicle-Classification\data\inbox\archive (2)\train\heavy truck\92b9cb4a7a21238c8dd8d0761b6c24d6.jpg,label,7,6,class_07_four_or_more_axle_single_unit,c:\Users\amrem\Documents\Engineering Year 4\Machine Learning\Project\Vehicle-Classification\data\raw\class_07_four_or_more_axle_single_unit\92b9cb4a7a21238c8dd8d0761b6c24d6.jpg
20251231_231356,2025-12-31T23:20:51,c:\Users\amrem\Documents\Engineering Year 4\Machine Learning\Project\Vehicle-Classification\data\inbox\archive (2)\train\heavy truck\952b36375053c3773941417ca0969eb2.jpg,reject,,,reject,c:\Users\amrem\Documents\Engineering Year 4\Machine Learning\Project\Vehicle-Classification\data\raw\reject\952b36375053c3773941417ca0969eb2.jpg
20251231_231356,2025-12-31T23:20:52,c:\Users\amrem\Documents\Engineering Year 4\Machine Learning\Project\Vehicle-Classification\data\inbox\archive (2)\train\heavy truck\9a440d8ddd616e2e3e3d67c972fa5dd6.jpg,label,6,5,class_06_three_axle_single_unit,c:\Users\amrem\Documents\Engineering Year 4\Machine Learning\Project\Vehicle-Classification\data\raw\class_06_three_axle_single_unit\9a440d8ddd616e2e3e3d67c972fa5dd6.jpg
20251231_231356,2025-12-31T23:20:57,c:\Users\amrem\Documents\Engineering Year 4\Machine Learning\Project\Vehicle-Classification\data\inbox\archive (2)\train\heavy truck\9afa0680646256d41784223b8f26aeba.jpg,label,8,7,class_08_four_or_less_axle_single_trailer,c:\Users\amrem\Documents\Engineering Year 4\Machine Learning\Project\Vehicle-Classification\data\raw\class_08_four_or_less_axle_single_trailer\9afa0680646256d41784223b8f26aeba.jpg
20251231_231356,2025-12-31T23:20:59,c:\Users\amrem\Documents\Engineering Year 4\Machine Learning\Project\Vehicle-Classification\data\inbox\archive (2)\train\heavy truck\9c5f6cf1798dc4aa638b1491fdb4295b.jpg,label,6,5,class_06_three_axle_single_unit,c:\Users\amrem\Documents\Engineering Year 4\Machine Learning\Project\Vehicle-Classification\data\raw\class_06_three_axle_single_unit\9c5f6cf1798dc4aa638b1491fdb4295b.jpg
20251231_231356,2025-12-31T23:21:01,c:\Users\amrem\Documents\Engineering Year 4\Machine Learning\Project\Vehicle-Classification\data\inbox\archive (2)\train\heavy truck\a33aa65ca70455ae886ced050a8b099b.jpg,reject,,,reject,c:\Users\amrem\Documents\Engineering Year 4\Machine Learning\Project\Vehicle-Classification\data\raw\reject\a33aa65ca70455ae886ced050a8b099b.jpg
20251231_231356,2025-12-31T23:21:03,c:\Users\amrem\Documents\Engineering Year 4\Machine Learning\Project\Vehicle-Classification\data\inbox\archive (2)\train\heavy truck\a44e76c570610c8d5020c5f5234713cc.jpg,label,5,4,class_05_two_axle_six_tire_single_unit,c:\Users\amrem\Documents\Engineering Year 4\Machine Learning\Project\Vehicle-Classification\data\raw\class_05_two_axle_six_tire_single_unit\a44e76c570610c8d5020c5f5234713cc.jpg
20251231_231356,2025-12-31T23:21:05,c:\Users\amrem\Documents\Engineering Year 4\Machine Learning\Project\Vehicle-Classification\data\inbox\archive (2)\train\heavy truck\a894b31baedb984f9085f4395673c4b4.jpg,reject,,,reject,c:\Users\amrem\Documents\Engineering Year 4\Machine Learning\Project\Vehicle-Classification\data\raw\reject\a894b31baedb984f9085f4395673c4b4.jpg
20251231_231356,2025-12-31T23:21:07,c:\Users\amrem\Documents\Engineering Year 4\Machine Learning\Project\Vehicle-Classification\data\inbox\archive (2)\train\heavy truck\a95b080e1e6c62803f2c18c8874647d4.jpg,label,6,5,class_06_three_axle_single_unit,c:\Users\amrem\Documents\Engineering Year 4\Machine Learning\Project\Vehicle-Classification\data\raw\class_06_three_axle_single_unit\a95b080e1e6c62803f2c18c8874647d4.jpg
20251231_231356,2025-12-31T23:21:08,c:\Users\amrem\Documents\Engineering Year 4\Machine Learning\Project\Vehicle-Classification\data\inbox\archive (2)\train\heavy truck\aa950836b1e75f319c70ca17e6a569c1.jpg,reject,,,reject,c:\Users\amrem\Documents\Engineering Year 4\Machine Learning\Project\Vehicle-Classification\data\raw\reject\aa950836b1e75f319c70ca17e6a569c1.jpg
20251231_231356,2025-12-31T23:21:10,c:\Users\amrem\Documents\Engineering Year 4\Machine Learning\Project\Vehicle-Classification\data\inbox\archive (2)\train\heavy truck\aad3c3ee7dd767662d95490251a7bc54.jpg,label,6,5,class_06_three_axle_single_unit,c:\Users\amrem\Documents\Engineering Year 4\Machine Learning\Project\Vehicle-Classification\data\raw\class_06_three_axle_single_unit\aad3c3ee7dd767662d95490251a7bc54.jpg
20251231_231356,2025-12-31T23:21:11,c:\Users\amrem\Documents\Engineering Year 4\Machine Learning\Project\Vehicle-Classification\data\inbox\archive (2)\train\heavy truck\aafe656012d9be010abd4f4a565fb19f.jpg,reject,,,reject,c:\Users\amrem\Documents\Engineering Year 4\Machine Learning\Project\Vehicle-Classification\data\raw\reject\aafe656012d9be010abd4f4a565fb19f.jpg
20251231_231356,2025-12-31T23:21:13,c:\Users\amrem\Documents\Engineering Year 4\Machine Learning\Project\Vehicle-Classification\data\inbox\archive (2)\train\heavy truck\ab6a24e9c29d2a55b67fb25360e88787.jpg,reject,,,reject,c:\Users\amrem\Documents\Engineering Year 4\Machine Learning\Project\Vehicle-Classification\data\raw\reject\ab6a24e9c29d2a55b67fb25360e88787.jpg
20251231_231356,2025-12-31T23:21:14,c:\Users\amrem\Documents\Engineering Year 4\Machine Learning\Project\Vehicle-Classification\data\inbox\archive (2)\train\heavy truck\ac2470aaf28c9f221ddcfaaa3849b3f7.jpg,reject,,,reject,c:\Users\amrem\Documents\Engineering Year 4\Machine Learning\Project\Vehicle-Classification\data\raw\reject\ac2470aaf28c9f221ddcfaaa3849b3f7.jpg
20251231_231356,2025-12-31T23:21:15,c:\Users\amrem\Documents\Engineering Year 4\Machine Learning\Project\Vehicle-Classification\data\inbox\archive (2)\train\heavy truck\ac574addaf9972ebf2586b4e89929826.jpg,label,6,5,class_06_three_axle_single_unit,c:\Users\amrem\Documents\Engineering Year 4\Machine Learning\Project\Vehicle-Classification\data\raw\class_06_three_axle_single_unit\ac574addaf9972ebf2586b4e89929826.jpg
20251231_231356,2025-12-31T23:21:24,c:\Users\amrem\Documents\Engineering Year 4\Machine Learning\Project\Vehicle-Classification\data\inbox\archive (2)\train\heavy truck\ae56ce991894003709d83025a676fc50.jpg,label,7,6,class_07_four_or_more_axle_single_unit,c:\Users\amrem\Documents\Engineering Year 4\Machine Learning\Project\Vehicle-Classification\data\raw\class_07_four_or_more_axle_single_unit\ae56ce991894003709d83025a676fc50.jpg
20251231_231356,2025-12-31T23:21:26,c:\Users\amrem\Documents\Engineering Year 4\Machine Learning\Project\Vehicle-Classification\data\inbox\archive (2)\train\heavy truck\aec141f38eb64db851f59ffbf6f11eeb.jpg,label,6,5,class_06_three_axle_single_unit,c:\Users\amrem\Documents\Engineering Year 4\Machine Learning\Project\Vehicle-Classification\data\raw\class_06_three_axle_single_unit\aec141f38eb64db851f59ffbf6f11eeb.jpg
20251231_231356,2025-12-31T23:21:29,c:\Users\amrem\Documents\Engineering Year 4\Machine Learning\Project\Vehicle-Classification\data\inbox\archive (2)\train\heavy truck\af131bc4f6e6594ac8228b694c3441fb.jpg,label,8,7,class_08_four_or_less_axle_single_trailer,c:\Users\amrem\Documents\Engineering Year 4\Machine Learning\Project\Vehicle-Classification\data\raw\class_08_four_or_less_axle_single_trailer\af131bc4f6e6594ac8228b694c3441fb.jpg
20251231_231356,2025-12-31T23:21:31,c:\Users\amrem\Documents\Engineering Year 4\Machine Learning\Project\Vehicle-Classification\data\inbox\archive (2)\train\heavy truck\af420a1b043c40d8ed2c6c715dd8f5de.jpg,label,6,5,class_06_three_axle_single_unit,c:\Users\amrem\Documents\Engineering Year 4\Machine Learning\Project\Vehicle-Classification\data\raw\class_06_three_axle_single_unit\af420a1b043c40d8ed2c6c715dd8f5de.jpg
20251231_231356,2025-12-31T23:21:34,c:\Users\amrem\Documents\Engineering Year 4\Machine Learning\Project\Vehicle-Classification\data\inbox\archive (2)\train\heavy truck\b0853c72957b7fdf13281260a446338d.jpg,label,5,4,class_05_two_axle_six_tire_single_unit,c:\Users\amrem\Documents\Engineering Year 4\Machine Learning\Project\Vehicle-Classification\data\raw\class_05_two_axle_six_tire_single_unit\b0853c72957b7fdf13281260a446338d.jpg
20251231_231356,2025-12-31T23:21:36,c:\Users\amrem\Documents\Engineering Year 4\Machine Learning\Project\Vehicle-Classification\data\inbox\archive (2)\train\heavy truck\b4fe372ef36790af377dd22ee2a6780c.jpg,label,6,5,class_06_three_axle_single_unit,c:\Users\amrem\Documents\Engineering Year 4\Machine Learning\Project\Vehicle-Classification\data\raw\class_06_three_axle_single_unit\b4fe372ef36790af377dd22ee2a6780c.jpg
20251231_231356,2025-12-31T23:21:37,c:\Users\amrem\Documents\Engineering Year 4\Machine Learning\Project\Vehicle-Classification\data\inbox\archive (2)\train\heavy truck\b6f8c13ab04b4d4ab402bea0a6926d1c.jpg,label,6,5,class_06_three_axle_single_unit,c:\Users\amrem\Documents\Engineering Year 4\Machine Learning\Project\Vehicle-Classification\data\raw\class_06_three_axle_single_unit\b6f8c13ab04b4d4ab402bea0a6926d1c.jpg
20251231_231356,2025-12-31T23:21:39,c:\Users\amrem\Documents\Engineering Year 4\Machine Learning\Project\Vehicle-Classification\data\inbox\archive (2)\train\heavy truck\ba95ca823cab980d96cbf1c8e50dd127.jpg,label,6,5,class_06_three_axle_single_unit,c:\Users\amrem\Documents\Engineering Year 4\Machine Learning\Project\Vehicle-Classification\data\raw\class_06_three_axle_single_unit\ba95ca823cab980d96cbf1c8e50dd127.jpg
20251231_231356,2025-12-31T23:21:43,c:\Users\amrem\Documents\Engineering Year 4\Machine Learning\Project\Vehicle-Classification\data\inbox\archive (2)\train\heavy truck\bb1dc13bf9f4c5d4fe2fad9809a31cab.jpg,reject,,,reject,c:\Users\amrem\Documents\Engineering Year 4\Machine Learning\Project\Vehicle-Classification\data\raw\reject\bb1dc13bf9f4c5d4fe2fad9809a31cab.jpg
20251231_231356,2025-12-31T23:21:45,c:\Users\amrem\Documents\Engineering Year 4\Machine Learning\Project\Vehicle-Classification\data\inbox\archive (2)\train\heavy truck\bb328da05b3872ebffe82163d7055ccd.jpg,label,6,5,class_06_three_axle_single_unit,c:\Users\amrem\Documents\Engineering Year 4\Machine Learning\Project\Vehicle-Classification\data\raw\class_06_three_axle_single_unit\bb328da05b3872ebffe82163d7055ccd.jpg
20251231_231356,2025-12-31T23:21:54,c:\Users\amrem\Documents\Engineering Year 4\Machine Learning\Project\Vehicle-Classification\data\inbox\archive (2)\train\heavy truck\bb9606f5488b3c3ecb218355d555c44c.jpg,label,9,8,class_09_five_axle_tractor_semitrailer,c:\Users\amrem\Documents\Engineering Year 4\Machine Learning\Project\Vehicle-Classification\data\raw\class_09_five_axle_tractor_semitrailer\bb9606f5488b3c3ecb218355d555c44c.jpg
20251231_231356,2025-12-31T23:22:00,c:\Users\amrem\Documents\Engineering Year 4\Machine Learning\Project\Vehicle-Classification\data\inbox\archive (2)\train\heavy truck\bcaf6e1620301e3114fee79d10a927b4.jpg,reject,,,reject,c:\Users\amrem\Documents\Engineering Year 4\Machine Learning\Project\Vehicle-Classification\data\raw\reject\bcaf6e1620301e3114fee79d10a927b4.jpg
20251231_231356,2025-12-31T23:22:02,c:\Users\amrem\Documents\Engineering Year 4\Machine Learning\Project\Vehicle-Classification\data\inbox\archive (2)\train\heavy truck\bd35a9eebb1d4176191d714c825fffab.jpg,label,5,4,class_05_two_axle_six_tire_single_unit,c:\Users\amrem\Documents\Engineering Year 4\Machine Learning\Project\Vehicle-Classification\data\raw\class_05_two_axle_six_tire_single_unit\bd35a9eebb1d4176191d714c825fffab.jpg
20251231_231356,2025-12-31T23:22:04,c:\Users\amrem\Documents\Engineering Year 4\Machine Learning\Project\Vehicle-Classification\data\inbox\archive (2)\train\heavy truck\bda67fe871cf98fcdb2dbeda9fd59a89.jpg,label,6,5,class_06_three_axle_single_unit,c:\Users\amrem\Documents\Engineering Year 4\Machine Learning\Project\Vehicle-Classification\data\raw\class_06_three_axle_single_unit\bda67fe871cf98fcdb2dbeda9fd59a89.jpg
20251231_231356,2025-12-31T23:22:07,c:\Users\amrem\Documents\Engineering Year 4\Machine Learning\Project\Vehicle-Classification\data\inbox\archive (2)\train\heavy truck\bf5661a496fa0fc230402aca982d607c.jpg,label,6,5,class_06_three_axle_single_unit,c:\Users\amrem\Documents\Engineering Year 4\Machine Learning\Project\Vehicle-Classification\data\raw\class_06_three_axle_single_unit\bf5661a496fa0fc230402aca982d607c.jpg
20251231_231356,2025-12-31T23:22:11,c:\Users\amrem\Documents\Engineering Year 4\Machine Learning\Project\Vehicle-Classification\data\inbox\archive (2)\train\heavy truck\c0792eb3585738a44e2c1a8ea3b158e5.jpg,reject,,,reject,c:\Users\amrem\Documents\Engineering Year 4\Machine Learning\Project\Vehicle-Classification\data\raw\reject\c0792eb3585738a44e2c1a8ea3b158e5.jpg
20251231_231356,2025-12-31T23:22:20,c:\Users\amrem\Documents\Engineering Year 4\Machine Learning\Project\Vehicle-Classification\data\inbox\archive (2)\train\heavy truck\c16060aa3164422278104cf19b4bf248.jpg,label,11,10,class_11_five_or_less_axle_multi_trailer,c:\Users\amrem\Documents\Engineering Year 4\Machine Learning\Project\Vehicle-Classification\data\raw\class_11_five_or_less_axle_multi_trailer\c16060aa3164422278104cf19b4bf248.jpg
20251231_231356,2025-12-31T23:22:21,c:\Users\amrem\Documents\Engineering Year 4\Machine Learning\Project\Vehicle-Classification\data\inbox\archive (2)\train\heavy truck\c2a4c64bd95895ec3b6ef897e47f7671.jpg,label,6,5,class_06_three_axle_single_unit,c:\Users\amrem\Documents\Engineering Year 4\Machine Learning\Project\Vehicle-Classification\data\raw\class_06_three_axle_single_unit\c2a4c64bd95895ec3b6ef897e47f7671.jpg
20251231_231356,2025-12-31T23:22:30,c:\Users\amrem\Documents\Engineering Year 4\Machine Learning\Project\Vehicle-Classification\data\inbox\archive (2)\train\heavy truck\c40eecfeb223e00d10e2ab5c8cea7249.jpg,label,8,7,class_08_four_or_less_axle_single_trailer,c:\Users\amrem\Documents\Engineering Year 4\Machine Learning\Project\Vehicle-Classification\data\raw\class_08_four_or_less_axle_single_trailer\c40eecfeb223e00d10e2ab5c8cea7249.jpg
20251231_231356,2025-12-31T23:22:33,c:\Users\amrem\Documents\Engineering Year 4\Machine Learning\Project\Vehicle-Classification\data\inbox\archive (2)\train\heavy truck\c427a230b9e83ebd8a10081df059f079.jpg,label,6,5,class_06_three_axle_single_unit,c:\Users\amrem\Documents\Engineering Year 4\Machine Learning\Project\Vehicle-Classification\data\raw\class_06_three_axle_single_unit\c427a230b9e83ebd8a10081df059f079.jpg
20251231_231356,2025-12-31T23:22:35,c:\Users\amrem\Documents\Engineering Year 4\Machine Learning\Project\Vehicle-Classification\data\inbox\archive (2)\train\heavy truck\c549082e6349298b277b8e3b25e06b66.jpg,label,6,5,class_06_three_axle_single_unit,c:\Users\amrem\Documents\Engineering Year 4\Machine Learning\Project\Vehicle-Classification\data\raw\class_06_three_axle_single_unit\c549082e6349298b277b8e3b25e06b66.jpg
20251231_231356,2025-12-31T23:22:39,c:\Users\amrem\Documents\Engineering Year 4\Machine Learning\Project\Vehicle-Classification\data\inbox\archive (2)\train\heavy truck\c5a6b07beb0c4551cbf5bad8b169a03a.jpg,reject,,,reject,c:\Users\amrem\Documents\Engineering Year 4\Machine Learning\Project\Vehicle-Classification\data\raw\reject\c5a6b07beb0c4551cbf5bad8b169a03a.jpg
20251231_231356,2025-12-31T23:22:42,c:\Users\amrem\Documents\Engineering Year 4\Machine Learning\Project\Vehicle-Classification\data\inbox\archive (2)\train\heavy truck\c6fbb6562ce4572ffc473a1bbf5573be.jpg,label,6,5,class_06_three_axle_single_unit,c:\Users\amrem\Documents\Engineering Year 4\Machine Learning\Project\Vehicle-Classification\data\raw\class_06_three_axle_single_unit\c6fbb6562ce4572ffc473a1bbf5573be.jpg
20251231_231356,2025-12-31T23:22:44,c:\Users\amrem\Documents\Engineering Year 4\Machine Learning\Project\Vehicle-Classification\data\inbox\archive (2)\train\heavy truck\c7092611e1ec56a3ba09209a90f1c2a1.jpg,label,6,5,class_06_three_axle_single_unit,c:\Users\amrem\Documents\Engineering Year 4\Machine Learning\Project\Vehicle-Classification\data\raw\class_06_three_axle_single_unit\c7092611e1ec56a3ba09209a90f1c2a1.jpg
20251231_231356,2025-12-31T23:22:45,c:\Users\amrem\Documents\Engineering Year 4\Machine Learning\Project\Vehicle-Classification\data\inbox\archive (2)\train\heavy truck\c993c925727803b9f234dca369cd2e6b.jpg,label,6,5,class_06_three_axle_single_unit,c:\Users\amrem\Documents\Engineering Year 4\Machine Learning\Project\Vehicle-Classification\data\raw\class_06_three_axle_single_unit\c993c925727803b9f234dca369cd2e6b.jpg
20251231_231356,2025-12-31T23:22:46,c:\Users\amrem\Documents\Engineering Year 4\Machine Learning\Project\Vehicle-Classification\data\inbox\archive (2)\train\heavy truck\ca05cd53a979a7f5664bd681b93d4bd9.jpg,label,6,5,class_06_three_axle_single_unit,c:\Users\amrem\Documents\Engineering Year 4\Machine Learning\Project\Vehicle-Classification\data\raw\class_06_three_axle_single_unit\ca05cd53a979a7f5664bd681b93d4bd9.jpg
20251231_231356,2025-12-31T23:22:47,c:\Users\amrem\Documents\Engineering Year 4\Machine Learning\Project\Vehicle-Classification\data\inbox\archive (2)\train\heavy truck\cc25045a71dee02c17ced11e8b2e5eaf.jpg,label,6,5,class_06_three_axle_single_unit,c:\Users\amrem\Documents\Engineering Year 4\Machine Learning\Project\Vehicle-Classification\data\raw\class_06_three_axle_single_unit\cc25045a71dee02c17ced11e8b2e5eaf.jpg
20251231_231356,2025-12-31T23:22:48,c:\Users\amrem\Documents\Engineering Year 4\Machine Learning\Project\Vehicle-Classification\data\inbox\archive (2)\train\heavy truck\d15bb25d4d5d82b48b20cfe1ff809320.jpg,label,6,5,class_06_three_axle_single_unit,c:\Users\amrem\Documents\Engineering Year 4\Machine Learning\Project\Vehicle-Classification\data\raw\class_06_three_axle_single_unit\d15bb25d4d5d82b48b20cfe1ff809320.jpg
20251231_231356,2025-12-31T23:22:49,c:\Users\amrem\Documents\Engineering Year 4\Machine Learning\Project\Vehicle-Classification\data\inbox\archive (2)\train\heavy truck\d1aaa3772db3e720a16217b2f2ce8ced.jpg,label,6,5,class_06_three_axle_single_unit,c:\Users\amrem\Documents\Engineering Year 4\Machine Learning\Project\Vehicle-Classification\data\raw\class_06_three_axle_single_unit\d1aaa3772db3e720a16217b2f2ce8ced.jpg
20251231_231356,2025-12-31T23:22:50,c:\Users\amrem\Documents\Engineering Year 4\Machine Learning\Project\Vehicle-Classification\data\inbox\archive (2)\train\heavy truck\d21c30549e26ce9e0c442f3ac72322bb.jpg,label,6,5,class_06_three_axle_single_unit,c:\Users\amrem\Documents\Engineering Year 4\Machine Learning\Project\Vehicle-Classification\data\raw\class_06_three_axle_single_unit\d21c30549e26ce9e0c442f3ac72322bb.jpg
20251231_231356,2025-12-31T23:23:03,c:\Users\amrem\Documents\Engineering Year 4\Machine Learning\Project\Vehicle-Classification\data\inbox\archive (2)\train\heavy truck\d5018acbad43def566fe70b7dc64e546.jpg,label,8,7,class_08_four_or_less_axle_single_trailer,c:\Users\amrem\Documents\Engineering Year 4\Machine Learning\Project\Vehicle-Classification\data\raw\class_08_four_or_less_axle_single_trailer\d5018acbad43def566fe70b7dc64e546.jpg
20251231_231356,2025-12-31T23:23:06,c:\Users\amrem\Documents\Engineering Year 4\Machine Learning\Project\Vehicle-Classification\data\inbox\archive (2)\train\heavy truck\d664a91af89ab2546769ddb23c8a9f8e.jpg,reject,,,reject,c:\Users\amrem\Documents\Engineering Year 4\Machine Learning\Project\Vehicle-Classification\data\raw\reject\d664a91af89ab2546769ddb23c8a9f8e.jpg
20251231_231356,2025-12-31T23:23:08,c:\Users\amrem\Documents\Engineering Year 4\Machine Learning\Project\Vehicle-Classification\data\inbox\archive (2)\train\heavy truck\d9a114cff64a33a0483b5e2deede7e6c.jpg,label,6,5,class_06_three_axle_single_unit,c:\Users\amrem\Documents\Engineering Year 4\Machine Learning\Project\Vehicle-Classification\data\raw\class_06_three_axle_single_unit\d9a114cff64a33a0483b5e2deede7e6c.jpg
20251231_231356,2025-12-31T23:23:11,c:\Users\amrem\Documents\Engineering Year 4\Machine Learning\Project\Vehicle-Classification\data\inbox\archive (2)\train\heavy truck\daa31ed74870f0ef11a76e7ce5d2a2ae.jpg,reject,,,reject,c:\Users\amrem\Documents\Engineering Year 4\Machine Learning\Project\Vehicle-Classification\data\raw\reject\daa31ed74870f0ef11a76e7ce5d2a2ae.jpg
20251231_231356,2025-12-31T23:23:15,c:\Users\amrem\Documents\Engineering Year 4\Machine Learning\Project\Vehicle-Classification\data\inbox\archive (2)\train\heavy truck\de3b649a66ebf451835f55bbb44f4662.jpg,label,6,5,class_06_three_axle_single_unit,c:\Users\amrem\Documents\Engineering Year 4\Machine Learning\Project\Vehicle-Classification\data\raw\class_06_three_axle_single_unit\de3b649a66ebf451835f55bbb44f4662.jpg
20251231_231356,2025-12-31T23:23:16,c:\Users\amrem\Documents\Engineering Year 4\Machine Learning\Project\Vehicle-Classification\data\inbox\archive (2)\train\heavy truck\df0f852d442504c92ecceba77b8ca494.jpg,label,6,5,class_06_three_axle_single_unit,c:\Users\amrem\Documents\Engineering Year 4\Machine Learning\Project\Vehicle-Classification\data\raw\class_06_three_axle_single_unit\df0f852d442504c92ecceba77b8ca494.jpg
20251231_231356,2025-12-31T23:23:23,c:\Users\amrem\Documents\Engineering Year 4\Machine Learning\Project\Vehicle-Classification\data\inbox\archive (2)\train\heavy truck\df80b1e200865b50ddcf924048274a44.jpg,label,7,6,class_07_four_or_more_axle_single_unit,c:\Users\amrem\Documents\Engineering Year 4\Machine Learning\Project\Vehicle-Classification\data\raw\class_07_four_or_more_axle_single_unit\df80b1e200865b50ddcf924048274a44.jpg
20251231_231356,2025-12-31T23:23:28,c:\Users\amrem\Documents\Engineering Year 4\Machine Learning\Project\Vehicle-Classification\data\inbox\archive (2)\train\heavy truck\e0fd38bb63913b16e767053016ba1b0d.jpg,label,8,7,class_08_four_or_less_axle_single_trailer,c:\Users\amrem\Documents\Engineering Year 4\Machine Learning\Project\Vehicle-Classification\data\raw\class_08_four_or_less_axle_single_trailer\e0fd38bb63913b16e767053016ba1b0d.jpg
20251231_231356,2025-12-31T23:23:30,c:\Users\amrem\Documents\Engineering Year 4\Machine Learning\Project\Vehicle-Classification\data\inbox\archive (2)\train\heavy truck\e5c6063e645cc90c3b6807729ce23f4d.jpg,reject,,,reject,c:\Users\amrem\Documents\Engineering Year 4\Machine Learning\Project\Vehicle-Classification\data\raw\reject\e5c6063e645cc90c3b6807729ce23f4d.jpg
20251231_231356,2025-12-31T23:23:35,c:\Users\amrem\Documents\Engineering Year 4\Machine Learning\Project\Vehicle-Classification\data\inbox\archive (2)\train\heavy truck\e96872f0ccadce8346a2098632f58f25.jpg,label,7,6,class_07_four_or_more_axle_single_unit,c:\Users\amrem\Documents\Engineering Year 4\Machine Learning\Project\Vehicle-Classification\data\raw\class_07_four_or_more_axle_single_unit\e96872f0ccadce8346a2098632f58f25.jpg
20251231_231356,2025-12-31T23:23:38,c:\Users\amrem\Documents\Engineering Year 4\Machine Learning\Project\Vehicle-Classification\data\inbox\archive (2)\train\heavy truck\ea10c8b0ab355a2abff5684c94458f68.jpg,label,6,5,class_06_three_axle_single_unit,c:\Users\amrem\Documents\Engineering Year 4\Machine Learning\Project\Vehicle-Classification\data\raw\class_06_three_axle_single_unit\ea10c8b0ab355a2abff5684c94458f68.jpg
20251231_231356,2025-12-31T23:23:40,c:\Users\amrem\Documents\Engineering Year 4\Machine Learning\Project\Vehicle-Classification\data\inbox\archive (2)\train\heavy truck\eafa5ee3a002ee9d98cdd4bb03ced9a0.jpg,label,6,5,class_06_three_axle_single_unit,c:\Users\amrem\Documents\Engineering Year 4\Machine Learning\Project\Vehicle-Classification\data\raw\class_06_three_axle_single_unit\eafa5ee3a002ee9d98cdd4bb03ced9a0.jpg
20251231_231356,2025-12-31T23:23:42,c:\Users\amrem\Documents\Engineering Year 4\Machine Learning\Project\Vehicle-Classification\data\inbox\archive (2)\train\heavy truck\ebfa62f8b6760df69fd22415003c2598.jpg,reject,,,reject,c:\Users\amrem\Documents\Engineering Year 4\Machine Learning\Project\Vehicle-Classification\data\raw\reject\ebfa62f8b6760df69fd22415003c2598.jpg
20251231_231356,2025-12-31T23:23:47,c:\Users\amrem\Documents\Engineering Year 4\Machine Learning\Project\Vehicle-Classification\data\inbox\archive (2)\train\heavy truck\eed6b3772e3bc3f38d2aa6df7a460a1b.jpg,label,6,5,class_06_three_axle_single_unit,c:\Users\amrem\Documents\Engineering Year 4\Machine Learning\Project\Vehicle-Classification\data\raw\class_06_three_axle_single_unit\eed6b3772e3bc3f38d2aa6df7a460a1b.jpg
20251231_231356,2025-12-31T23:23:50,c:\Users\amrem\Documents\Engineering Year 4\Machine Learning\Project\Vehicle-Classification\data\inbox\archive (2)\train\heavy truck\f20637ab62d6d743465e5c37394662d5.jpg,reject,,,reject,c:\Users\amrem\Documents\Engineering Year 4\Machine Learning\Project\Vehicle-Classification\data\raw\reject\f20637ab62d6d743465e5c37394662d5.jpg
20251231_231356,2025-12-31T23:23:53,c:\Users\amrem\Documents\Engineering Year 4\Machine Learning\Project\Vehicle-Classification\data\inbox\archive (2)\train\heavy truck\f6d4d6e833d0614f8b08cbfe47c714fc.jpg,label,6,5,class_06_three_axle_single_unit,c:\Users\amrem\Documents\Engineering Year 4\Machine Learning\Project\Vehicle-Classification\data\raw\class_06_three_axle_single_unit\f6d4d6e833d0614f8b08cbfe47c714fc.jpg
20251231_231356,2025-12-31T23:23:55,c:\Users\amrem\Documents\Engineering Year 4\Machine Learning\Project\Vehicle-Classification\data\inbox\archive (2)\train\heavy truck\f9a6962a7008463e9e21e873632398cd.jpg,reject,,,reject,c:\Users\amrem\Documents\Engineering Year 4\Machine Learning\Project\Vehicle-Classification\data\raw\reject\f9a6962a7008463e9e21e873632398cd.jpg
20251231_231356,2025-12-31T23:23:56,c:\Users\amrem\Documents\Engineering Year 4\Machine Learning\Project\Vehicle-Classification\data\inbox\archive (2)\train\heavy truck\fa0341be261e556686bc543e2a858291.jpg,label,6,5,class_06_three_axle_single_unit,c:\Users\amrem\Documents\Engineering Year 4\Machine Learning\Project\Vehicle-Classification\data\raw\class_06_three_axle_single_unit\fa0341be261e556686bc543e2a858291.jpg
20251231_231356,2025-12-31T23:23:58,c:\Users\amrem\Documents\Engineering Year 4\Machine Learning\Project\Vehicle-Classification\data\inbox\archive (2)\train\heavy truck\fafb9cecd4c4989728055a2ee797bf8a.jpg,reject,,,reject,c:\Users\amrem\Documents\Engineering Year 4\Machine Learning\Project\Vehicle-Classification\data\raw\reject\fafb9cecd4c4989728055a2ee797bf8a.jpg
20251231_231356,2025-12-31T23:23:59,c:\Users\amrem\Documents\Engineering Year 4\Machine Learning\Project\Vehicle-Classification\data\inbox\archive (2)\train\heavy truck\fc5f6a3bc372df47d5140647eb6d56cd.jpg,reject,,,reject,c:\Users\amrem\Documents\Engineering Year 4\Machine Learning\Project\Vehicle-Classification\data\raw\reject\fc5f6a3bc372df47d5140647eb6d56cd.jpg
20251231_231356,2025-12-31T23:24:01,c:\Users\amrem\Documents\Engineering Year 4\Machine Learning\Project\Vehicle-Classification\data\inbox\archive (2)\train\jeep\004da428af4c7436b5f1caa2d06fe2c5.jpg,label,2,1,class_02_passenger_car,c:\Users\amrem\Documents\Engineering Year 4\Machine Learning\Project\Vehicle-Classification\data\raw\class_02_passenger_car\004da428af4c7436b5f1caa2d06fe2c5.jpg
20251231_231356,2025-12-31T23:25:20,c:\Users\amrem\Documents\Engineering Year 4\Machine Learning\Project\Vehicle-Classification\data\inbox\archive (2)\train\jeep\00c47631aae05108859a5a3e5dc9661c.jpg,label,2,1,class_02_passenger_car,c:\Users\amrem\Documents\Engineering Year 4\Machine Learning\Project\Vehicle-Classification\data\raw\class_02_passenger_car\00c47631aae05108859a5a3e5dc9661c.jpg
20251231_231356,2025-12-31T23:25:21,c:\Users\amrem\Documents\Engineering Year 4\Machine Learning\Project\Vehicle-Classification\data\inbox\archive (2)\train\jeep\0a5ba89747160a7b60f41c4efddd23c5.jpg,label,2,1,class_02_passenger_car,c:\Users\amrem\Documents\Engineering Year 4\Machine Learning\Project\Vehicle-Classification\data\raw\class_02_passenger_car\0a5ba89747160a7b60f41c4efddd23c5.jpg
20251231_231356,2025-12-31T23:25:21,c:\Users\amrem\Documents\Engineering Year 4\Machine Learning\Project\Vehicle-Classification\data\inbox\archive (2)\train\jeep\0cfab9efcd38783dedbb8b98c012556c.jpg,label,2,1,class_02_passenger_car,c:\Users\amrem\Documents\Engineering Year 4\Machine Learning\Project\Vehicle-Classification\data\raw\class_02_passenger_car\0cfab9efcd38783dedbb8b98c012556c.jpg
20251231_231356,2025-12-31T23:25:22,c:\Users\amrem\Documents\Engineering Year 4\Machine Learning\Project\Vehicle-Classification\data\inbox\archive (2)\train\jeep\0de9a280994043e107e3ba21b8673364.jpg,label,2,1,class_02_passenger_car,c:\Users\amrem\Documents\Engineering Year 4\Machine Learning\Project\Vehicle-Classification\data\raw\class_02_passenger_car\0de9a280994043e107e3ba21b8673364.jpg
20251231_231356,2025-12-31T23:25:23,c:\Users\amrem\Documents\Engineering Year 4\Machine Learning\Project\Vehicle-Classification\data\inbox\archive (2)\train\jeep\1c2373d8edde62664d1382022fcfedb0.jpg,label,2,1,class_02_passenger_car,c:\Users\amrem\Documents\Engineering Year 4\Machine Learning\Project\Vehicle-Classification\data\raw\class_02_passenger_car\1c2373d8edde62664d1382022fcfedb0.jpg
20251231_231356,2025-12-31T23:25:24,c:\Users\amrem\Documents\Engineering Year 4\Machine Learning\Project\Vehicle-Classification\data\inbox\archive (2)\train\jeep\1cfa9673ddb6152b25fe8f48fcaabcf5.jpg,label,2,1,class_02_passenger_car,c:\Users\amrem\Documents\Engineering Year 4\Machine Learning\Project\Vehicle-Classification\data\raw\class_02_passenger_car\1cfa9673ddb6152b25fe8f48fcaabcf5.jpg
20251231_231356,2025-12-31T23:25:24,c:\Users\amrem\Documents\Engineering Year 4\Machine Learning\Project\Vehicle-Classification\data\inbox\archive (2)\train\jeep\1e162aa533fde4913693d9a30e8c065a.jpg,label,2,1,class_02_passenger_car,c:\Users\amrem\Documents\Engineering Year 4\Machine Learning\Project\Vehicle-Classification\data\raw\class_02_passenger_car\1e162aa533fde4913693d9a30e8c065a.jpg
20251231_231356,2025-12-31T23:25:25,c:\Users\amrem\Documents\Engineering Year 4\Machine Learning\Project\Vehicle-Classification\data\inbox\archive (2)\train\jeep\1f6634311a7a3cad4f6585559f3aad1b.jpg,label,2,1,class_02_passenger_car,c:\Users\amrem\Documents\Engineering Year 4\Machine Learning\Project\Vehicle-Classification\data\raw\class_02_passenger_car\1f6634311a7a3cad4f6585559f3aad1b.jpg
20251231_231356,2025-12-31T23:25:26,c:\Users\amrem\Documents\Engineering Year 4\Machine Learning\Project\Vehicle-Classification\data\inbox\archive (2)\train\jeep\2eaa2b685d5dc9700e35a69ec3889986.jpg,label,2,1,class_02_passenger_car,c:\Users\amrem\Documents\Engineering Year 4\Machine Learning\Project\Vehicle-Classification\data\raw\class_02_passenger_car\2eaa2b685d5dc9700e35a69ec3889986.jpg
20251231_231356,2025-12-31T23:25:27,c:\Users\amrem\Documents\Engineering Year 4\Machine Learning\Project\Vehicle-Classification\data\inbox\archive (2)\train\jeep\2fd7658532a5d55870a0e438f9f35916.jpg,label,2,1,class_02_passenger_car,c:\Users\amrem\Documents\Engineering Year 4\Machine Learning\Project\Vehicle-Classification\data\raw\class_02_passenger_car\2fd7658532a5d55870a0e438f9f35916.jpg
20251231_231356,2025-12-31T23:25:27,c:\Users\amrem\Documents\Engineering Year 4\Machine Learning\Project\Vehicle-Classification\data\inbox\archive (2)\train\jeep\3b3ed43c2414dbfd9dd5ecaa335e2ef8.jpg,label,2,1,class_02_passenger_car,c:\Users\amrem\Documents\Engineering Year 4\Machine Learning\Project\Vehicle-Classification\data\raw\class_02_passenger_car\3b3ed43c2414dbfd9dd5ecaa335e2ef8.jpg
20251231_231356,2025-12-31T23:25:28,c:\Users\amrem\Documents\Engineering Year 4\Machine Learning\Project\Vehicle-Classification\data\inbox\archive (2)\train\jeep\3bd0abca49decaafdbc51e1be9f60a22.jpg,label,2,1,class_02_passenger_car,c:\Users\amrem\Documents\Engineering Year 4\Machine Learning\Project\Vehicle-Classification\data\raw\class_02_passenger_car\3bd0abca49decaafdbc51e1be9f60a22.jpg
20251231_231356,2025-12-31T23:25:29,c:\Users\amrem\Documents\Engineering Year 4\Machine Learning\Project\Vehicle-Classification\data\inbox\archive (2)\train\jeep\3e76ecaaf0d6346a6ee1183270a36452.jpg,label,2,1,class_02_passenger_car,c:\Users\amrem\Documents\Engineering Year 4\Machine Learning\Project\Vehicle-Classification\data\raw\class_02_passenger_car\3e76ecaaf0d6346a6ee1183270a36452.jpg
20251231_232654,2025-12-31T23:26:59,c:\Users\amrem\Documents\Engineering Year 4\Machine Learning\Project\Vehicle-Classification\data\inbox\archive (2)\val\bus\066c695f141f27ea881df8af5a827c99.jpg,label,4,3,class_04_bus,c:\Users\amrem\Documents\Engineering Year 4\Machine Learning\Project\Vehicle-Classification\data\raw\class_04_bus\066c695f141f27ea881df8af5a827c99_1.jpg
20251231_232654,2025-12-31T23:27:00,c:\Users\amrem\Documents\Engineering Year 4\Machine Learning\Project\Vehicle-Classification\data\inbox\archive (2)\val\bus\1b9471eefb6f3951f127beb69ef5a584.jpg,label,4,3,class_04_bus,c:\Users\amrem\Documents\Engineering Year 4\Machine Learning\Project\Vehicle-Classification\data\raw\class_04_bus\1b9471eefb6f3951f127beb69ef5a584_1.jpg
20251231_232654,2025-12-31T23:27:01,c:\Users\amrem\Documents\Engineering Year 4\Machine Learning\Project\Vehicle-Classification\data\inbox\archive (2)\val\bus\2b96ccd24db32c2c47581afde8d42722.jpg,label,4,3,class_04_bus,c:\Users\amrem\Documents\Engineering Year 4\Machine Learning\Project\Vehicle-Classification\data\raw\class_04_bus\2b96ccd24db32c2c47581afde8d42722_1.jpg
20251231_232654,2025-12-31T23:27:02,c:\Users\amrem\Documents\Engineering Year 4\Machine Learning\Project\Vehicle-Classification\data\inbox\archive (2)\val\bus\356d8576837338e82cf363d2dc7747c0.jpg,label,4,3,class_04_bus,c:\Users\amrem\Documents\Engineering Year 4\Machine Learning\Project\Vehicle-Classification\data\raw\class_04_bus\356d8576837338e82cf363d2dc7747c0.jpg
20251231_232654,2025-12-31T23:27:02,c:\Users\amrem\Documents\Engineering Year 4\Machine Learning\Project\Vehicle-Classification\data\inbox\archive (2)\val\bus\45242c276cd516adb93561503a2f6ed7.jpg,label,4,3,class_04_bus,c:\Users\amrem\Documents\Engineering Year 4\Machine Learning\Project\Vehicle-Classification\data\raw\class_04_bus\45242c276cd516adb93561503a2f6ed7_1.jpg
20251231_232654,2025-12-31T23:27:03,c:\Users\amrem\Documents\Engineering Year 4\Machine Learning\Project\Vehicle-Classification\data\inbox\archive (2)\val\bus\5bbe28f7cf6ee6453caad79db64ba7c0.jpg,label,4,3,class_04_bus,c:\Users\amrem\Documents\Engineering Year 4\Machine Learning\Project\Vehicle-Classification\data\raw\class_04_bus\5bbe28f7cf6ee6453caad79db64ba7c0_1.jpg
20251231_232654,2025-12-31T23:27:03,c:\Users\amrem\Documents\Engineering Year 4\Machine Learning\Project\Vehicle-Classification\data\inbox\archive (2)\val\bus\5d7514af404266c3f92efcee8662f640.jpg,label,4,3,class_04_bus,c:\Users\amrem\Documents\Engineering Year 4\Machine Learning\Project\Vehicle-Classification\data\raw\class_04_bus\5d7514af404266c3f92efcee8662f640_1.jpg
20251231_232654,2025-12-31T23:27:04,c:\Users\amrem\Documents\Engineering Year 4\Machine Learning\Project\Vehicle-Classification\data\inbox\archive (2)\val\bus\63f9f7dc8298317284bf7dbf2074b3ba.jpg,label,4,3,class_04_bus,c:\Users\amrem\Documents\Engineering Year 4\Machine Learning\Project\Vehicle-Classification\data\raw\class_04_bus\63f9f7dc8298317284bf7dbf2074b3ba_1.jpg
20251231_232654,2025-12-31T23:27:05,c:\Users\amrem\Documents\Engineering Year 4\Machine Learning\Project\Vehicle-Classification\data\inbox\archive (2)\val\bus\6739b35e5a470fdb37862fb2bc5251ef.jpg,label,4,3,class_04_bus,c:\Users\amrem\Documents\Engineering Year 4\Machine Learning\Project\Vehicle-Classification\data\raw\class_04_bus\6739b35e5a470fdb37862fb2bc5251ef_1.jpg
20251231_232654,2025-12-31T23:27:05,c:\Users\amrem\Documents\Engineering Year 4\Machine Learning\Project\Vehicle-Classification\data\inbox\archive (2)\val\bus\7fe25c5c90c4f447fe3fa10adf4232cd.jpg,label,4,3,class_04_bus,c:\Users\amrem\Documents\Engineering Year 4\Machine Learning\Project\Vehicle-Classification\data\raw\class_04_bus\7fe25c5c90c4f447fe3fa10adf4232cd_1.jpg
20251231_232654,2025-12-31T23:27:06,c:\Users\amrem\Documents\Engineering Year 4\Machine Learning\Project\Vehicle-Classification\data\inbox\archive (2)\val\bus\9e37ae8bf11600a30afcd592d73a4be1.jpg,label,4,3,class_04_bus,c:\Users\amrem\Documents\Engineering Year 4\Machine Learning\Project\Vehicle-Classification\data\raw\class_04_bus\9e37ae8bf11600a30afcd592d73a4be1_1.jpg
20251231_232654,2025-12-31T23:27:06,c:\Users\amrem\Documents\Engineering Year 4\Machine Learning\Project\Vehicle-Classification\data\inbox\archive (2)\val\bus\a67cad73fd03d2d5cef3a81bf78ed0a3.jpg,label,4,3,class_04_bus,c:\Users\amrem\Documents\Engineering Year 4\Machine Learning\Project\Vehicle-Classification\data\raw\class_04_bus\a67cad73fd03d2d5cef3a81bf78ed0a3_1.jpg
20251231_232654,2025-12-31T23:27:06,c:\Users\amrem\Documents\Engineering Year 4\Machine Learning\Project\Vehicle-Classification\data\inbox\archive (2)\val\bus\b2de8a56b1fbbee32afbe72d823f8a5a.jpg,label,4,3,class_04_bus,c:\Users\amrem\Documents\Engineering Year 4\Machine Learning\Project\Vehicle-Classification\data\raw\class_04_bus\b2de8a56b1fbbee32afbe72d823f8a5a_1.jpg
20251231_232654,2025-12-31T23:27:07,c:\Users\amrem\Documents\Engineering Year 4\Machine Learning\Project\Vehicle-Classification\data\inbox\archive (2)\val\bus\b62c7d59cd74dc1bc2eaa1b951cfd0a7.jpg,label,4,3,class_04_bus,c:\Users\amrem\Documents\Engineering Year 4\Machine Learning\Project\Vehicle-Classification\data\raw\class_04_bus\b62c7d59cd74dc1bc2eaa1b951cfd0a7_1.jpg
20251231_232654,2025-12-31T23:27:08,c:\Users\amrem\Documents\Engineering Year 4\Machine Learning\Project\Vehicle-Classification\data\inbox\archive (2)\val\bus\c1adb1337eba00e584e3704af99d291c.jpg,label,4,3,class_04_bus,c:\Users\amrem\Documents\Engineering Year 4\Machine Learning\Project\Vehicle-Classification\data\raw\class_04_bus\c1adb1337eba00e584e3704af99d291c_1.jpg
20251231_232654,2025-12-31T23:27:08,c:\Users\amrem\Documents\Engineering Year 4\Machine Learning\Project\Vehicle-Classification\data\inbox\archive (2)\val\bus\cf042dd7addc3894b78063b90016ec03.jpg,label,4,3,class_04_bus,c:\Users\amrem\Documents\Engineering Year 4\Machine Learning\Project\Vehicle-Classification\data\raw\class_04_bus\cf042dd7addc3894b78063b90016ec03_1.jpg
20251231_232654,2025-12-31T23:27:09,c:\Users\amrem\Documents\Engineering Year 4\Machine Learning\Project\Vehicle-Classification\data\inbox\archive (2)\val\bus\eafaa5fd38df370046f8b185488e7fa5.jpg,label,4,3,class_04_bus,c:\Users\amrem\Documents\Engineering Year 4\Machine Learning\Project\Vehicle-Classification\data\raw\class_04_bus\eafaa5fd38df370046f8b185488e7fa5_1.jpg
20251231_232654,2025-12-31T23:27:09,c:\Users\amrem\Documents\Engineering Year 4\Machine Learning\Project\Vehicle-Classification\data\inbox\archive (2)\val\bus\f81a39ee4b311be9eb5aac2ba1cbaffd.jpg,label,4,3,class_04_bus,c:\Users\amrem\Documents\Engineering Year 4\Machine Learning\Project\Vehicle-Classification\data\raw\class_04_bus\f81a39ee4b311be9eb5aac2ba1cbaffd_1.jpg
20251231_232654,2025-12-31T23:27:10,c:\Users\amrem\Documents\Engineering Year 4\Machine Learning\Project\Vehicle-Classification\data\inbox\archive (2)\val\bus\fb1e25b446c8174cc443c366a1d0e38b.jpg,label,4,3,class_04_bus,c:\Users\amrem\Documents\Engineering Year 4\Machine Learning\Project\Vehicle-Classification\data\raw\class_04_bus\fb1e25b446c8174cc443c366a1d0e38b_1.jpg
20251231_232654,2025-12-31T23:27:10,c:\Users\amrem\Documents\Engineering Year 4\Machine Learning\Project\Vehicle-Classification\data\inbox\archive (2)\val\bus\ff9974e9177a989100fae4b8c505cad5.jpg,label,4,3,class_04_bus,c:\Users\amrem\Documents\Engineering Year 4\Machine Learning\Project\Vehicle-Classification\data\raw\class_04_bus\ff9974e9177a989100fae4b8c505cad5_1.jpg
20251231_232654,2025-12-31T23:27:11,c:\Users\amrem\Documents\Engineering Year 4\Machine Learning\Project\Vehicle-Classification\data\inbox\archive (2)\val\family sedan\0cc36cf65da889e22fe9264c3079c459.jpg,label,4,3,class_04_bus,c:\Users\amrem\Documents\Engineering Year 4\Machine Learning\Project\Vehicle-Classification\data\raw\class_04_bus\0cc36cf65da889e22fe9264c3079c459.jpg
20251231_232654,2025-12-31T23:27:13,c:\Users\amrem\Documents\Engineering Year 4\Machine Learning\Project\Vehicle-Classification\data\inbox\archive (2)\val\family sedan\2f180924cbcb4fef31c4eafdd1377a8d.jpg,label,2,1,class_02_passenger_car,c:\Users\amrem\Documents\Engineering Year 4\Machine Learning\Project\Vehicle-Classification\data\raw\class_02_passenger_car\2f180924cbcb4fef31c4eafdd1377a8d_1.jpg
20251231_232654,2025-12-31T23:27:14,c:\Users\amrem\Documents\Engineering Year 4\Machine Learning\Project\Vehicle-Classification\data\inbox\archive (2)\val\family sedan\383f5f3edc4dd305ba0d1eb57ac55892.jpg,label,2,1,class_02_passenger_car,c:\Users\amrem\Documents\Engineering Year 4\Machine Learning\Project\Vehicle-Classification\data\raw\class_02_passenger_car\383f5f3edc4dd305ba0d1eb57ac55892_1.jpg
20251231_232654,2025-12-31T23:27:15,c:\Users\amrem\Documents\Engineering Year 4\Machine Learning\Project\Vehicle-Classification\data\inbox\archive (2)\val\family sedan\48dc3c3c0038b87e330d7692cae4b0ff.jpg,label,2,1,class_02_passenger_car,c:\Users\amrem\Documents\Engineering Year 4\Machine Learning\Project\Vehicle-Classification\data\raw\class_02_passenger_car\48dc3c3c0038b87e330d7692cae4b0ff_1.jpg
20251231_232654,2025-12-31T23:27:16,c:\Users\amrem\Documents\Engineering Year 4\Machine Learning\Project\Vehicle-Classification\data\inbox\archive (2)\val\family sedan\571d8914dd5d1b7e5a493b167ee49ce6.jpg,label,2,1,class_02_passenger_car,c:\Users\amrem\Documents\Engineering Year 4\Machine Learning\Project\Vehicle-Classification\data\raw\class_02_passenger_car\571d8914dd5d1b7e5a493b167ee49ce6_1.jpg
20251231_232654,2025-12-31T23:27:19,c:\Users\amrem\Documents\Engineering Year 4\Machine Learning\Project\Vehicle-Classification\data\inbox\archive (2)\val\family sedan\6a4e8af47c5b5b1412ce9a28a247d50e.jpg,reject,,,reject,c:\Users\amrem\Documents\Engineering Year 4\Machine Learning\Project\Vehicle-Classification\data\raw\reject\6a4e8af47c5b5b1412ce9a28a247d50e.jpg
20251231_232654,2025-12-31T23:27:21,c:\Users\amrem\Documents\Engineering Year 4\Machine Learning\Project\Vehicle-Classification\data\inbox\archive (2)\val\family sedan\897c7be0d09ce1e992ab8e68fc3194f6.jpg,label,2,1,class_02_passenger_car,c:\Users\amrem\Documents\Engineering Year 4\Machine Learning\Project\Vehicle-Classification\data\raw\class_02_passenger_car\897c7be0d09ce1e992ab8e68fc3194f6_1.jpg
20251231_232654,2025-12-31T23:27:21,c:\Users\amrem\Documents\Engineering Year 4\Machine Learning\Project\Vehicle-Classification\data\inbox\archive (2)\val\family sedan\9803fa77a01d28b1be669c4f2dc1a9d2.jpg,label,2,1,class_02_passenger_car,c:\Users\amrem\Documents\Engineering Year 4\Machine Learning\Project\Vehicle-Classification\data\raw\class_02_passenger_car\9803fa77a01d28b1be669c4f2dc1a9d2_1.jpg
20251231_232654,2025-12-31T23:27:22,c:\Users\amrem\Documents\Engineering Year 4\Machine Learning\Project\Vehicle-Classification\data\inbox\archive (2)\val\family sedan\98b83106dcaeeb585913fb59c8525757.jpg,label,2,1,class_02_passenger_car,c:\Users\amrem\Documents\Engineering Year 4\Machine Learning\Project\Vehicle-Classification\data\raw\class_02_passenger_car\98b83106dcaeeb585913fb59c8525757.jpg
20251231_232654,2025-12-31T23:27:22,c:\Users\amrem\Documents\Engineering Year 4\Machine Learning\Project\Vehicle-Classification\data\inbox\archive (2)\val\family sedan\9ce02d377794f9103c107a80f660c562.jpg,label,2,1,class_02_passenger_car,c:\Users\amrem\Documents\Engineering Year 4\Machine Learning\Project\Vehicle-Classification\data\raw\class_02_passenger_car\9ce02d377794f9103c107a80f660c562_1.jpg
20251231_232654,2025-12-31T23:27:23,c:\Users\amrem\Documents\Engineering Year 4\Machine Learning\Project\Vehicle-Classification\data\inbox\archive (2)\val\family sedan\b59690d2999ededa3012570e6401a258.jpg,label,2,1,class_02_passenger_car,c:\Users\amrem\Documents\Engineering Year 4\Machine Learning\Project\Vehicle-Classification\data\raw\class_02_passenger_car\b59690d2999ededa3012570e6401a258_1.jpg
20251231_232654,2025-12-31T23:27:23,c:\Users\amrem\Documents\Engineering Year 4\Machine Learning\Project\Vehicle-Classification\data\inbox\archive (2)\val\family sedan\c60d3c01fee2ed317790da3f7d510d4a.jpg,label,2,1,class_02_passenger_car,c:\Users\amrem\Documents\Engineering Year 4\Machine Learning\Project\Vehicle-Classification\data\raw\class_02_passenger_car\c60d3c01fee2ed317790da3f7d510d4a_1.jpg
20251231_232654,2025-12-31T23:27:24,c:\Users\amrem\Documents\Engineering Year 4\Machine Learning\Project\Vehicle-Classification\data\inbox\archive (2)\val\family sedan\d5d52493c4ac9b5cfac5b7d1d50edc9a.jpg,label,2,1,class_02_passenger_car,c:\Users\amrem\Documents\Engineering Year 4\Machine Learning\Project\Vehicle-Classification\data\raw\class_02_passenger_car\d5d52493c4ac9b5cfac5b7d1d50edc9a_1.jpg
20251231_232654,2025-12-31T23:27:24,c:\Users\amrem\Documents\Engineering Year 4\Machine Learning\Project\Vehicle-Classification\data\inbox\archive (2)\val\family sedan\d6c4bc7127a99edbd4bcc615b771604d.jpg,label,2,1,class_02_passenger_car,c:\Users\amrem\Documents\Engineering Year 4\Machine Learning\Project\Vehicle-Classification\data\raw\class_02_passenger_car\d6c4bc7127a99edbd4bcc615b771604d.jpg
20251231_232654,2025-12-31T23:27:25,c:\Users\amrem\Documents\Engineering Year 4\Machine Learning\Project\Vehicle-Classification\data\inbox\archive (2)\val\family sedan\d72ad0ed59de6b2715fc967a56230fbb.jpg,label,2,1,class_02_passenger_car,c:\Users\amrem\Documents\Engineering Year 4\Machine Learning\Project\Vehicle-Classification\data\raw\class_02_passenger_car\d72ad0ed59de6b2715fc967a56230fbb_1.jpg
20251231_232654,2025-12-31T23:27:25,c:\Users\amrem\Documents\Engineering Year 4\Machine Learning\Project\Vehicle-Classification\data\inbox\archive (2)\val\family sedan\e4cbdeb3466f788bfa92e59ced37132b.jpg,label,2,1,class_02_passenger_car,c:\Users\amrem\Documents\Engineering Year 4\Machine Learning\Project\Vehicle-Classification\data\raw\class_02_passenger_car\e4cbdeb3466f788bfa92e59ced37132b_1.jpg
20251231_232654,2025-12-31T23:27:26,c:\Users\amrem\Documents\Engineering Year 4\Machine Learning\Project\Vehicle-Classification\data\inbox\archive (2)\val\family sedan\eb3e8701367c730dbdd6dc9298ebea61.jpg,label,2,1,class_02_passenger_car,c:\Users\amrem\Documents\Engineering Year 4\Machine Learning\Project\Vehicle-Classification\data\raw\class_02_passenger_car\eb3e8701367c730dbdd6dc9298ebea61_1.jpg
20251231_232654,2025-12-31T23:27:26,c:\Users\amrem\Documents\Engineering Year 4\Machine Learning\Project\Vehicle-Classification\data\inbox\archive (2)\val\family sedan\f2cd6c805f084ce28812a62a0a582e7a.jpg,label,2,1,class_02_passenger_car,c:\Users\amrem\Documents\Engineering Year 4\Machine Learning\Project\Vehicle-Classification\data\raw\class_02_passenger_car\f2cd6c805f084ce28812a62a0a582e7a_1.jpg
20251231_232654,2025-12-31T23:27:27,c:\Users\amrem\Documents\Engineering Year 4\Machine Learning\Project\Vehicle-Classification\data\inbox\archive (2)\val\family sedan\f569b1a23f84ff157dafe6f8f73c8737.jpg,label,2,1,class_02_passenger_car,c:\Users\amrem\Documents\Engineering Year 4\Machine Learning\Project\Vehicle-Classification\data\raw\class_02_passenger_car\f569b1a23f84ff157dafe6f8f73c8737_1.jpg
20251231_232654,2025-12-31T23:27:27,c:\Users\amrem\Documents\Engineering Year 4\Machine Learning\Project\Vehicle-Classification\data\inbox\archive (2)\val\family sedan\fa218c0050ba94160ec0873ec80c4807.jpg,label,2,1,class_02_passenger_car,c:\Users\amrem\Documents\Engineering Year 4\Machine Learning\Project\Vehicle-Classification\data\raw\class_02_passenger_car\fa218c0050ba94160ec0873ec80c4807_1.jpg
20251231_232654,2025-12-31T23:27:28,c:\Users\amrem\Documents\Engineering Year 4\Machine Learning\Project\Vehicle-Classification\data\inbox\archive (2)\val\fire engine\1570cbe2a81dd646e94bf5e4e3b1f2b1.jpg,label,2,1,class_02_passenger_car,c:\Users\amrem\Documents\Engineering Year 4\Machine Learning\Project\Vehicle-Classification\data\raw\class_02_passenger_car\1570cbe2a81dd646e94bf5e4e3b1f2b1.jpg
20251231_232654,2025-12-31T23:27:30,c:\Users\amrem\Documents\Engineering Year 4\Machine Learning\Project\Vehicle-Classification\data\inbox\archive (2)\val\fire engine\2f313143d05ede99c2458ba697161c1c.jpg,reject,,,reject,c:\Users\amrem\Documents\Engineering Year 4\Machine Learning\Project\Vehicle-Classification\data\raw\reject\2f313143d05ede99c2458ba697161c1c.jpg
20251231_232654,2025-12-31T23:27:33,c:\Users\amrem\Documents\Engineering Year 4\Machine Learning\Project\Vehicle-Classification\data\inbox\archive (2)\val\fire engine\3f7a8b1ae0bc3d5d82e1240f810ce47d.jpg,label,6,5,class_06_three_axle_single_unit,c:\Users\amrem\Documents\Engineering Year 4\Machine Learning\Project\Vehicle-Classification\data\raw\class_06_three_axle_single_unit\3f7a8b1ae0bc3d5d82e1240f810ce47d.jpg
20251231_232654,2025-12-31T23:27:35,c:\Users\amrem\Documents\Engineering Year 4\Machine Learning\Project\Vehicle-Classification\data\inbox\archive (2)\val\fire engine\4b8b36da0de861862b49b1886c3c3109.jpg,label,5,4,class_05_two_axle_six_tire_single_unit,c:\Users\amrem\Documents\Engineering Year 4\Machine Learning\Project\Vehicle-Classification\data\raw\class_05_two_axle_six_tire_single_unit\4b8b36da0de861862b49b1886c3c3109.jpg
20251231_232654,2025-12-31T23:27:36,c:\Users\amrem\Documents\Engineering Year 4\Machine Learning\Project\Vehicle-Classification\data\inbox\archive (2)\val\fire engine\4baa8146de477ebafae4b3f46d5614c2.jpg,label,6,5,class_06_three_axle_single_unit,c:\Users\amrem\Documents\Engineering Year 4\Machine Learning\Project\Vehicle-Classification\data\raw\class_06_three_axle_single_unit\4baa8146de477ebafae4b3f46d5614c2.jpg
20251231_232654,2025-12-31T23:27:37,c:\Users\amrem\Documents\Engineering Year 4\Machine Learning\Project\Vehicle-Classification\data\inbox\archive (2)\val\fire engine\4d05406e038cc708cccb6fc4951e8d83.jpg,label,5,4,class_05_two_axle_six_tire_single_unit,c:\Users\amrem\Documents\Engineering Year 4\Machine Learning\Project\Vehicle-Classification\data\raw\class_05_two_axle_six_tire_single_unit\4d05406e038cc708cccb6fc4951e8d83.jpg
20251231_232654,2025-12-31T23:27:40,c:\Users\amrem\Documents\Engineering Year 4\Machine Learning\Project\Vehicle-Classification\data\inbox\archive (2)\val\fire engine\50b382a8b04c0da07f82216583e3f42c.jpg,reject,,,reject,c:\Users\amrem\Documents\Engineering Year 4\Machine Learning\Project\Vehicle-Classification\data\raw\reject\50b382a8b04c0da07f82216583e3f42c.jpg
20251231_232654,2025-12-31T23:27:41,c:\Users\amrem\Documents\Engineering Year 4\Machine Learning\Project\Vehicle-Classification\data\inbox\archive (2)\val\fire engine\61b29def40ee024890ebc2af8851a120.jpg,label,2,1,class_02_passenger_car,c:\Users\amrem\Documents\Engineering Year 4\Machine Learning\Project\Vehicle-Classification\data\raw\class_02_passenger_car\61b29def40ee024890ebc2af8851a120.jpg
20251231_232654,2025-12-31T23:27:42,c:\Users\amrem\Documents\Engineering Year 4\Machine Learning\Project\Vehicle-Classification\data\inbox\archive (2)\val\fire engine\6250695ca39f3d4e37303996a08a75e0.jpg,reject,,,reject,c:\Users\amrem\Documents\Engineering Year 4\Machine Learning\Project\Vehicle-Classification\data\raw\reject\6250695ca39f3d4e37303996a08a75e0.jpg
20251231_232654,2025-12-31T23:27:43,c:\Users\amrem\Documents\Engineering Year 4\Machine Learning\Project\Vehicle-Classification\data\inbox\archive (2)\val\fire engine\62795dabbbbe425b28275c4a0a601a63.jpg,reject,,,reject,c:\Users\amrem\Documents\Engineering Year 4\Machine Learning\Project\Vehicle-Classification\data\raw\reject\62795dabbbbe425b28275c4a0a601a63_1.jpg
20251231_232654,2025-12-31T23:27:45,c:\Users\amrem\Documents\Engineering Year 4\Machine Learning\Project\Vehicle-Classification\data\inbox\archive (2)\val\fire engine\6ff2bf5332ba76e0602d250f671d5b4e.jpg,label,6,5,class_06_three_axle_single_unit,c:\Users\amrem\Documents\Engineering Year 4\Machine Learning\Project\Vehicle-Classification\data\raw\class_06_three_axle_single_unit\6ff2bf5332ba76e0602d250f671d5b4e.jpg
20251231_232654,2025-12-31T23:27:46,c:\Users\amrem\Documents\Engineering Year 4\Machine Learning\Project\Vehicle-Classification\data\inbox\archive (2)\val\fire engine\7141dc0b260cb428c6c0bcb5e51426fc.jpg,label,5,4,class_05_two_axle_six_tire_single_unit,c:\Users\amrem\Documents\Engineering Year 4\Machine Learning\Project\Vehicle-Classification\data\raw\class_05_two_axle_six_tire_single_unit\7141dc0b260cb428c6c0bcb5e51426fc.jpg
20251231_232654,2025-12-31T23:27:47,c:\Users\amrem\Documents\Engineering Year 4\Machine Learning\Project\Vehicle-Classification\data\inbox\archive (2)\val\fire engine\75f2660d690d5bc035c1f9d9424e253a.jpg,label,6,5,class_06_three_axle_single_unit,c:\Users\amrem\Documents\Engineering Year 4\Machine Learning\Project\Vehicle-Classification\data\raw\class_06_three_axle_single_unit\75f2660d690d5bc035c1f9d9424e253a.jpg
20251231_232654,2025-12-31T23:27:49,c:\Users\amrem\Documents\Engineering Year 4\Machine Learning\Project\Vehicle-Classification\data\inbox\archive (2)\val\fire engine\7911da38a55c13ad65ee761999873d82.jpg,label,5,4,class_05_two_axle_six_tire_single_unit,c:\Users\amrem\Documents\Engineering Year 4\Machine Learning\Project\Vehicle-Classification\data\raw\class_05_two_axle_six_tire_single_unit\7911da38a55c13ad65ee761999873d82.jpg
20251231_232654,2025-12-31T23:27:51,c:\Users\amrem\Documents\Engineering Year 4\Machine Learning\Project\Vehicle-Classification\data\inbox\archive (2)\val\fire engine\7d674bf463a465d09ecf941b8d593865.jpg,reject,,,reject,c:\Users\amrem\Documents\Engineering Year 4\Machine Learning\Project\Vehicle-Classification\data\raw\reject\7d674bf463a465d09ecf941b8d593865.jpg
20251231_232654,2025-12-31T23:27:52,c:\Users\amrem\Documents\Engineering Year 4\Machine Learning\Project\Vehicle-Classification\data\inbox\archive (2)\val\fire engine\92f3902436b1862d6648fa244baea96a.jpg,reject,,,reject,c:\Users\amrem\Documents\Engineering Year 4\Machine Learning\Project\Vehicle-Classification\data\raw\reject\92f3902436b1862d6648fa244baea96a.jpg
20251231_232654,2025-12-31T23:27:53,c:\Users\amrem\Documents\Engineering Year 4\Machine Learning\Project\Vehicle-Classification\data\inbox\archive (2)\val\fire engine\95ac3b0debba83ee706b4edef03ee2c2.jpg,reject,,,reject,c:\Users\amrem\Documents\Engineering Year 4\Machine Learning\Project\Vehicle-Classification\data\raw\reject\95ac3b0debba83ee706b4edef03ee2c2_1.jpg
20251231_232654,2025-12-31T23:27:54,c:\Users\amrem\Documents\Engineering Year 4\Machine Learning\Project\Vehicle-Classification\data\inbox\archive (2)\val\fire engine\ae648d1b856a00e9150e84a0af1c1e71.jpg,reject,,,reject,c:\Users\amrem\Documents\Engineering Year 4\Machine Learning\Project\Vehicle-Classification\data\raw\reject\ae648d1b856a00e9150e84a0af1c1e71.jpg
20251231_232654,2025-12-31T23:27:56,c:\Users\amrem\Documents\Engineering Year 4\Machine Learning\Project\Vehicle-Classification\data\inbox\archive (2)\val\fire engine\d9158bb9ab1810deaf519d826959bb4c.jpg,label,6,5,class_06_three_axle_single_unit,c:\Users\amrem\Documents\Engineering Year 4\Machine Learning\Project\Vehicle-Classification\data\raw\class_06_three_axle_single_unit\d9158bb9ab1810deaf519d826959bb4c.jpg
20251231_232654,2025-12-31T23:27:57,c:\Users\amrem\Documents\Engineering Year 4\Machine Learning\Project\Vehicle-Classification\data\inbox\archive (2)\val\fire engine\dc29b0ebe4538eeadc18ee811f942bd4.jpg,reject,,,reject,c:\Users\amrem\Documents\Engineering Year 4\Machine Learning\Project\Vehicle-Classification\data\raw\reject\dc29b0ebe4538eeadc18ee811f942bd4.jpg
20251231_232654,2025-12-31T23:27:58,c:\Users\amrem\Documents\Engineering Year 4\Machine Learning\Project\Vehicle-Classification\data\inbox\archive (2)\val\heavy truck\0419f656d61b42a6b2d567ed9ab6673f.jpg,reject,,,reject,c:\Users\amrem\Documents\Engineering Year 4\Machine Learning\Project\Vehicle-Classification\data\raw\reject\0419f656d61b42a6b2d567ed9ab6673f_1.jpg
20251231_232654,2025-12-31T23:27:58,c:\Users\amrem\Documents\Engineering Year 4\Machine Learning\Project\Vehicle-Classification\data\inbox\archive (2)\val\heavy truck\0b63fb15f9c403994e140b5a000088be.jpg,reject,,,reject,c:\Users\amrem\Documents\Engineering Year 4\Machine Learning\Project\Vehicle-Classification\data\raw\reject\0b63fb15f9c403994e140b5a000088be_1.jpg
20251231_232654,2025-12-31T23:27:59,c:\Users\amrem\Documents\Engineering Year 4\Machine Learning\Project\Vehicle-Classification\data\inbox\archive (2)\val\heavy truck\12c90c522b52cdc2a5c4d460960163e8.jpg,reject,,,reject,c:\Users\amrem\Documents\Engineering Year 4\Machine Learning\Project\Vehicle-Classification\data\raw\reject\12c90c522b52cdc2a5c4d460960163e8.jpg
20251231_232654,2025-12-31T23:28:02,c:\Users\amrem\Documents\Engineering Year 4\Machine Learning\Project\Vehicle-Classification\data\inbox\archive (2)\val\heavy truck\1a3f888928097b855e49c1926b94a5dc.jpg,reject,,,reject,c:\Users\amrem\Documents\Engineering Year 4\Machine Learning\Project\Vehicle-Classification\data\raw\reject\1a3f888928097b855e49c1926b94a5dc.jpg
20251231_232654,2025-12-31T23:28:03,c:\Users\amrem\Documents\Engineering Year 4\Machine Learning\Project\Vehicle-Classification\data\inbox\archive (2)\val\heavy truck\1b97666eaae94e70cba5e238017cab7a.jpg,reject,,,reject,c:\Users\amrem\Documents\Engineering Year 4\Machine Learning\Project\Vehicle-Classification\data\raw\reject\1b97666eaae94e70cba5e238017cab7a.jpg
20251231_232654,2025-12-31T23:28:05,c:\Users\amrem\Documents\Engineering Year 4\Machine Learning\Project\Vehicle-Classification\data\inbox\archive (2)\val\heavy truck\210d3833b9c3b0613e6c03a33b01d13a.jpg,reject,,,reject,c:\Users\amrem\Documents\Engineering Year 4\Machine Learning\Project\Vehicle-Classification\data\raw\reject\210d3833b9c3b0613e6c03a33b01d13a.jpg
20251231_232654,2025-12-31T23:28:07,c:\Users\amrem\Documents\Engineering Year 4\Machine Learning\Project\Vehicle-Classification\data\inbox\archive (2)\val\heavy truck\433a57b6d7767b974279ef8fcd49cc16.jpg,reject,,,reject,c:\Users\amrem\Documents\Engineering Year 4\Machine Learning\Project\Vehicle-Classification\data\raw\reject\433a57b6d7767b974279ef8fcd49cc16_1.jpg
20251231_232654,2025-12-31T23:28:07,c:\Users\amrem\Documents\Engineering Year 4\Machine Learning\Project\Vehicle-Classification\data\inbox\archive (2)\val\heavy truck\51a610fa467c9b6d0a0c9ebc87ebd6cd.jpg,reject,,,reject,c:\Users\amrem\Documents\Engineering Year 4\Machine Learning\Project\Vehicle-Classification\data\raw\reject\51a610fa467c9b6d0a0c9ebc87ebd6cd.jpg
20251231_232654,2025-12-31T23:28:08,c:\Users\amrem\Documents\Engineering Year 4\Machine Learning\Project\Vehicle-Classification\data\inbox\archive (2)\val\heavy truck\5edeade7ca9e85efa46e1be268be129c.jpg,reject,,,reject,c:\Users\amrem\Documents\Engineering Year 4\Machine Learning\Project\Vehicle-Classification\data\raw\reject\5edeade7ca9e85efa46e1be268be129c.jpg
20251231_232654,2025-12-31T23:28:08,c:\Users\amrem\Documents\Engineering Year 4\Machine Learning\Project\Vehicle-Classification\data\inbox\archive (2)\val\heavy truck\5f89e7991ccee7a66676616c8fc145e1.jpg,reject,,,reject,c:\Users\amrem\Documents\Engineering Year 4\Machine Learning\Project\Vehicle-Classification\data\raw\reject\5f89e7991ccee7a66676616c8fc145e1.jpg
20251231_232654,2025-12-31T23:28:09,c:\Users\amrem\Documents\Engineering Year 4\Machine Learning\Project\Vehicle-Classification\data\inbox\archive (2)\val\heavy truck\7855d33398a070b855381b5c0022a12a.jpg,reject,,,reject,c:\Users\amrem\Documents\Engineering Year 4\Machine Learning\Project\Vehicle-Classification\data\raw\reject\7855d33398a070b855381b5c0022a12a.jpg
20251231_232654,2025-12-31T23:28:10,c:\Users\amrem\Documents\Engineering Year 4\Machine Learning\Project\Vehicle-Classification\data\inbox\archive (2)\val\heavy truck\80b2881e21c9323d2693fb73baa063ee.jpg,reject,,,reject,c:\Users\amrem\Documents\Engineering Year 4\Machine Learning\Project\Vehicle-Classification\data\raw\reject\80b2881e21c9323d2693fb73baa063ee.jpg
20251231_232654,2025-12-31T23:28:10,c:\Users\amrem\Documents\Engineering Year 4\Machine Learning\Project\Vehicle-Classification\data\inbox\archive (2)\val\heavy truck\a3961bcb81ef2cad2e3c7c1cd14c261d.jpg,reject,,,reject,c:\Users\amrem\Documents\Engineering Year 4\Machine Learning\Project\Vehicle-Classification\data\raw\reject\a3961bcb81ef2cad2e3c7c1cd14c261d.jpg
20251231_232654,2025-12-31T23:28:11,c:\Users\amrem\Documents\Engineering Year 4\Machine Learning\Project\Vehicle-Classification\data\inbox\archive (2)\val\heavy truck\b0322b716be09e89ac21c22874194836.jpg,reject,,,reject,c:\Users\amrem\Documents\Engineering Year 4\Machine Learning\Project\Vehicle-Classification\data\raw\reject\b0322b716be09e89ac21c22874194836.jpg
20251231_232654,2025-12-31T23:28:13,c:\Users\amrem\Documents\Engineering Year 4\Machine Learning\Project\Vehicle-Classification\data\inbox\archive (2)\val\heavy truck\d0bc0f8b0754ea0f5c8736c769aaebaa.jpg,reject,,,reject,c:\Users\amrem\Documents\Engineering Year 4\Machine Learning\Project\Vehicle-Classification\data\raw\reject\d0bc0f8b0754ea0f5c8736c769aaebaa.jpg
20251231_232654,2025-12-31T23:28:14,c:\Users\amrem\Documents\Engineering Year 4\Machine Learning\Project\Vehicle-Classification\data\inbox\archive (2)\val\heavy truck\def5ed8eda194f16fe75b17278d7dffd.jpg,reject,,,reject,c:\Users\amrem\Documents\Engineering Year 4\Machine Learning\Project\Vehicle-Classification\data\raw\reject\def5ed8eda194f16fe75b17278d7dffd.jpg
20251231_232654,2025-12-31T23:28:14,c:\Users\amrem\Documents\Engineering Year 4\Machine Learning\Project\Vehicle-Classification\data\inbox\archive (2)\val\heavy truck\e683235e75b9e27ccf269006c21684e3.jpg,reject,,,reject,c:\Users\amrem\Documents\Engineering Year 4\Machine Learning\Project\Vehicle-Classification\data\raw\reject\e683235e75b9e27ccf269006c21684e3.jpg
20251231_232654,2025-12-31T23:28:15,c:\Users\amrem\Documents\Engineering Year 4\Machine Learning\Project\Vehicle-Classification\data\inbox\archive (2)\val\heavy truck\ebd1939d557a824d89e1017780d5a69c.jpg,reject,,,reject,c:\Users\amrem\Documents\Engineering Year 4\Machine Learning\Project\Vehicle-Classification\data\raw\reject\ebd1939d557a824d89e1017780d5a69c.jpg
20251231_232654,2025-12-31T23:28:16,c:\Users\amrem\Documents\Engineering Year 4\Machine Learning\Project\Vehicle-Classification\data\inbox\archive (2)\val\heavy truck\f55500934c8cc648bc9ae7b39cecf6bc.jpg,reject,,,reject,c:\Users\amrem\Documents\Engineering Year 4\Machine Learning\Project\Vehicle-Classification\data\raw\reject\f55500934c8cc648bc9ae7b39cecf6bc.jpg
20251231_232654,2025-12-31T23:28:16,c:\Users\amrem\Documents\Engineering Year 4\Machine Learning\Project\Vehicle-Classification\data\inbox\archive (2)\val\heavy truck\f9d5513079dfa5dd43c3c996aeebd88b.jpg,reject,,,reject,c:\Users\amrem\Documents\Engineering Year 4\Machine Learning\Project\Vehicle-Classification\data\raw\reject\f9d5513079dfa5dd43c3c996aeebd88b.jpg
20251231_232654,2025-12-31T23:28:17,c:\Users\amrem\Documents\Engineering Year 4\Machine Learning\Project\Vehicle-Classification\data\inbox\archive (2)\val\jeep\01ab0c4e74e5cefbc25e78e8b2b4b30d.jpg,reject,,,reject,c:\Users\amrem\Documents\Engineering Year 4\Machine Learning\Project\Vehicle-Classification\data\raw\reject\01ab0c4e74e5cefbc25e78e8b2b4b30d_1.jpg
20251231_232654,2025-12-31T23:28:17,c:\Users\amrem\Documents\Engineering Year 4\Machine Learning\Project\Vehicle-Classification\data\inbox\archive (2)\val\jeep\1ded9b835b61b963f13d6b4374ef2492.jpg,reject,,,reject,c:\Users\amrem\Documents\Engineering Year 4\Machine Learning\Project\Vehicle-Classification\data\raw\reject\1ded9b835b61b963f13d6b4374ef2492.jpg
20251231_232654,2025-12-31T23:28:18,c:\Users\amrem\Documents\Engineering Year 4\Machine Learning\Project\Vehicle-Classification\data\inbox\archive (2)\val\jeep\4aa43e160ee667c2deb922cd371204bc.jpg,reject,,,reject,c:\Users\amrem\Documents\Engineering Year 4\Machine Learning\Project\Vehicle-Classification\data\raw\reject\4aa43e160ee667c2deb922cd371204bc.jpg
20251231_232654,2025-12-31T23:28:18,c:\Users\amrem\Documents\Engineering Year 4\Machine Learning\Project\Vehicle-Classification\data\inbox\archive (2)\val\jeep\5789a84b08a72667f6ed1dc0e1400778.jpg,reject,,,reject,c:\Users\amrem\Documents\Engineering Year 4\Machine Learning\Project\Vehicle-Classification\data\raw\reject\5789a84b08a72667f6ed1dc0e1400778.jpg
20251231_232654,2025-12-31T23:28:19,c:\Users\amrem\Documents\Engineering Year 4\Machine Learning\Project\Vehicle-Classification\data\inbox\archive (2)\val\jeep\6f13f51f98bd1e2332bfa6f1c1c5ff14.jpg,reject,,,reject,c:\Users\amrem\Documents\Engineering Year 4\Machine Learning\Project\Vehicle-Classification\data\raw\reject\6f13f51f98bd1e2332bfa6f1c1c5ff14.jpg
20251231_232654,2025-12-31T23:28:19,c:\Users\amrem\Documents\Engineering Year 4\Machine Learning\Project\Vehicle-Classification\data\inbox\archive (2)\val\jeep\7678977975a2ab3fc51efbafd0baca37.jpg,reject,,,reject,c:\Users\amrem\Documents\Engineering Year 4\Machine Learning\Project\Vehicle-Classification\data\raw\reject\7678977975a2ab3fc51efbafd0baca37.jpg
20251231_232654,2025-12-31T23:28:20,c:\Users\amrem\Documents\Engineering Year 4\Machine Learning\Project\Vehicle-Classification\data\inbox\archive (2)\val\jeep\81eba54e555030c678afe71bb81c3480.jpg,reject,,,reject,c:\Users\amrem\Documents\Engineering Year 4\Machine Learning\Project\Vehicle-Classification\data\raw\reject\81eba54e555030c678afe71bb81c3480.jpg
20251231_232654,2025-12-31T23:28:21,c:\Users\amrem\Documents\Engineering Year 4\Machine Learning\Project\Vehicle-Classification\data\inbox\archive (2)\val\jeep\8752552fe0ec0dee238ad361b07fc501.jpg,reject,,,reject,c:\Users\amrem\Documents\Engineering Year 4\Machine Learning\Project\Vehicle-Classification\data\raw\reject\8752552fe0ec0dee238ad361b07fc501_1.jpg
20251231_232654,2025-12-31T23:28:22,c:\Users\amrem\Documents\Engineering Year 4\Machine Learning\Project\Vehicle-Classification\data\inbox\archive (2)\val\jeep\9129e0d08ecc8343ba0d45b297cb19d2.jpg,reject,,,reject,c:\Users\amrem\Documents\Engineering Year 4\Machine Learning\Project\Vehicle-Classification\data\raw\reject\9129e0d08ecc8343ba0d45b297cb19d2.jpg
20251231_232654,2025-12-31T23:28:23,c:\Users\amrem\Documents\Engineering Year 4\Machine Learning\Project\Vehicle-Classification\data\inbox\archive (2)\val\jeep\91409b182fe012ec4a4ffde63bf4f3e1.jpg,reject,,,reject,c:\Users\amrem\Documents\Engineering Year 4\Machine Learning\Project\Vehicle-Classification\data\raw\reject\91409b182fe012ec4a4ffde63bf4f3e1.jpg
20251231_232654,2025-12-31T23:28:23,c:\Users\amrem\Documents\Engineering Year 4\Machine Learning\Project\Vehicle-Classification\data\inbox\archive (2)\val\jeep\9757cb207b7e4bb8bd0bae284020f166.jpg,reject,,,reject,c:\Users\amrem\Documents\Engineering Year 4\Machine Learning\Project\Vehicle-Classification\data\raw\reject\9757cb207b7e4bb8bd0bae284020f166_1.jpg
20251231_232654,2025-12-31T23:28:24,c:\Users\amrem\Documents\Engineering Year 4\Machine Learning\Project\Vehicle-Classification\data\inbox\archive (2)\val\jeep\a3c9175c79d68d3a8aaf8719e59519d0.jpg,reject,,,reject,c:\Users\amrem\Documents\Engineering Year 4\Machine Learning\Project\Vehicle-Classification\data\raw\reject\a3c9175c79d68d3a8aaf8719e59519d0.jpg
20251231_232654,2025-12-31T23:28:25,c:\Users\amrem\Documents\Engineering Year 4\Machine Learning\Project\Vehicle-Classification\data\inbox\archive (2)\val\jeep\a72e4b986609cd50953f4c070f9df9a0.jpg,reject,,,reject,c:\Users\amrem\Documents\Engineering Year 4\Machine Learning\Project\Vehicle-Classification\data\raw\reject\a72e4b986609cd50953f4c070f9df9a0.jpg
20251231_232654,2025-12-31T23:28:27,c:\Users\amrem\Documents\Engineering Year 4\Machine Learning\Project\Vehicle-Classification\data\inbox\archive (2)\val\jeep\b64c45c9bdffb475ad76641a8f111c49.jpg,reject,,,reject,c:\Users\amrem\Documents\Engineering Year 4\Machine Learning\Project\Vehicle-Classification\data\raw\reject\b64c45c9bdffb475ad76641a8f111c49.jpg
20251231_232654,2025-12-31T23:28:28,c:\Users\amrem\Documents\Engineering Year 4\Machine Learning\Project\Vehicle-Classification\data\inbox\archive (2)\val\jeep\be8a535960c82e4332eed118196f7d56.jpg,reject,,,reject,c:\Users\amrem\Documents\Engineering Year 4\Machine Learning\Project\Vehicle-Classification\data\raw\reject\be8a535960c82e4332eed118196f7d56.jpg
20251231_232654,2025-12-31T23:28:29,c:\Users\amrem\Documents\Engineering Year 4\Machine Learning\Project\Vehicle-Classification\data\inbox\archive (2)\val\jeep\ca68371ad50fa0575b1fac8c5796fbfb.jpg,reject,,,reject,c:\Users\amrem\Documents\Engineering Year 4\Machine Learning\Project\Vehicle-Classification\data\raw\reject\ca68371ad50fa0575b1fac8c5796fbfb.jpg
20251231_232654,2025-12-31T23:28:29,c:\Users\amrem\Documents\Engineering Year 4\Machine Learning\Project\Vehicle-Classification\data\inbox\archive (2)\val\jeep\d4bb40dee633de3a610857f75d8fb037.jpg,reject,,,reject,c:\Users\amrem\Documents\Engineering Year 4\Machine Learning\Project\Vehicle-Classification\data\raw\reject\d4bb40dee633de3a610857f75d8fb037.jpg
20251231_232654,2025-12-31T23:28:30,c:\Users\amrem\Documents\Engineering Year 4\Machine Learning\Project\Vehicle-Classification\data\inbox\archive (2)\val\jeep\db1ada5a60a1562ac68263444a2595be.jpg,reject,,,reject,c:\Users\amrem\Documents\Engineering Year 4\Machine Learning\Project\Vehicle-Classification\data\raw\reject\db1ada5a60a1562ac68263444a2595be.jpg
20251231_232654,2025-12-31T23:28:31,c:\Users\amrem\Documents\Engineering Year 4\Machine Learning\Project\Vehicle-Classification\data\inbox\archive (2)\val\jeep\ddfe9b3fd10abc7e11d7479ea32ec569.jpg,reject,,,reject,c:\Users\amrem\Documents\Engineering Year 4\Machine Learning\Project\Vehicle-Classification\data\raw\reject\ddfe9b3fd10abc7e11d7479ea32ec569.jpg
20251231_232654,2025-12-31T23:28:32,c:\Users\amrem\Documents\Engineering Year 4\Machine Learning\Project\Vehicle-Classification\data\inbox\archive (2)\val\jeep\eeafa2dc92d9548501c2bf1f4ef781ff.jpg,reject,,,reject,c:\Users\amrem\Documents\Engineering Year 4\Machine Learning\Project\Vehicle-Classification\data\raw\reject\eeafa2dc92d9548501c2bf1f4ef781ff.jpg
20251231_232654,2025-12-31T23:28:33,c:\Users\amrem\Documents\Engineering Year 4\Machine Learning\Project\Vehicle-Classification\data\inbox\archive (2)\val\minibus\14f7ac8a7c0b0568f45dd83aee93d14b.jpg,reject,,,reject,c:\Users\amrem\Documents\Engineering Year 4\Machine Learning\Project\Vehicle-Classification\data\raw\reject\14f7ac8a7c0b0568f45dd83aee93d14b.jpg
20251231_232654,2025-12-31T23:28:34,c:\Users\amrem\Documents\Engineering Year 4\Machine Learning\Project\Vehicle-Classification\data\inbox\archive (2)\val\minibus\21fe41471f49f75b7a8fec97e7914e07.jpg,reject,,,reject,c:\Users\amrem\Documents\Engineering Year 4\Machine Learning\Project\Vehicle-Classification\data\raw\reject\21fe41471f49f75b7a8fec97e7914e07_1.jpg
20251231_232654,2025-12-31T23:28:35,c:\Users\amrem\Documents\Engineering Year 4\Machine Learning\Project\Vehicle-Classification\data\inbox\archive (2)\val\minibus\433e01b50e079af3f506c22537aaff30.jpg,reject,,,reject,c:\Users\amrem\Documents\Engineering Year 4\Machine Learning\Project\Vehicle-Classification\data\raw\reject\433e01b50e079af3f506c22537aaff30.jpg
20251231_232654,2025-12-31T23:28:36,c:\Users\amrem\Documents\Engineering Year 4\Machine Learning\Project\Vehicle-Classification\data\inbox\archive (2)\val\minibus\4b71b5a2fa94a71b0581c6650a0f8d0a.jpg,reject,,,reject,c:\Users\amrem\Documents\Engineering Year 4\Machine Learning\Project\Vehicle-Classification\data\raw\reject\4b71b5a2fa94a71b0581c6650a0f8d0a.jpg
20251231_232654,2025-12-31T23:28:36,c:\Users\amrem\Documents\Engineering Year 4\Machine Learning\Project\Vehicle-Classification\data\inbox\archive (2)\val\minibus\4eac12104d3956e84a8005dc25d6ac9d.jpg,reject,,,reject,c:\Users\amrem\Documents\Engineering Year 4\Machine Learning\Project\Vehicle-Classification\data\raw\reject\4eac12104d3956e84a8005dc25d6ac9d_1.jpg
20251231_232654,2025-12-31T23:28:37,c:\Users\amrem\Documents\Engineering Year 4\Machine Learning\Project\Vehicle-Classification\data\inbox\archive (2)\val\minibus\69bd574f793994d3590d08bd26007537.jpg,reject,,,reject,c:\Users\amrem\Documents\Engineering Year 4\Machine Learning\Project\Vehicle-Classification\data\raw\reject\69bd574f793994d3590d08bd26007537.jpg
20251231_232654,2025-12-31T23:28:38,c:\Users\amrem\Documents\Engineering Year 4\Machine Learning\Project\Vehicle-Classification\data\inbox\archive (2)\val\minibus\80240bbaff1ec05a37a61b2732732b10.jpg,reject,,,reject,c:\Users\amrem\Documents\Engineering Year 4\Machine Learning\Project\Vehicle-Classification\data\raw\reject\80240bbaff1ec05a37a61b2732732b10.jpg
20251231_232654,2025-12-31T23:28:39,c:\Users\amrem\Documents\Engineering Year 4\Machine Learning\Project\Vehicle-Classification\data\inbox\archive (2)\val\minibus\84f8d91c9170c3ee8de534f36f5b4d90.jpg,reject,,,reject,c:\Users\amrem\Documents\Engineering Year 4\Machine Learning\Project\Vehicle-Classification\data\raw\reject\84f8d91c9170c3ee8de534f36f5b4d90.jpg
20251231_232654,2025-12-31T23:28:40,c:\Users\amrem\Documents\Engineering Year 4\Machine Learning\Project\Vehicle-Classification\data\inbox\archive (2)\val\minibus\9538a4aee92d00ecdba2b438588ca7c2.jpg,reject,,,reject,c:\Users\amrem\Documents\Engineering Year 4\Machine Learning\Project\Vehicle-Classification\data\raw\reject\9538a4aee92d00ecdba2b438588ca7c2.jpg
20251231_232654,2025-12-31T23:28:43,c:\Users\amrem\Documents\Engineering Year 4\Machine Learning\Project\Vehicle-Classification\data\inbox\archive (2)\val\minibus\9cecedb8bfe67dbbc76d7723c3b4de43.jpg,label,2,1,class_02_passenger_car,c:\Users\amrem\Documents\Engineering Year 4\Machine Learning\Project\Vehicle-Classification\data\raw\class_02_passenger_car\9cecedb8bfe67dbbc76d7723c3b4de43_1.jpg
20251231_232654,2025-12-31T23:28:44,c:\Users\amrem\Documents\Engineering Year 4\Machine Learning\Project\Vehicle-Classification\data\inbox\archive (2)\val\minibus\a0a1c93b23171e19bcef8fa6949e5116.jpg,label,2,1,class_02_passenger_car,c:\Users\amrem\Documents\Engineering Year 4\Machine Learning\Project\Vehicle-Classification\data\raw\class_02_passenger_car\a0a1c93b23171e19bcef8fa6949e5116_1.jpg
20251231_232654,2025-12-31T23:28:47,c:\Users\amrem\Documents\Engineering Year 4\Machine Learning\Project\Vehicle-Classification\data\inbox\archive (2)\val\minibus\a94edd16754e2a4e99f33e55ed2c8d2e.jpg,label,2,1,class_02_passenger_car,c:\Users\amrem\Documents\Engineering Year 4\Machine Learning\Project\Vehicle-Classification\data\raw\class_02_passenger_car\a94edd16754e2a4e99f33e55ed2c8d2e_1.jpg
20251231_232654,2025-12-31T23:28:48,c:\Users\amrem\Documents\Engineering Year 4\Machine Learning\Project\Vehicle-Classification\data\inbox\archive (2)\val\minibus\baf661408b8ad2c99d878ff64c0ac18d.jpg,label,2,1,class_02_passenger_car,c:\Users\amrem\Documents\Engineering Year 4\Machine Learning\Project\Vehicle-Classification\data\raw\class_02_passenger_car\baf661408b8ad2c99d878ff64c0ac18d_1.jpg
20251231_232654,2025-12-31T23:28:49,c:\Users\amrem\Documents\Engineering Year 4\Machine Learning\Project\Vehicle-Classification\data\inbox\archive (2)\val\minibus\cc8eae9b484e1b8199c928be106d946e.jpg,label,2,1,class_02_passenger_car,c:\Users\amrem\Documents\Engineering Year 4\Machine Learning\Project\Vehicle-Classification\data\raw\class_02_passenger_car\cc8eae9b484e1b8199c928be106d946e_1.jpg
20251231_232654,2025-12-31T23:28:50,c:\Users\amrem\Documents\Engineering Year 4\Machine Learning\Project\Vehicle-Classification\data\inbox\archive (2)\val\minibus\ce37879c836f97bc460388ea7c8d828e.jpg,label,2,1,class_02_passenger_car,c:\Users\amrem\Documents\Engineering Year 4\Machine Learning\Project\Vehicle-Classification\data\raw\class_02_passenger_car\ce37879c836f97bc460388ea7c8d828e_1.jpg
20251231_232654,2025-12-31T23:28:51,c:\Users\amrem\Documents\Engineering Year 4\Machine Learning\Project\Vehicle-Classification\data\inbox\archive (2)\val\minibus\d30c1395768c0bc18529d9a5429aaaf9.jpg,label,2,1,class_02_passenger_car,c:\Users\amrem\Documents\Engineering Year 4\Machine Learning\Project\Vehicle-Classification\data\raw\class_02_passenger_car\d30c1395768c0bc18529d9a5429aaaf9_1.jpg
20251231_232654,2025-12-31T23:28:54,c:\Users\amrem\Documents\Engineering Year 4\Machine Learning\Project\Vehicle-Classification\data\inbox\archive (2)\val\minibus\e19d91dc4bb0619953da8ef809dd6727.jpg,label,2,1,class_02_passenger_car,c:\Users\amrem\Documents\Engineering Year 4\Machine Learning\Project\Vehicle-Classification\data\raw\class_02_passenger_car\e19d91dc4bb0619953da8ef809dd6727_1.jpg
20251231_232654,2025-12-31T23:28:55,c:\Users\amrem\Documents\Engineering Year 4\Machine Learning\Project\Vehicle-Classification\data\inbox\archive (2)\val\minibus\f64227947027b043f80c6b200b0b4523.jpg,label,2,1,class_02_passenger_car,c:\Users\amrem\Documents\Engineering Year 4\Machine Learning\Project\Vehicle-Classification\data\raw\class_02_passenger_car\f64227947027b043f80c6b200b0b4523_1.jpg
20251231_232654,2025-12-31T23:28:56,c:\Users\amrem\Documents\Engineering Year 4\Machine Learning\Project\Vehicle-Classification\data\inbox\archive (2)\val\minibus\f9f863d9216a8ea3dfd22dc9775f31ff.jpg,label,2,1,class_02_passenger_car,c:\Users\amrem\Documents\Engineering Year 4\Machine Learning\Project\Vehicle-Classification\data\raw\class_02_passenger_car\f9f863d9216a8ea3dfd22dc9775f31ff_1.jpg
20251231_232654,2025-12-31T23:28:57,c:\Users\amrem\Documents\Engineering Year 4\Machine Learning\Project\Vehicle-Classification\data\inbox\archive (2)\val\minibus\ffe56e1e84047ba47c423fc9937924c1.jpg,label,2,1,class_02_passenger_car,c:\Users\amrem\Documents\Engineering Year 4\Machine Learning\Project\Vehicle-Classification\data\raw\class_02_passenger_car\ffe56e1e84047ba47c423fc9937924c1_1.jpg
20251231_232654,2025-12-31T23:28:58,c:\Users\amrem\Documents\Engineering Year 4\Machine Learning\Project\Vehicle-Classification\data\inbox\archive (2)\val\racing car\02a43a441f5c71ab9ff8ecab1f33ca49.jpg,label,2,1,class_02_passenger_car,c:\Users\amrem\Documents\Engineering Year 4\Machine Learning\Project\Vehicle-Classification\data\raw\class_02_passenger_car\02a43a441f5c71ab9ff8ecab1f33ca49.jpg
20251231_232654,2025-12-31T23:28:59,c:\Users\amrem\Documents\Engineering Year 4\Machine Learning\Project\Vehicle-Classification\data\inbox\archive (2)\val\racing car\05a006ebd8667a39988a253b10956bb7.jpg,label,2,1,class_02_passenger_car,c:\Users\amrem\Documents\Engineering Year 4\Machine Learning\Project\Vehicle-Classification\data\raw\class_02_passenger_car\05a006ebd8667a39988a253b10956bb7_1.jpg
20251231_232654,2025-12-31T23:28:59,c:\Users\amrem\Documents\Engineering Year 4\Machine Learning\Project\Vehicle-Classification\data\inbox\archive (2)\val\racing car\0abad4440c4415b9707f11151762526c.jpg,label,2,1,class_02_passenger_car,c:\Users\amrem\Documents\Engineering Year 4\Machine Learning\Project\Vehicle-Classification\data\raw\class_02_passenger_car\0abad4440c4415b9707f11151762526c_1.jpg
20251231_232654,2025-12-31T23:29:00,c:\Users\amrem\Documents\Engineering Year 4\Machine Learning\Project\Vehicle-Classification\data\inbox\archive (2)\val\racing car\124db00b777b961fa8ca28fc05d7c130.jpg,label,2,1,class_02_passenger_car,c:\Users\amrem\Documents\Engineering Year 4\Machine Learning\Project\Vehicle-Classification\data\raw\class_02_passenger_car\124db00b777b961fa8ca28fc05d7c130_1.jpg
20251231_232654,2025-12-31T23:29:01,c:\Users\amrem\Documents\Engineering Year 4\Machine Learning\Project\Vehicle-Classification\data\inbox\archive (2)\val\racing car\2b6da117b6b37e8fa1d48cddec05b5b2.jpg,label,2,1,class_02_passenger_car,c:\Users\amrem\Documents\Engineering Year 4\Machine Learning\Project\Vehicle-Classification\data\raw\class_02_passenger_car\2b6da117b6b37e8fa1d48cddec05b5b2_1.jpg
20251231_232654,2025-12-31T23:29:03,c:\Users\amrem\Documents\Engineering Year 4\Machine Learning\Project\Vehicle-Classification\data\inbox\archive (2)\val\racing car\30f4c898ca9b0767801c410deb0d2617.jpg,label,2,1,class_02_passenger_car,c:\Users\amrem\Documents\Engineering Year 4\Machine Learning\Project\Vehicle-Classification\data\raw\class_02_passenger_car\30f4c898ca9b0767801c410deb0d2617_1.jpg
20251231_232654,2025-12-31T23:29:07,c:\Users\amrem\Documents\Engineering Year 4\Machine Learning\Project\Vehicle-Classification\data\inbox\archive (2)\val\racing car\3db10fa5700a75911c64410f35d7b94d.jpg,reject,,,reject,c:\Users\amrem\Documents\Engineering Year 4\Machine Learning\Project\Vehicle-Classification\data\raw\reject\3db10fa5700a75911c64410f35d7b94d.jpg
20251231_232654,2025-12-31T23:29:09,c:\Users\amrem\Documents\Engineering Year 4\Machine Learning\Project\Vehicle-Classification\data\inbox\archive (2)\val\racing car\3dbb4fcf817656a9a865f3ea33f07a6a.jpg,reject,,,reject,c:\Users\amrem\Documents\Engineering Year 4\Machine Learning\Project\Vehicle-Classification\data\raw\reject\3dbb4fcf817656a9a865f3ea33f07a6a.jpg
20251231_232654,2025-12-31T23:29:09,c:\Users\amrem\Documents\Engineering Year 4\Machine Learning\Project\Vehicle-Classification\data\inbox\archive (2)\val\racing car\40a36d9651cfea55d24da0613208c527.jpg,reject,,,reject,c:\Users\amrem\Documents\Engineering Year 4\Machine Learning\Project\Vehicle-Classification\data\raw\reject\40a36d9651cfea55d24da0613208c527.jpg
20251231_232654,2025-12-31T23:29:11,c:\Users\amrem\Documents\Engineering Year 4\Machine Learning\Project\Vehicle-Classification\data\inbox\archive (2)\val\racing car\57ee38ea85a63fb8766d5d9f74aafb71.jpg,reject,,,reject,c:\Users\amrem\Documents\Engineering Year 4\Machine Learning\Project\Vehicle-Classification\data\raw\reject\57ee38ea85a63fb8766d5d9f74aafb71.jpg
20251231_232654,2025-12-31T23:29:11,c:\Users\amrem\Documents\Engineering Year 4\Machine Learning\Project\Vehicle-Classification\data\inbox\archive (2)\val\racing car\99043f3239c13157c6f90db35fb7d412.jpg,reject,,,reject,c:\Users\amrem\Documents\Engineering Year 4\Machine Learning\Project\Vehicle-Classification\data\raw\reject\99043f3239c13157c6f90db35fb7d412.jpg
20251231_232654,2025-12-31T23:29:12,c:\Users\amrem\Documents\Engineering Year 4\Machine Learning\Project\Vehicle-Classification\data\inbox\archive (2)\val\racing car\aa9c4c054d9935042563309d07ccdaef.jpg,reject,,,reject,c:\Users\amrem\Documents\Engineering Year 4\Machine Learning\Project\Vehicle-Classification\data\raw\reject\aa9c4c054d9935042563309d07ccdaef.jpg
20251231_232654,2025-12-31T23:29:14,c:\Users\amrem\Documents\Engineering Year 4\Machine Learning\Project\Vehicle-Classification\data\inbox\archive (2)\val\racing car\aba61896c1391587795060868f00f6e9.jpg,reject,,,reject,c:\Users\amrem\Documents\Engineering Year 4\Machine Learning\Project\Vehicle-Classification\data\raw\reject\aba61896c1391587795060868f00f6e9.jpg
20251231_232654,2025-12-31T23:29:14,c:\Users\amrem\Documents\Engineering Year 4\Machine Learning\Project\Vehicle-Classification\data\inbox\archive (2)\val\racing car\adaf348564dd71ae2c318378d5f60051.jpg,reject,,,reject,c:\Users\amrem\Documents\Engineering Year 4\Machine Learning\Project\Vehicle-Classification\data\raw\reject\adaf348564dd71ae2c318378d5f60051.jpg
20251231_232654,2025-12-31T23:29:17,c:\Users\amrem\Documents\Engineering Year 4\Machine Learning\Project\Vehicle-Classification\data\inbox\archive (2)\val\racing car\c46b7fbc302d77a3b0227822c6f28cda.jpg,reject,,,reject,c:\Users\amrem\Documents\Engineering Year 4\Machine Learning\Project\Vehicle-Classification\data\raw\reject\c46b7fbc302d77a3b0227822c6f28cda.jpg
20251231_232654,2025-12-31T23:29:20,c:\Users\amrem\Documents\Engineering Year 4\Machine Learning\Project\Vehicle-Classification\data\inbox\archive (2)\val\racing car\e4d643544391d8c00db061075616e1b9.jpg,reject,,,reject,c:\Users\amrem\Documents\Engineering Year 4\Machine Learning\Project\Vehicle-Classification\data\raw\reject\e4d643544391d8c00db061075616e1b9.jpg
20251231_232654,2025-12-31T23:29:21,c:\Users\amrem\Documents\Engineering Year 4\Machine Learning\Project\Vehicle-Classification\data\inbox\archive (2)\val\racing car\e8d28df25bb2b713af60360bd29e1ab4.jpg,reject,,,reject,c:\Users\amrem\Documents\Engineering Year 4\Machine Learning\Project\Vehicle-Classification\data\raw\reject\e8d28df25bb2b713af60360bd29e1ab4.jpg
20251231_232654,2025-12-31T23:29:22,c:\Users\amrem\Documents\Engineering Year 4\Machine Learning\Project\Vehicle-Classification\data\inbox\archive (2)\val\racing car\f10970a8037b7abdc2567d77ca30b14a.jpg,reject,,,reject,c:\Users\amrem\Documents\Engineering Year 4\Machine Learning\Project\Vehicle-Classification\data\raw\reject\f10970a8037b7abdc2567d77ca30b14a.jpg
20251231_232654,2025-12-31T23:29:22,c:\Users\amrem\Documents\Engineering Year 4\Machine Learning\Project\Vehicle-Classification\data\inbox\archive (2)\val\racing car\fd10326c4302dd9d722a6a247ad22afd.jpg,label,2,1,class_02_passenger_car,c:\Users\amrem\Documents\Engineering Year 4\Machine Learning\Project\Vehicle-Classification\data\raw\class_02_passenger_car\fd10326c4302dd9d722a6a247ad22afd_1.jpg
20251231_232654,2025-12-31T23:29:23,c:\Users\amrem\Documents\Engineering Year 4\Machine Learning\Project\Vehicle-Classification\data\inbox\archive (2)\val\racing car\fe6ba3df4ec47d2107d4aed4844d0ca9.jpg,label,2,1,class_02_passenger_car,c:\Users\amrem\Documents\Engineering Year 4\Machine Learning\Project\Vehicle-Classification\data\raw\class_02_passenger_car\fe6ba3df4ec47d2107d4aed4844d0ca9_1.jpg
20251231_232654,2025-12-31T23:29:24,c:\Users\amrem\Documents\Engineering Year 4\Machine Learning\Project\Vehicle-Classification\data\inbox\archive (2)\val\SUV\09bbbd3f758e129a2692844e3b62d5a8.jpg,label,2,1,class_02_passenger_car,c:\Users\amrem\Documents\Engineering Year 4\Machine Learning\Project\Vehicle-Classification\data\raw\class_02_passenger_car\09bbbd3f758e129a2692844e3b62d5a8_1.jpg
20251231_232654,2025-12-31T23:29:25,c:\Users\amrem\Documents\Engineering Year 4\Machine Learning\Project\Vehicle-Classification\data\inbox\archive (2)\val\SUV\0ea9451a8de9cf7581835ccb20940174.jpg,label,2,1,class_02_passenger_car,c:\Users\amrem\Documents\Engineering Year 4\Machine Learning\Project\Vehicle-Classification\data\raw\class_02_passenger_car\0ea9451a8de9cf7581835ccb20940174_1.jpg
20251231_232654,2025-12-31T23:29:25,c:\Users\amrem\Documents\Engineering Year 4\Machine Learning\Project\Vehicle-Classification\data\inbox\archive (2)\val\SUV\1401fca7a89ef05e7cd9c154a33966f3.jpg,label,2,1,class_02_passenger_car,c:\Users\amrem\Documents\Engineering Year 4\Machine Learning\Project\Vehicle-Classification\data\raw\class_02_passenger_car\1401fca7a89ef05e7cd9c154a33966f3_1.jpg
20251231_232654,2025-12-31T23:29:28,c:\Users\amrem\Documents\Engineering Year 4\Machine Learning\Project\Vehicle-Classification\data\inbox\archive (2)\val\SUV\1a0f819be4dce50a5372679b36c2777f.jpg,label,2,1,class_02_passenger_car,c:\Users\amrem\Documents\Engineering Year 4\Machine Learning\Project\Vehicle-Classification\data\raw\class_02_passenger_car\1a0f819be4dce50a5372679b36c2777f_1.jpg
20251231_232654,2025-12-31T23:29:29,c:\Users\amrem\Documents\Engineering Year 4\Machine Learning\Project\Vehicle-Classification\data\inbox\archive (2)\val\SUV\1c8ca620a06bf9ad124c29c180d95a6b.jpg,reject,,,reject,c:\Users\amrem\Documents\Engineering Year 4\Machine Learning\Project\Vehicle-Classification\data\raw\reject\1c8ca620a06bf9ad124c29c180d95a6b.jpg
20251231_232654,2025-12-31T23:29:30,c:\Users\amrem\Documents\Engineering Year 4\Machine Learning\Project\Vehicle-Classification\data\inbox\archive (2)\val\SUV\3037a9c243c43addf623e9609a09515c.jpg,reject,,,reject,c:\Users\amrem\Documents\Engineering Year 4\Machine Learning\Project\Vehicle-Classification\data\raw\reject\3037a9c243c43addf623e9609a09515c.jpg
20251231_232654,2025-12-31T23:29:31,c:\Users\amrem\Documents\Engineering Year 4\Machine Learning\Project\Vehicle-Classification\data\inbox\archive (2)\val\SUV\34d68f0a8eda8aadc568c1fd14b222b9.jpg,reject,,,reject,c:\Users\amrem\Documents\Engineering Year 4\Machine Learning\Project\Vehicle-Classification\data\raw\reject\34d68f0a8eda8aadc568c1fd14b222b9.jpg
20251231_232654,2025-12-31T23:29:32,c:\Users\amrem\Documents\Engineering Year 4\Machine Learning\Project\Vehicle-Classification\data\inbox\archive (2)\val\SUV\37d329f08d105885c3e5d658921356c6.jpg,label,2,1,class_02_passenger_car,c:\Users\amrem\Documents\Engineering Year 4\Machine Learning\Project\Vehicle-Classification\data\raw\class_02_passenger_car\37d329f08d105885c3e5d658921356c6_1.jpg
20251231_232654,2025-12-31T23:29:32,c:\Users\amrem\Documents\Engineering Year 4\Machine Learning\Project\Vehicle-Classification\data\inbox\archive (2)\val\SUV\3acbdbd78d3270f626fa9eac8c182bb3.jpg,label,2,1,class_02_passenger_car,c:\Users\amrem\Documents\Engineering Year 4\Machine Learning\Project\Vehicle-Classification\data\raw\class_02_passenger_car\3acbdbd78d3270f626fa9eac8c182bb3.jpg
20251231_232654,2025-12-31T23:29:36,c:\Users\amrem\Documents\Engineering Year 4\Machine Learning\Project\Vehicle-Classification\data\inbox\archive (2)\val\SUV\3bbb37d5a6e3167683f57196ace2b4cd.jpg,label,2,1,class_02_passenger_car,c:\Users\amrem\Documents\Engineering Year 4\Machine Learning\Project\Vehicle-Classification\data\raw\class_02_passenger_car\3bbb37d5a6e3167683f57196ace2b4cd_1.jpg
20251231_232654,2025-12-31T23:29:37,c:\Users\amrem\Documents\Engineering Year 4\Machine Learning\Project\Vehicle-Classification\data\inbox\archive (2)\val\SUV\3ebdcb08e93555fead046ddabddd3350.jpg,label,2,1,class_02_passenger_car,c:\Users\amrem\Documents\Engineering Year 4\Machine Learning\Project\Vehicle-Classification\data\raw\class_02_passenger_car\3ebdcb08e93555fead046ddabddd3350_1.jpg
20251231_232654,2025-12-31T23:29:38,c:\Users\amrem\Documents\Engineering Year 4\Machine Learning\Project\Vehicle-Classification\data\inbox\archive (2)\val\SUV\4cc32ad3e0e67676c4ec9fec34fa64fe.jpg,label,2,1,class_02_passenger_car,c:\Users\amrem\Documents\Engineering Year 4\Machine Learning\Project\Vehicle-Classification\data\raw\class_02_passenger_car\4cc32ad3e0e67676c4ec9fec34fa64fe_1.jpg
20251231_232654,2025-12-31T23:29:39,c:\Users\amrem\Documents\Engineering Year 4\Machine Learning\Project\Vehicle-Classification\data\inbox\archive (2)\val\SUV\757431282570c269922ad34645e4eb99.jpg,label,2,1,class_02_passenger_car,c:\Users\amrem\Documents\Engineering Year 4\Machine Learning\Project\Vehicle-Classification\data\raw\class_02_passenger_car\757431282570c269922ad34645e4eb99_1.jpg
20251231_232654,2025-12-31T23:29:40,c:\Users\amrem\Documents\Engineering Year 4\Machine Learning\Project\Vehicle-Classification\data\inbox\archive (2)\val\SUV\a3c4f639c87e59383cfec1062b0ebd1b.jpg,label,2,1,class_02_passenger_car,c:\Users\amrem\Documents\Engineering Year 4\Machine Learning\Project\Vehicle-Classification\data\raw\class_02_passenger_car\a3c4f639c87e59383cfec1062b0ebd1b_1.jpg
20251231_232654,2025-12-31T23:29:41,c:\Users\amrem\Documents\Engineering Year 4\Machine Learning\Project\Vehicle-Classification\data\inbox\archive (2)\val\SUV\b0d111a7c355e47d040ba1f2282c04cb.jpg,label,2,1,class_02_passenger_car,c:\Users\amrem\Documents\Engineering Year 4\Machine Learning\Project\Vehicle-Classification\data\raw\class_02_passenger_car\b0d111a7c355e47d040ba1f2282c04cb_1.jpg
20251231_232654,2025-12-31T23:29:42,c:\Users\amrem\Documents\Engineering Year 4\Machine Learning\Project\Vehicle-Classification\data\inbox\archive (2)\val\SUV\b3f97064fed7b66b154dc84b68d79716.jpg,label,2,1,class_02_passenger_car,c:\Users\amrem\Documents\Engineering Year 4\Machine Learning\Project\Vehicle-Classification\data\raw\class_02_passenger_car\b3f97064fed7b66b154dc84b68d79716.jpg
20251231_232654,2025-12-31T23:29:43,c:\Users\amrem\Documents\Engineering Year 4\Machine Learning\Project\Vehicle-Classification\data\inbox\archive (2)\val\SUV\c9ef804987778a3e0590e5e501f38b56.jpg,label,2,1,class_02_passenger_car,c:\Users\amrem\Documents\Engineering Year 4\Machine Learning\Project\Vehicle-Classification\data\raw\class_02_passenger_car\c9ef804987778a3e0590e5e501f38b56_1.jpg
20251231_232654,2025-12-31T23:29:43,c:\Users\amrem\Documents\Engineering Year 4\Machine Learning\Project\Vehicle-Classification\data\inbox\archive (2)\val\SUV\cfc368c752895985a7d4bf3cb64d630c.jpg,label,2,1,class_02_passenger_car,c:\Users\amrem\Documents\Engineering Year 4\Machine Learning\Project\Vehicle-Classification\data\raw\class_02_passenger_car\cfc368c752895985a7d4bf3cb64d630c_1.jpg
20251231_232654,2025-12-31T23:29:46,c:\Users\amrem\Documents\Engineering Year 4\Machine Learning\Project\Vehicle-Classification\data\inbox\archive (2)\val\SUV\ef65f3c695a4860d03d29b9359f0ed05.jpg,label,2,1,class_02_passenger_car,c:\Users\amrem\Documents\Engineering Year 4\Machine Learning\Project\Vehicle-Classification\data\raw\class_02_passenger_car\ef65f3c695a4860d03d29b9359f0ed05_1.jpg
20251231_232654,2025-12-31T23:29:47,c:\Users\amrem\Documents\Engineering Year 4\Machine Learning\Project\Vehicle-Classification\data\inbox\archive (2)\val\SUV\f0a70d450423aa8c88d87a0a0c9c1acf.jpg,label,2,1,class_02_passenger_car,c:\Users\amrem\Documents\Engineering Year 4\Machine Learning\Project\Vehicle-Classification\data\raw\class_02_passenger_car\f0a70d450423aa8c88d87a0a0c9c1acf_1.jpg
20251231_232654,2025-12-31T23:29:48,c:\Users\amrem\Documents\Engineering Year 4\Machine Learning\Project\Vehicle-Classification\data\inbox\archive (2)\val\taxi\050aab9a8a91dca8ed1e518ebf42ee0d.jpg,label,2,1,class_02_passenger_car,c:\Users\amrem\Documents\Engineering Year 4\Machine Learning\Project\Vehicle-Classification\data\raw\class_02_passenger_car\050aab9a8a91dca8ed1e518ebf42ee0d.jpg
20251231_232654,2025-12-31T23:29:48,c:\Users\amrem\Documents\Engineering Year 4\Machine Learning\Project\Vehicle-Classification\data\inbox\archive (2)\val\taxi\253df8c5a6ed19d8dcf26ea58c40094d.jpg,label,2,1,class_02_passenger_car,c:\Users\amrem\Documents\Engineering Year 4\Machine Learning\Project\Vehicle-Classification\data\raw\class_02_passenger_car\253df8c5a6ed19d8dcf26ea58c40094d.jpg
20251231_232654,2025-12-31T23:29:49,c:\Users\amrem\Documents\Engineering Year 4\Machine Learning\Project\Vehicle-Classification\data\inbox\archive (2)\val\taxi\2aeb7856890c8dc0e0b311077d386690.jpg,label,2,1,class_02_passenger_car,c:\Users\amrem\Documents\Engineering Year 4\Machine Learning\Project\Vehicle-Classification\data\raw\class_02_passenger_car\2aeb7856890c8dc0e0b311077d386690_1.jpg
20251231_232654,2025-12-31T23:29:51,c:\Users\amrem\Documents\Engineering Year 4\Machine Learning\Project\Vehicle-Classification\data\inbox\archive (2)\val\taxi\395e11b1214a0308f6a6e7834cebc379.jpg,label,2,1,class_02_passenger_car,c:\Users\amrem\Documents\Engineering Year 4\Machine Learning\Project\Vehicle-Classification\data\raw\class_02_passenger_car\395e11b1214a0308f6a6e7834cebc379_1.jpg
20251231_232654,2025-12-31T23:29:51,c:\Users\amrem\Documents\Engineering Year 4\Machine Learning\Project\Vehicle-Classification\data\inbox\archive (2)\val\taxi\508bc40d51bc31a77507595e528155e9.jpg,label,2,1,class_02_passenger_car,c:\Users\amrem\Documents\Engineering Year 4\Machine Learning\Project\Vehicle-Classification\data\raw\class_02_passenger_car\508bc40d51bc31a77507595e528155e9_1.jpg
20251231_232654,2025-12-31T23:29:52,c:\Users\amrem\Documents\Engineering Year 4\Machine Learning\Project\Vehicle-Classification\data\inbox\archive (2)\val\taxi\62352815acbebb5bc9eebaf534d8f434.jpg,label,2,1,class_02_passenger_car,c:\Users\amrem\Documents\Engineering Year 4\Machine Learning\Project\Vehicle-Classification\data\raw\class_02_passenger_car\62352815acbebb5bc9eebaf534d8f434_1.jpg
20251231_232654,2025-12-31T23:29:53,c:\Users\amrem\Documents\Engineering Year 4\Machine Learning\Project\Vehicle-Classification\data\inbox\archive (2)\val\taxi\7457b846fc17229e61aea790bab3c88a.jpg,label,2,1,class_02_passenger_car,c:\Users\amrem\Documents\Engineering Year 4\Machine Learning\Project\Vehicle-Classification\data\raw\class_02_passenger_car\7457b846fc17229e61aea790bab3c88a_1.jpg
20251231_232654,2025-12-31T23:29:53,c:\Users\amrem\Documents\Engineering Year 4\Machine Learning\Project\Vehicle-Classification\data\inbox\archive (2)\val\taxi\7a9027a09a9149fd901f97630a052b29.jpg,label,2,1,class_02_passenger_car,c:\Users\amrem\Documents\Engineering Year 4\Machine Learning\Project\Vehicle-Classification\data\raw\class_02_passenger_car\7a9027a09a9149fd901f97630a052b29_1.jpg
20251231_232654,2025-12-31T23:29:54,c:\Users\amrem\Documents\Engineering Year 4\Machine Learning\Project\Vehicle-Classification\data\inbox\archive (2)\val\taxi\7be124ec367694c948c57d1e09181775.jpg,label,2,1,class_02_passenger_car,c:\Users\amrem\Documents\Engineering Year 4\Machine Learning\Project\Vehicle-Classification\data\raw\class_02_passenger_car\7be124ec367694c948c57d1e09181775_1.jpg
20251231_232654,2025-12-31T23:29:55,c:\Users\amrem\Documents\Engineering Year 4\Machine Learning\Project\Vehicle-Classification\data\inbox\archive (2)\val\taxi\a2fec0c55e7c73d27fac134b9074846e.jpg,reject,,,reject,c:\Users\amrem\Documents\Engineering Year 4\Machine Learning\Project\Vehicle-Classification\data\raw\reject\a2fec0c55e7c73d27fac134b9074846e_1.jpg
20251231_232654,2025-12-31T23:29:56,c:\Users\amrem\Documents\Engineering Year 4\Machine Learning\Project\Vehicle-Classification\data\inbox\archive (2)\val\taxi\b00473a9f517bbfc5923c95288b40ff2.jpg,reject,,,reject,c:\Users\amrem\Documents\Engineering Year 4\Machine Learning\Project\Vehicle-Classification\data\raw\reject\b00473a9f517bbfc5923c95288b40ff2_1.jpg
20251231_232654,2025-12-31T23:29:57,c:\Users\amrem\Documents\Engineering Year 4\Machine Learning\Project\Vehicle-Classification\data\inbox\archive (2)\val\taxi\b52fbc88bc83acea1b0d374ccb460178.jpg,reject,,,reject,c:\Users\amrem\Documents\Engineering Year 4\Machine Learning\Project\Vehicle-Classification\data\raw\reject\b52fbc88bc83acea1b0d374ccb460178.jpg
20251231_232654,2025-12-31T23:29:57,c:\Users\amrem\Documents\Engineering Year 4\Machine Learning\Project\Vehicle-Classification\data\inbox\archive (2)\val\taxi\b8ebfa32f6ba5c7c50b63bc1c0108361.jpg,reject,,,reject,c:\Users\amrem\Documents\Engineering Year 4\Machine Learning\Project\Vehicle-Classification\data\raw\reject\b8ebfa32f6ba5c7c50b63bc1c0108361.jpg
20251231_232654,2025-12-31T23:29:58,c:\Users\amrem\Documents\Engineering Year 4\Machine Learning\Project\Vehicle-Classification\data\inbox\archive (2)\val\taxi\b9ea06b2cdf8e72dca0f415d1525d7d5.jpg,reject,,,reject,c:\Users\amrem\Documents\Engineering Year 4\Machine Learning\Project\Vehicle-Classification\data\raw\reject\b9ea06b2cdf8e72dca0f415d1525d7d5.jpg
20251231_232654,2025-12-31T23:29:59,c:\Users\amrem\Documents\Engineering Year 4\Machine Learning\Project\Vehicle-Classification\data\inbox\archive (2)\val\taxi\bec04a0e1662c9c23365eb3a9e12a1d7.jpg,reject,,,reject,c:\Users\amrem\Documents\Engineering Year 4\Machine Learning\Project\Vehicle-Classification\data\raw\reject\bec04a0e1662c9c23365eb3a9e12a1d7.jpg
20251231_232654,2025-12-31T23:30:00,c:\Users\amrem\Documents\Engineering Year 4\Machine Learning\Project\Vehicle-Classification\data\inbox\archive (2)\val\taxi\cd0e83983e36613ec5b154d2d6ddb0d1.jpg,reject,,,reject,c:\Users\amrem\Documents\Engineering Year 4\Machine Learning\Project\Vehicle-Classification\data\raw\reject\cd0e83983e36613ec5b154d2d6ddb0d1.jpg
20251231_232654,2025-12-31T23:30:00,c:\Users\amrem\Documents\Engineering Year 4\Machine Learning\Project\Vehicle-Classification\data\inbox\archive (2)\val\taxi\d6086634ce334fe82400a173f0028306.jpg,reject,,,reject,c:\Users\amrem\Documents\Engineering Year 4\Machine Learning\Project\Vehicle-Classification\data\raw\reject\d6086634ce334fe82400a173f0028306.jpg
20251231_232654,2025-12-31T23:30:01,c:\Users\amrem\Documents\Engineering Year 4\Machine Learning\Project\Vehicle-Classification\data\inbox\archive (2)\val\taxi\e7299b9187f09e190127873fb0725e1c.jpg,reject,,,reject,c:\Users\amrem\Documents\Engineering Year 4\Machine Learning\Project\Vehicle-Classification\data\raw\reject\e7299b9187f09e190127873fb0725e1c.jpg
20251231_232654,2025-12-31T23:30:02,c:\Users\amrem\Documents\Engineering Year 4\Machine Learning\Project\Vehicle-Classification\data\inbox\archive (2)\val\taxi\f550965cf9cc6f07184923a32d728e94.jpg,reject,,,reject,c:\Users\amrem\Documents\Engineering Year 4\Machine Learning\Project\Vehicle-Classification\data\raw\reject\f550965cf9cc6f07184923a32d728e94.jpg
20251231_232654,2025-12-31T23:30:02,c:\Users\amrem\Documents\Engineering Year 4\Machine Learning\Project\Vehicle-Classification\data\inbox\archive (2)\val\taxi\ff1778ed14e5ac5be5217d410841750d.jpg,reject,,,reject,c:\Users\amrem\Documents\Engineering Year 4\Machine Learning\Project\Vehicle-Classification\data\raw\reject\ff1778ed14e5ac5be5217d410841750d.jpg
20251231_232654,2025-12-31T23:30:03,c:\Users\amrem\Documents\Engineering Year 4\Machine Learning\Project\Vehicle-Classification\data\inbox\archive (2)\val\truck\0930125614a5dbbb8e5c5ee450586a13.jpg,reject,,,reject,c:\Users\amrem\Documents\Engineering Year 4\Machine Learning\Project\Vehicle-Classification\data\raw\reject\0930125614a5dbbb8e5c5ee450586a13.jpg
20251231_232654,2025-12-31T23:30:04,c:\Users\amrem\Documents\Engineering Year 4\Machine Learning\Project\Vehicle-Classification\data\inbox\archive (2)\val\truck\0967287cbb2b14ed9dc1ec6a1a53b21d.jpg,reject,,,reject,c:\Users\amrem\Documents\Engineering Year 4\Machine Learning\Project\Vehicle-Classification\data\raw\reject\0967287cbb2b14ed9dc1ec6a1a53b21d.jpg
20251231_232654,2025-12-31T23:30:05,c:\Users\amrem\Documents\Engineering Year 4\Machine Learning\Project\Vehicle-Classification\data\inbox\archive (2)\val\truck\0a5067c35b854ce7213e433d12ea500d.jpg,reject,,,reject,c:\Users\amrem\Documents\Engineering Year 4\Machine Learning\Project\Vehicle-Classification\data\raw\reject\0a5067c35b854ce7213e433d12ea500d_1.jpg
20251231_232654,2025-12-31T23:30:05,c:\Users\amrem\Documents\Engineering Year 4\Machine Learning\Project\Vehicle-Classification\data\inbox\archive (2)\val\truck\1fa59ad4144c5f668e92b8ab6a0043f8.jpg,reject,,,reject,c:\Users\amrem\Documents\Engineering Year 4\Machine Learning\Project\Vehicle-Classification\data\raw\reject\1fa59ad4144c5f668e92b8ab6a0043f8.jpg
20251231_232654,2025-12-31T23:30:06,c:\Users\amrem\Documents\Engineering Year 4\Machine Learning\Project\Vehicle-Classification\data\inbox\archive (2)\val\truck\386f1418e664eab461ea243e85c19d3c.jpg,reject,,,reject,c:\Users\amrem\Documents\Engineering Year 4\Machine Learning\Project\Vehicle-Classification\data\raw\reject\386f1418e664eab461ea243e85c19d3c_1.jpg
20251231_232654,2025-12-31T23:30:07,c:\Users\amrem\Documents\Engineering Year 4\Machine Learning\Project\Vehicle-Classification\data\inbox\archive (2)\val\truck\3b6365d6ab144b660c0b477442782fa5.jpg,reject,,,reject,c:\Users\amrem\Documents\Engineering Year 4\Machine Learning\Project\Vehicle-Classification\data\raw\reject\3b6365d6ab144b660c0b477442782fa5_1.jpg
20251231_232654,2025-12-31T23:30:08,c:\Users\amrem\Documents\Engineering Year 4\Machine Learning\Project\Vehicle-Classification\data\inbox\archive (2)\val\truck\3c878583ea3cd5128599085fd20d162d.jpg,reject,,,reject,c:\Users\amrem\Documents\Engineering Year 4\Machine Learning\Project\Vehicle-Classification\data\raw\reject\3c878583ea3cd5128599085fd20d162d_1.jpg
20251231_232654,2025-12-31T23:30:08,c:\Users\amrem\Documents\Engineering Year 4\Machine Learning\Project\Vehicle-Classification\data\inbox\archive (2)\val\truck\627fcb8c133d1e30c067d31a92a79f02.jpg,reject,,,reject,c:\Users\amrem\Documents\Engineering Year 4\Machine Learning\Project\Vehicle-Classification\data\raw\reject\627fcb8c133d1e30c067d31a92a79f02_1.jpg
20251231_232654,2025-12-31T23:30:09,c:\Users\amrem\Documents\Engineering Year 4\Machine Learning\Project\Vehicle-Classification\data\inbox\archive (2)\val\truck\6f93c871d9b1469bec963639ea58fe82.jpg,reject,,,reject,c:\Users\amrem\Documents\Engineering Year 4\Machine Learning\Project\Vehicle-Classification\data\raw\reject\6f93c871d9b1469bec963639ea58fe82_1.jpg
20251231_232654,2025-12-31T23:30:10,c:\Users\amrem\Documents\Engineering Year 4\Machine Learning\Project\Vehicle-Classification\data\inbox\archive (2)\val\truck\766f0049a40eea217328d2975312d3e0.jpg,reject,,,reject,c:\Users\amrem\Documents\Engineering Year 4\Machine Learning\Project\Vehicle-Classification\data\raw\reject\766f0049a40eea217328d2975312d3e0.jpg
20251231_232654,2025-12-31T23:30:10,c:\Users\amrem\Documents\Engineering Year 4\Machine Learning\Project\Vehicle-Classification\data\inbox\archive (2)\val\truck\802716d5a05096b02621ad4eabf57812.jpg,reject,,,reject,c:\Users\amrem\Documents\Engineering Year 4\Machine Learning\Project\Vehicle-Classification\data\raw\reject\802716d5a05096b02621ad4eabf57812.jpg
20251231_232654,2025-12-31T23:30:11,c:\Users\amrem\Documents\Engineering Year 4\Machine Learning\Project\Vehicle-Classification\data\inbox\archive (2)\val\truck\8189cbaa92299ea536be3ad23ddf1d00.jpg,reject,,,reject,c:\Users\amrem\Documents\Engineering Year 4\Machine Learning\Project\Vehicle-Classification\data\raw\reject\8189cbaa92299ea536be3ad23ddf1d00.jpg
20251231_232654,2025-12-31T23:30:12,c:\Users\amrem\Documents\Engineering Year 4\Machine Learning\Project\Vehicle-Classification\data\inbox\archive (2)\val\truck\84c8aadbabbeb753042593faffa4e376.jpg,reject,,,reject,c:\Users\amrem\Documents\Engineering Year 4\Machine Learning\Project\Vehicle-Classification\data\raw\reject\84c8aadbabbeb753042593faffa4e376_1.jpg
20251231_232654,2025-12-31T23:30:12,c:\Users\amrem\Documents\Engineering Year 4\Machine Learning\Project\Vehicle-Classification\data\inbox\archive (2)\val\truck\90d9a803b25a78b4dc2dcdf4c85a4b70.jpg,reject,,,reject,c:\Users\amrem\Documents\Engineering Year 4\Machine Learning\Project\Vehicle-Classification\data\raw\reject\90d9a803b25a78b4dc2dcdf4c85a4b70.jpg
20251231_232654,2025-12-31T23:30:13,c:\Users\amrem\Documents\Engineering Year 4\Machine Learning\Project\Vehicle-Classification\data\inbox\archive (2)\val\truck\954571024b5f8c43df1e7c4ba5939acd.jpg,reject,,,reject,c:\Users\amrem\Documents\Engineering Year 4\Machine Learning\Project\Vehicle-Classification\data\raw\reject\954571024b5f8c43df1e7c4ba5939acd.jpg
20251231_232654,2025-12-31T23:30:14,c:\Users\amrem\Documents\Engineering Year 4\Machine Learning\Project\Vehicle-Classification\data\inbox\archive (2)\val\truck\a086181bbf71ba6b0eadbcfb68ce10d3.jpg,reject,,,reject,c:\Users\amrem\Documents\Engineering Year 4\Machine Learning\Project\Vehicle-Classification\data\raw\reject\a086181bbf71ba6b0eadbcfb68ce10d3.jpg
20251231_232654,2025-12-31T23:30:15,c:\Users\amrem\Documents\Engineering Year 4\Machine Learning\Project\Vehicle-Classification\data\inbox\archive (2)\val\truck\bd8941cb7e847f3c8e1ea50084e8e978.jpg,reject,,,reject,c:\Users\amrem\Documents\Engineering Year 4\Machine Learning\Project\Vehicle-Classification\data\raw\reject\bd8941cb7e847f3c8e1ea50084e8e978.jpg
20251231_232654,2025-12-31T23:30:15,c:\Users\amrem\Documents\Engineering Year 4\Machine Learning\Project\Vehicle-Classification\data\inbox\archive (2)\val\truck\e9b0e006ca363a398d8f3b26c974d24a.jpg,reject,,,reject,c:\Users\amrem\Documents\Engineering Year 4\Machine Learning\Project\Vehicle-Classification\data\raw\reject\e9b0e006ca363a398d8f3b26c974d24a.jpg
20251231_232654,2025-12-31T23:30:16,c:\Users\amrem\Documents\Engineering Year 4\Machine Learning\Project\Vehicle-Classification\data\inbox\archive (2)\val\truck\f400677842675240319e69bc2e5998eb.jpg,reject,,,reject,c:\Users\amrem\Documents\Engineering Year 4\Machine Learning\Project\Vehicle-Classification\data\raw\reject\f400677842675240319e69bc2e5998eb.jpg
20251231_232654,2025-12-31T23:30:17,c:\Users\amrem\Documents\Engineering Year 4\Machine Learning\Project\Vehicle-Classification\data\inbox\archive (2)\val\truck\f4f7ec6332cab9c706e12fa8aaed4a6c.jpg,reject,,,reject,c:\Users\amrem\Documents\Engineering Year 4\Machine Learning\Project\Vehicle-Classification\data\raw\reject\f4f7ec6332cab9c706e12fa8aaed4a6c.jpg
20260106_211123,2026-01-06T21:12:43,c:\Users\amrem\Documents\Engineering Year 4\Machine Learning\Project\Vehicle-Classification\data\inbox\train\images\-B826475-JPG_353340_jpg.rf.8cd1e8495e136c65aeb1e1666472682e.jpg,label,11,10,class_11_five_or_less_axle_multi_trailer,c:\Users\amrem\Documents\Engineering Year 4\Machine Learning\Project\Vehicle-Classification\data\raw\class_11_five_or_less_axle_multi_trailer\-B826475-JPG_353340_jpg.rf.8cd1e8495e136c65aeb1e1666472682e.jpg
20260106_211123,2026-01-06T21:12:48,c:\Users\amrem\Documents\Engineering Year 4\Machine Learning\Project\Vehicle-Classification\data\inbox\train\images\00338914_jpg.rf.d64673cd5fd0dac59292f7c439cd1730.jpg,reject,,,reject,c:\Users\amrem\Documents\Engineering Year 4\Machine Learning\Project\Vehicle-Classification\data\raw\reject\00338914_jpg.rf.d64673cd5fd0dac59292f7c439cd1730.jpg
20260106_211123,2026-01-06T21:12:51,c:\Users\amrem\Documents\Engineering Year 4\Machine Learning\Project\Vehicle-Classification\data\inbox\train\images\00339538_jpg.rf.732b2eafb5b8f248758b073e0f2ed7ef.jpg,reject,,,reject,c:\Users\amrem\Documents\Engineering Year 4\Machine Learning\Project\Vehicle-Classification\data\raw\reject\00339538_jpg.rf.732b2eafb5b8f248758b073e0f2ed7ef.jpg
20260106_211123,2026-01-06T21:13:01,c:\Users\amrem\Documents\Engineering Year 4\Machine Learning\Project\Vehicle-Classification\data\inbox\train\images\00339607_jpg.rf.0b30b09c0894e386b15a2cd8a9bd608e.jpg,label,9,8,class_09_five_axle_tractor_semitrailer,c:\Users\amrem\Documents\Engineering Year 4\Machine Learning\Project\Vehicle-Classification\data\raw\class_09_five_axle_tractor_semitrailer\00339607_jpg.rf.0b30b09c0894e386b15a2cd8a9bd608e.jpg
20260106_211123,2026-01-06T21:13:03,c:\Users\amrem\Documents\Engineering Year 4\Machine Learning\Project\Vehicle-Classification\data\inbox\train\images\00339620_jpg.rf.a5f08c7dbd6cc25691d979c99233f398.jpg,reject,,,reject,c:\Users\amrem\Documents\Engineering Year 4\Machine Learning\Project\Vehicle-Classification\data\raw\reject\00339620_jpg.rf.a5f08c7dbd6cc25691d979c99233f398.jpg
20260106_211123,2026-01-06T21:13:05,c:\Users\amrem\Documents\Engineering Year 4\Machine Learning\Project\Vehicle-Classification\data\inbox\train\images\00339886_jpg.rf.1628f187a5cd8ee220a84332d01de194.jpg,reject,,,reject,c:\Users\amrem\Documents\Engineering Year 4\Machine Learning\Project\Vehicle-Classification\data\raw\reject\00339886_jpg.rf.1628f187a5cd8ee220a84332d01de194.jpg
20260106_211123,2026-01-06T21:13:07,c:\Users\amrem\Documents\Engineering Year 4\Machine Learning\Project\Vehicle-Classification\data\inbox\train\images\00340399_jpg.rf.472a39f8b10f433c0e14ec9ff57afd6d.jpg,reject,,,reject,c:\Users\amrem\Documents\Engineering Year 4\Machine Learning\Project\Vehicle-Classification\data\raw\reject\00340399_jpg.rf.472a39f8b10f433c0e14ec9ff57afd6d.jpg
20260106_211123,2026-01-06T21:13:09,c:\Users\amrem\Documents\Engineering Year 4\Machine Learning\Project\Vehicle-Classification\data\inbox\train\images\00340781_jpg.rf.779ce571c346d00907cc5592af2ce576.jpg,reject,,,reject,c:\Users\amrem\Documents\Engineering Year 4\Machine Learning\Project\Vehicle-Classification\data\raw\reject\00340781_jpg.rf.779ce571c346d00907cc5592af2ce576.jpg
20260106_211123,2026-01-06T21:13:11,c:\Users\amrem\Documents\Engineering Year 4\Machine Learning\Project\Vehicle-Classification\data\inbox\train\images\00341028_jpg.rf.9b836edd59a1a827355c19241009503f.jpg,reject,,,reject,c:\Users\amrem\Documents\Engineering Year 4\Machine Learning\Project\Vehicle-Classification\data\raw\reject\00341028_jpg.rf.9b836edd59a1a827355c19241009503f.jpg
20260106_211123,2026-01-06T21:13:12,c:\Users\amrem\Documents\Engineering Year 4\Machine Learning\Project\Vehicle-Classification\data\inbox\train\images\00342164_jpg.rf.3dc6a8eea5282ad310838a776242107f.jpg,reject,,,reject,c:\Users\amrem\Documents\Engineering Year 4\Machine Learning\Project\Vehicle-Classification\data\raw\reject\00342164_jpg.rf.3dc6a8eea5282ad310838a776242107f.jpg
20260106_211123,2026-01-06T21:13:13,c:\Users\amrem\Documents\Engineering Year 4\Machine Learning\Project\Vehicle-Classification\data\inbox\train\images\00342919_jpg.rf.a1f590accad48487fe52d72b0c55943f.jpg,reject,,,reject,c:\Users\amrem\Documents\Engineering Year 4\Machine Learning\Project\Vehicle-Classification\data\raw\reject\00342919_jpg.rf.a1f590accad48487fe52d72b0c55943f.jpg
20260106_211123,2026-01-06T21:13:14,c:\Users\amrem\Documents\Engineering Year 4\Machine Learning\Project\Vehicle-Classification\data\inbox\train\images\00343942_jpg.rf.7b2393559084dcaa97d602829cc520f4.jpg,reject,,,reject,c:\Users\amrem\Documents\Engineering Year 4\Machine Learning\Project\Vehicle-Classification\data\raw\reject\00343942_jpg.rf.7b2393559084dcaa97d602829cc520f4.jpg
20260106_211123,2026-01-06T21:13:15,c:\Users\amrem\Documents\Engineering Year 4\Machine Learning\Project\Vehicle-Classification\data\inbox\train\images\00344703_jpg.rf.5100346c52a91fa9454b50af55b25268.jpg,reject,,,reject,c:\Users\amrem\Documents\Engineering Year 4\Machine Learning\Project\Vehicle-Classification\data\raw\reject\00344703_jpg.rf.5100346c52a91fa9454b50af55b25268.jpg
20260106_211123,2026-01-06T21:13:16,c:\Users\amrem\Documents\Engineering Year 4\Machine Learning\Project\Vehicle-Classification\data\inbox\train\images\00344778_jpg.rf.adbfda70324353279537784e1072ef1e.jpg,reject,,,reject,c:\Users\amrem\Documents\Engineering Year 4\Machine Learning\Project\Vehicle-Classification\data\raw\reject\00344778_jpg.rf.adbfda70324353279537784e1072ef1e.jpg
20260106_211123,2026-01-06T21:13:17,c:\Users\amrem\Documents\Engineering Year 4\Machine Learning\Project\Vehicle-Classification\data\inbox\train\images\00345058_jpg.rf.fcb047cd230ab28205bd8424ba4a0b69.jpg,reject,,,reject,c:\Users\amrem\Documents\Engineering Year 4\Machine Learning\Project\Vehicle-Classification\data\raw\reject\00345058_jpg.rf.fcb047cd230ab28205bd8424ba4a0b69.jpg
20260106_211123,2026-01-06T21:13:18,c:\Users\amrem\Documents\Engineering Year 4\Machine Learning\Project\Vehicle-Classification\data\inbox\train\images\00345168_jpg.rf.06150b42ef978951ea92c1457a0195e2.jpg,reject,,,reject,c:\Users\amrem\Documents\Engineering Year 4\Machine Learning\Project\Vehicle-Classification\data\raw\reject\00345168_jpg.rf.06150b42ef978951ea92c1457a0195e2.jpg
20260106_211123,2026-01-06T21:13:19,c:\Users\amrem\Documents\Engineering Year 4\Machine Learning\Project\Vehicle-Classification\data\inbox\train\images\00345552_jpg.rf.ef120c3610524c3fb41d3f23747314cd.jpg,reject,,,reject,c:\Users\amrem\Documents\Engineering Year 4\Machine Learning\Project\Vehicle-Classification\data\raw\reject\00345552_jpg.rf.ef120c3610524c3fb41d3f23747314cd.jpg
20260106_211123,2026-01-06T21:13:20,c:\Users\amrem\Documents\Engineering Year 4\Machine Learning\Project\Vehicle-Classification\data\inbox\train\images\00345644_jpg.rf.66437f1c7627d22ef10b96c18475a4cf.jpg,reject,,,reject,c:\Users\amrem\Documents\Engineering Year 4\Machine Learning\Project\Vehicle-Classification\data\raw\reject\00345644_jpg.rf.66437f1c7627d22ef10b96c18475a4cf.jpg
20260106_211123,2026-01-06T21:13:21,c:\Users\amrem\Documents\Engineering Year 4\Machine Learning\Project\Vehicle-Classification\data\inbox\train\images\00346591_jpg.rf.78333defd4edee507c8814f46a1a022f.jpg,reject,,,reject,c:\Users\amrem\Documents\Engineering Year 4\Machine Learning\Project\Vehicle-Classification\data\raw\reject\00346591_jpg.rf.78333defd4edee507c8814f46a1a022f.jpg
20260106_211123,2026-01-06T21:13:32,c:\Users\amrem\Documents\Engineering Year 4\Machine Learning\Project\Vehicle-Classification\data\inbox\train\images\00346812_jpg.rf.46a8ad353e8624b943991278ea9bfc0e.jpg,label,7,6,class_07_four_or_more_axle_single_unit,c:\Users\amrem\Documents\Engineering Year 4\Machine Learning\Project\Vehicle-Classification\data\raw\class_07_four_or_more_axle_single_unit\00346812_jpg.rf.46a8ad353e8624b943991278ea9bfc0e.jpg
20260106_211123,2026-01-06T21:13:34,c:\Users\amrem\Documents\Engineering Year 4\Machine Learning\Project\Vehicle-Classification\data\inbox\train\images\00347174_jpg.rf.d2b159c41364e09b180615d634ac241d.jpg,reject,,,reject,c:\Users\amrem\Documents\Engineering Year 4\Machine Learning\Project\Vehicle-Classification\data\raw\reject\00347174_jpg.rf.d2b159c41364e09b180615d634ac241d.jpg
20260106_211123,2026-01-06T21:13:35,c:\Users\amrem\Documents\Engineering Year 4\Machine Learning\Project\Vehicle-Classification\data\inbox\train\images\00347565_jpg.rf.3f1fe32ec9b9cf74fc8d5301dc38964f.jpg,reject,,,reject,c:\Users\amrem\Documents\Engineering Year 4\Machine Learning\Project\Vehicle-Classification\data\raw\reject\00347565_jpg.rf.3f1fe32ec9b9cf74fc8d5301dc38964f.jpg
20260106_211123,2026-01-06T21:13:36,c:\Users\amrem\Documents\Engineering Year 4\Machine Learning\Project\Vehicle-Classification\data\inbox\train\images\00347661_jpg.rf.51d422c7c02574361fa1a75bc8e32e00.jpg,reject,,,reject,c:\Users\amrem\Documents\Engineering Year 4\Machine Learning\Project\Vehicle-Classification\data\raw\reject\00347661_jpg.rf.51d422c7c02574361fa1a75bc8e32e00.jpg
20260106_211123,2026-01-06T21:13:36,c:\Users\amrem\Documents\Engineering Year 4\Machine Learning\Project\Vehicle-Classification\data\inbox\train\images\00348870_jpg.rf.45215f6ab43235da9828af1a1ed97c48.jpg,reject,,,reject,c:\Users\amrem\Documents\Engineering Year 4\Machine Learning\Project\Vehicle-Classification\data\raw\reject\00348870_jpg.rf.45215f6ab43235da9828af1a1ed97c48.jpg
20260106_211123,2026-01-06T21:13:37,c:\Users\amrem\Documents\Engineering Year 4\Machine Learning\Project\Vehicle-Classification\data\inbox\train\images\00348915_jpg.rf.bd1f151e045b3cee92037c689bb0a317.jpg,reject,,,reject,c:\Users\amrem\Documents\Engineering Year 4\Machine Learning\Project\Vehicle-Classification\data\raw\reject\00348915_jpg.rf.bd1f151e045b3cee92037c689bb0a317.jpg
20260106_211123,2026-01-06T21:13:39,c:\Users\amrem\Documents\Engineering Year 4\Machine Learning\Project\Vehicle-Classification\data\inbox\train\images\00349069_jpg.rf.b417820cfebb08ad726b59fc1ade8fcc.jpg,reject,,,reject,c:\Users\amrem\Documents\Engineering Year 4\Machine Learning\Project\Vehicle-Classification\data\raw\reject\00349069_jpg.rf.b417820cfebb08ad726b59fc1ade8fcc.jpg
20260106_211123,2026-01-06T21:13:39,c:\Users\amrem\Documents\Engineering Year 4\Machine Learning\Project\Vehicle-Classification\data\inbox\train\images\00349476_jpg.rf.e8c657f592ab58de5dee52b03aa3a768.jpg,reject,,,reject,c:\Users\amrem\Documents\Engineering Year 4\Machine Learning\Project\Vehicle-Classification\data\raw\reject\00349476_jpg.rf.e8c657f592ab58de5dee52b03aa3a768.jpg
20260106_211123,2026-01-06T21:13:40,c:\Users\amrem\Documents\Engineering Year 4\Machine Learning\Project\Vehicle-Classification\data\inbox\train\images\00349707_jpg.rf.4e4f170611649ce1e01346c574fb8c9b.jpg,reject,,,reject,c:\Users\amrem\Documents\Engineering Year 4\Machine Learning\Project\Vehicle-Classification\data\raw\reject\00349707_jpg.rf.4e4f170611649ce1e01346c574fb8c9b.jpg
20260106_211123,2026-01-06T21:13:52,c:\Users\amrem\Documents\Engineering Year 4\Machine Learning\Project\Vehicle-Classification\data\inbox\train\images\00349707_jpg.rf.bf2c154dd86e96fc290785200922198d.jpg,label,9,8,class_09_five_axle_tractor_semitrailer,c:\Users\amrem\Documents\Engineering Year 4\Machine Learning\Project\Vehicle-Classification\data\raw\class_09_five_axle_tractor_semitrailer\00349707_jpg.rf.bf2c154dd86e96fc290785200922198d.jpg
20260106_211123,2026-01-06T21:13:55,c:\Users\amrem\Documents\Engineering Year 4\Machine Learning\Project\Vehicle-Classification\data\inbox\train\images\00350464_jpg.rf.733302ec5f81d3b73a09c70848170769.jpg,reject,,,reject,c:\Users\amrem\Documents\Engineering Year 4\Machine Learning\Project\Vehicle-Classification\data\raw\reject\00350464_jpg.rf.733302ec5f81d3b73a09c70848170769.jpg
20260106_211123,2026-01-06T21:13:56,c:\Users\amrem\Documents\Engineering Year 4\Machine Learning\Project\Vehicle-Classification\data\inbox\train\images\00350620_jpg.rf.d9ef5dad9412b4a2779542f0c60e7c77.jpg,reject,,,reject,c:\Users\amrem\Documents\Engineering Year 4\Machine Learning\Project\Vehicle-Classification\data\raw\reject\00350620_jpg.rf.d9ef5dad9412b4a2779542f0c60e7c77.jpg
20260106_211123,2026-01-06T21:13:57,c:\Users\amrem\Documents\Engineering Year 4\Machine Learning\Project\Vehicle-Classification\data\inbox\train\images\00350898_jpg.rf.259b1dd206bac3b5aa4ee0bc108f8799.jpg,reject,,,reject,c:\Users\amrem\Documents\Engineering Year 4\Machine Learning\Project\Vehicle-Classification\data\raw\reject\00350898_jpg.rf.259b1dd206bac3b5aa4ee0bc108f8799.jpg
20260106_211123,2026-01-06T21:14:01,c:\Users\amrem\Documents\Engineering Year 4\Machine Learning\Project\Vehicle-Classification\data\inbox\train\images\00351290_jpg.rf.bfe6893099eeb3bdda40d5979ae9be7f.jpg,label,9,8,class_09_five_axle_tractor_semitrailer,c:\Users\amrem\Documents\Engineering Year 4\Machine Learning\Project\Vehicle-Classification\data\raw\class_09_five_axle_tractor_semitrailer\00351290_jpg.rf.bfe6893099eeb3bdda40d5979ae9be7f.jpg
20260106_211123,2026-01-06T21:14:12,c:\Users\amrem\Documents\Engineering Year 4\Machine Learning\Project\Vehicle-Classification\data\inbox\train\images\00351691_jpg.rf.a25c9a99c1d70b050ebf37f9a87e5fd0.jpg,label,9,8,class_09_five_axle_tractor_semitrailer,c:\Users\amrem\Documents\Engineering Year 4\Machine Learning\Project\Vehicle-Classification\data\raw\class_09_five_axle_tractor_semitrailer\00351691_jpg.rf.a25c9a99c1d70b050ebf37f9a87e5fd0.jpg
20260106_211123,2026-01-06T21:14:15,c:\Users\amrem\Documents\Engineering Year 4\Machine Learning\Project\Vehicle-Classification\data\inbox\train\images\00353125_jpg.rf.3699ad943d7707b87a230c60b59cd1c2.jpg,reject,,,reject,c:\Users\amrem\Documents\Engineering Year 4\Machine Learning\Project\Vehicle-Classification\data\raw\reject\00353125_jpg.rf.3699ad943d7707b87a230c60b59cd1c2.jpg
20260106_211123,2026-01-06T21:14:15,c:\Users\amrem\Documents\Engineering Year 4\Machine Learning\Project\Vehicle-Classification\data\inbox\train\images\00353338_jpg.rf.e587acb7cc61507a1800cef36721cd6e.jpg,reject,,,reject,c:\Users\amrem\Documents\Engineering Year 4\Machine Learning\Project\Vehicle-Classification\data\raw\reject\00353338_jpg.rf.e587acb7cc61507a1800cef36721cd6e.jpg
20260106_211123,2026-01-06T21:14:21,c:\Users\amrem\Documents\Engineering Year 4\Machine Learning\Project\Vehicle-Classification\data\inbox\train\images\01_krone-etrailer-1_jpg.rf.096f6c39438be5b009dd52a73538a091.jpg,label,9,8,class_09_five_axle_tractor_semitrailer,c:\Users\amrem\Documents\Engineering Year 4\Machine Learning\Project\Vehicle-Classification\data\raw\class_09_five_axle_tractor_semitrailer\01_krone-etrailer-1_jpg.rf.096f6c39438be5b009dd52a73538a091.jpg
20260106_211123,2026-01-06T21:14:23,c:\Users\amrem\Documents\Engineering Year 4\Machine Learning\Project\Vehicle-Classification\data\inbox\train\images\031acf63d7bfa811_jpg.rf.9c3b98ec067efe31eb536af3c8765708.jpg,reject,,,reject,c:\Users\amrem\Documents\Engineering Year 4\Machine Learning\Project\Vehicle-Classification\data\raw\reject\031acf63d7bfa811_jpg.rf.9c3b98ec067efe31eb536af3c8765708.jpg
20260106_211123,2026-01-06T21:14:32,c:\Users\amrem\Documents\Engineering Year 4\Machine Learning\Project\Vehicle-Classification\data\inbox\train\images\0426_jpg.rf.8c0b7c65ad8cab813a457eec53c7fd3f.jpg,label,12,11,class_12_six_axle_multi_trailer,c:\Users\amrem\Documents\Engineering Year 4\Machine Learning\Project\Vehicle-Classification\data\raw\class_12_six_axle_multi_trailer\0426_jpg.rf.8c0b7c65ad8cab813a457eec53c7fd3f.jpg
20260106_211123,2026-01-06T21:14:34,c:\Users\amrem\Documents\Engineering Year 4\Machine Learning\Project\Vehicle-Classification\data\inbox\train\images\08dba8dc17d97e98_jpg.rf.18063454237329d8c69d868c28e6fc3f.jpg,reject,,,reject,c:\Users\amrem\Documents\Engineering Year 4\Machine Learning\Project\Vehicle-Classification\data\raw\reject\08dba8dc17d97e98_jpg.rf.18063454237329d8c69d868c28e6fc3f.jpg
20260106_211123,2026-01-06T21:14:58,c:\Users\amrem\Documents\Engineering Year 4\Machine Learning\Project\Vehicle-Classification\data\inbox\train\images\0af76be0b9a1bfeb_jpg.rf.6fb5310b6e20453e14e1b844ab62d0a3.jpg,label,10,9,class_10_six_or_more_axle_single_trailer,c:\Users\amrem\Documents\Engineering Year 4\Machine Learning\Project\Vehicle-Classification\data\raw\class_10_six_or_more_axle_single_trailer\0af76be0b9a1bfeb_jpg.rf.6fb5310b6e20453e14e1b844ab62d0a3.jpg
20260106_211123,2026-01-06T21:15:04,c:\Users\amrem\Documents\Engineering Year 4\Machine Learning\Project\Vehicle-Classification\data\inbox\train\images\0b717a7c5520165c_jpg.rf.7be3ace0e09fe75f7753b76e8b5911b3.jpg,label,6,5,class_06_three_axle_single_unit,c:\Users\amrem\Documents\Engineering Year 4\Machine Learning\Project\Vehicle-Classification\data\raw\class_06_three_axle_single_unit\0b717a7c5520165c_jpg.rf.7be3ace0e09fe75f7753b76e8b5911b3.jpg
20260106_211123,2026-01-06T21:15:06,c:\Users\amrem\Documents\Engineering Year 4\Machine Learning\Project\Vehicle-Classification\data\inbox\train\images\0c0738ea164c72e22832dfd75870aebf_jpg.rf.ce90845b72f07c265d2067f114da307b.jpg,reject,,,reject,c:\Users\amrem\Documents\Engineering Year 4\Machine Learning\Project\Vehicle-Classification\data\raw\reject\0c0738ea164c72e22832dfd75870aebf_jpg.rf.ce90845b72f07c265d2067f114da307b.jpg
20260106_211123,2026-01-06T21:15:08,c:\Users\amrem\Documents\Engineering Year 4\Machine Learning\Project\Vehicle-Classification\data\inbox\train\images\0d4be46703e4caec7901c928d2f5e122_jpg.rf.233283e616dc14175eb57c1809d73f46.jpg,reject,,,reject,c:\Users\amrem\Documents\Engineering Year 4\Machine Learning\Project\Vehicle-Classification\data\raw\reject\0d4be46703e4caec7901c928d2f5e122_jpg.rf.233283e616dc14175eb57c1809d73f46.jpg
20260106_211123,2026-01-06T21:15:09,c:\Users\amrem\Documents\Engineering Year 4\Machine Learning\Project\Vehicle-Classification\data\inbox\train\images\10e8d954446c44e9_jpg.rf.6758c399c1135a8ab095c94b82f1f864.jpg,reject,,,reject,c:\Users\amrem\Documents\Engineering Year 4\Machine Learning\Project\Vehicle-Classification\data\raw\reject\10e8d954446c44e9_jpg.rf.6758c399c1135a8ab095c94b82f1f864.jpg
20260106_211123,2026-01-06T21:15:18,c:\Users\amrem\Documents\Engineering Year 4\Machine Learning\Project\Vehicle-Classification\data\inbox\train\images\11814885813_e2e7b931ea_b_jpg.rf.fcb9b83af4e2617378f7bf1a587f8a76.jpg,label,11,10,class_11_five_or_less_axle_multi_trailer,c:\Users\amrem\Documents\Engineering Year 4\Machine Learning\Project\Vehicle-Classification\data\raw\class_11_five_or_less_axle_multi_trailer\11814885813_e2e7b931ea_b_jpg.rf.fcb9b83af4e2617378f7bf1a587f8a76.jpg
20260106_211123,2026-01-06T21:15:21,c:\Users\amrem\Documents\Engineering Year 4\Machine Learning\Project\Vehicle-Classification\data\inbox\train\images\13-Gallery-Gliederzug1_jpg.rf.3d578ce94b7f692568601ae80824481d.jpg,label,11,10,class_11_five_or_less_axle_multi_trailer,c:\Users\amrem\Documents\Engineering Year 4\Machine Learning\Project\Vehicle-Classification\data\raw\class_11_five_or_less_axle_multi_trailer\13-Gallery-Gliederzug1_jpg.rf.3d578ce94b7f692568601ae80824481d.jpg
20260106_211123,2026-01-06T21:15:26,c:\Users\amrem\Documents\Engineering Year 4\Machine Learning\Project\Vehicle-Classification\data\inbox\train\images\13-Gallery-Gliederzug5_jpg.rf.072ebfe450191e852f178e3ea92110bb.jpg,label,11,10,class_11_five_or_less_axle_multi_trailer,c:\Users\amrem\Documents\Engineering Year 4\Machine Learning\Project\Vehicle-Classification\data\raw\class_11_five_or_less_axle_multi_trailer\13-Gallery-Gliederzug5_jpg.rf.072ebfe450191e852f178e3ea92110bb.jpg
20260106_211123,2026-01-06T21:15:30,c:\Users\amrem\Documents\Engineering Year 4\Machine Learning\Project\Vehicle-Classification\data\inbox\train\images\13332739205_cd634eb29d_b_jpg.rf.7da6ef7f770bbe82f349008d7f56c48c.jpg,label,11,10,class_11_five_or_less_axle_multi_trailer,c:\Users\amrem\Documents\Engineering Year 4\Machine Learning\Project\Vehicle-Classification\data\raw\class_11_five_or_less_axle_multi_trailer\13332739205_cd634eb29d_b_jpg.rf.7da6ef7f770bbe82f349008d7f56c48c.jpg
20260106_211123,2026-01-06T21:15:43,c:\Users\amrem\Documents\Engineering Year 4\Machine Learning\Project\Vehicle-Classification\data\inbox\train\images\1427058143482_bulletin_jpg.rf.c67116f28b5eef04d0d7cf7d159cc9bc.jpg,label,9,8,class_09_five_axle_tractor_semitrailer,c:\Users\amrem\Documents\Engineering Year 4\Machine Learning\Project\Vehicle-Classification\data\raw\class_09_five_axle_tractor_semitrailer\1427058143482_bulletin_jpg.rf.c67116f28b5eef04d0d7cf7d159cc9bc.jpg
20260106_211123,2026-01-06T21:15:47,c:\Users\amrem\Documents\Engineering Year 4\Machine Learning\Project\Vehicle-Classification\data\inbox\train\images\14394682-01-1703817795___jpg.rf.dc09521b0411376e5bab33a1e7c7df9f.jpg,reject,,,reject,c:\Users\amrem\Documents\Engineering Year 4\Machine Learning\Project\Vehicle-Classification\data\raw\reject\14394682-01-1703817795___jpg.rf.dc09521b0411376e5bab33a1e7c7df9f.jpg
20260106_211123,2026-01-06T21:15:51,c:\Users\amrem\Documents\Engineering Year 4\Machine Learning\Project\Vehicle-Classification\data\inbox\train\images\1489032960143372005_jpg.rf.04b17e3382f154db5a76792a8522cd57.jpg,label,9,8,class_09_five_axle_tractor_semitrailer,c:\Users\amrem\Documents\Engineering Year 4\Machine Learning\Project\Vehicle-Classification\data\raw\class_09_five_axle_tractor_semitrailer\1489032960143372005_jpg.rf.04b17e3382f154db5a76792a8522cd57.jpg
20260106_211123,2026-01-06T21:15:54,c:\Users\amrem\Documents\Engineering Year 4\Machine Learning\Project\Vehicle-Classification\data\inbox\train\images\158-13e34c_png.rf.384007545065573e9b3015b15f978370.jpg,reject,,,reject,c:\Users\amrem\Documents\Engineering Year 4\Machine Learning\Project\Vehicle-Classification\data\raw\reject\158-13e34c_png.rf.384007545065573e9b3015b15f978370.jpg
20260106_211123,2026-01-06T21:16:04,c:\Users\amrem\Documents\Engineering Year 4\Machine Learning\Project\Vehicle-Classification\data\inbox\train\images\15c845-02_jpg.rf.58241c12ffde3c3bcc540ec72134be58.jpg,label,13,12,class_13_seven_or_more_axle_multi_trailer,c:\Users\amrem\Documents\Engineering Year 4\Machine Learning\Project\Vehicle-Classification\data\raw\class_13_seven_or_more_axle_multi_trailer\15c845-02_jpg.rf.58241c12ffde3c3bcc540ec72134be58.jpg
20260106_211123,2026-01-06T21:16:16,c:\Users\amrem\Documents\Engineering Year 4\Machine Learning\Project\Vehicle-Classification\data\inbox\train\images\1640712687_1-hdpic-club-p-furi-s-pritsepom-volvo-4_jpg.rf.7d540e84367603249bf96790cc26e27c.jpg,label,9,8,class_09_five_axle_tractor_semitrailer,c:\Users\amrem\Documents\Engineering Year 4\Machine Learning\Project\Vehicle-Classification\data\raw\class_09_five_axle_tractor_semitrailer\1640712687_1-hdpic-club-p-furi-s-pritsepom-volvo-4_jpg.rf.7d540e84367603249bf96790cc26e27c.jpg
20260106_211123,2026-01-06T21:16:21,c:\Users\amrem\Documents\Engineering Year 4\Machine Learning\Project\Vehicle-Classification\data\inbox\train\images\16438_zenith_commercial_trailers_blue_side_102994_jpg.rf.1dfac8b09963ad33b34f63df81c922f1.jpg,label,9,8,class_09_five_axle_tractor_semitrailer,c:\Users\amrem\Documents\Engineering Year 4\Machine Learning\Project\Vehicle-Classification\data\raw\class_09_five_axle_tractor_semitrailer\16438_zenith_commercial_trailers_blue_side_102994_jpg.rf.1dfac8b09963ad33b34f63df81c922f1.jpg
20260106_211123,2026-01-06T21:16:23,c:\Users\amrem\Documents\Engineering Year 4\Machine Learning\Project\Vehicle-Classification\data\inbox\train\images\1650625150455224_384_jpg.rf.224fd94c8b2569ab577503b2b8883f8b.jpg,reject,,,reject,c:\Users\amrem\Documents\Engineering Year 4\Machine Learning\Project\Vehicle-Classification\data\raw\reject\1650625150455224_384_jpg.rf.224fd94c8b2569ab577503b2b8883f8b.jpg
20260106_211123,2026-01-06T21:16:25,c:\Users\amrem\Documents\Engineering Year 4\Machine Learning\Project\Vehicle-Classification\data\inbox\train\images\1670206182987224_384_jpg.rf.5711ae04d956eb5e14643d13e0200fc9.jpg,reject,,,reject,c:\Users\amrem\Documents\Engineering Year 4\Machine Learning\Project\Vehicle-Classification\data\raw\reject\1670206182987224_384_jpg.rf.5711ae04d956eb5e14643d13e0200fc9.jpg
20260106_211123,2026-01-06T21:16:26,c:\Users\amrem\Documents\Engineering Year 4\Machine Learning\Project\Vehicle-Classification\data\inbox\train\images\1681840822_18_03_jpg.rf.b68f74b3d82e7d9c4e955139cac4d977.jpg,reject,,,reject,c:\Users\amrem\Documents\Engineering Year 4\Machine Learning\Project\Vehicle-Classification\data\raw\reject\1681840822_18_03_jpg.rf.b68f74b3d82e7d9c4e955139cac4d977.jpg
20260106_211123,2026-01-06T21:16:34,c:\Users\amrem\Documents\Engineering Year 4\Machine Learning\Project\Vehicle-Classification\data\inbox\train\images\17434885ij_jpg.rf.bfb980653ddd8ac8c35c5b0d70142586.jpg,label,11,10,class_11_five_or_less_axle_multi_trailer,c:\Users\amrem\Documents\Engineering Year 4\Machine Learning\Project\Vehicle-Classification\data\raw\class_11_five_or_less_axle_multi_trailer\17434885ij_jpg.rf.bfb980653ddd8ac8c35c5b0d70142586.jpg
20260106_211123,2026-01-06T21:16:40,c:\Users\amrem\Documents\Engineering Year 4\Machine Learning\Project\Vehicle-Classification\data\inbox\train\images\180526_Weilke_Ascheberg-8986_jpg.rf.35694ce8b3bcfeac3ab1acb57e0f86ff.jpg,label,11,10,class_11_five_or_less_axle_multi_trailer,c:\Users\amrem\Documents\Engineering Year 4\Machine Learning\Project\Vehicle-Classification\data\raw\class_11_five_or_less_axle_multi_trailer\180526_Weilke_Ascheberg-8986_jpg.rf.35694ce8b3bcfeac3ab1acb57e0f86ff.jpg
20260106_211123,2026-01-06T21:16:43,c:\Users\amrem\Documents\Engineering Year 4\Machine Learning\Project\Vehicle-Classification\data\inbox\train\images\1_12673_jpg.rf.c26b134866dcae0cf7668b5772d0e9a9.jpg,reject,,,reject,c:\Users\amrem\Documents\Engineering Year 4\Machine Learning\Project\Vehicle-Classification\data\raw\reject\1_12673_jpg.rf.c26b134866dcae0cf7668b5772d0e9a9.jpg
20260106_211123,2026-01-06T21:16:48,c:\Users\amrem\Documents\Engineering Year 4\Machine Learning\Project\Vehicle-Classification\data\inbox\train\images\1_jpg.rf.702ffa8348a23b3e458af0d00f9558b8.jpg,label,11,10,class_11_five_or_less_axle_multi_trailer,c:\Users\amrem\Documents\Engineering Year 4\Machine Learning\Project\Vehicle-Classification\data\raw\class_11_five_or_less_axle_multi_trailer\1_jpg.rf.702ffa8348a23b3e458af0d00f9558b8.jpg
20260106_211123,2026-01-06T21:16:50,c:\Users\amrem\Documents\Engineering Year 4\Machine Learning\Project\Vehicle-Classification\data\inbox\train\images\1d54281203909dd0_jpg.rf.3fd9885fa68ec1c19e05aae7987ac678.jpg,reject,,,reject,c:\Users\amrem\Documents\Engineering Year 4\Machine Learning\Project\Vehicle-Classification\data\raw\reject\1d54281203909dd0_jpg.rf.3fd9885fa68ec1c19e05aae7987ac678.jpg
20260106_211123,2026-01-06T21:16:51,c:\Users\amrem\Documents\Engineering Year 4\Machine Learning\Project\Vehicle-Classification\data\inbox\train\images\1df3e8f760c79415_jpg.rf.70333d8f9273c74cc2a753e4078ee83d.jpg,reject,,,reject,c:\Users\amrem\Documents\Engineering Year 4\Machine Learning\Project\Vehicle-Classification\data\raw\reject\1df3e8f760c79415_jpg.rf.70333d8f9273c74cc2a753e4078ee83d.jpg
20260106_211123,2026-01-06T21:16:55,c:\Users\amrem\Documents\Engineering Year 4\Machine Learning\Project\Vehicle-Classification\data\inbox\train\images\20141029_104233-1024x768_jpg.rf.d40df4b26ae2ae1b815baca7e39a08f4.jpg,label,11,10,class_11_five_or_less_axle_multi_trailer,c:\Users\amrem\Documents\Engineering Year 4\Machine Learning\Project\Vehicle-Classification\data\raw\class_11_five_or_less_axle_multi_trailer\20141029_104233-1024x768_jpg.rf.d40df4b26ae2ae1b815baca7e39a08f4.jpg
20260106_211123,2026-01-06T21:16:58,c:\Users\amrem\Documents\Engineering Year 4\Machine Learning\Project\Vehicle-Classification\data\inbox\train\images\20141218_125326-1024x768_jpg.rf.d9a9503d4185c27330e94e6de8296267.jpg,reject,,,reject,c:\Users\amrem\Documents\Engineering Year 4\Machine Learning\Project\Vehicle-Classification\data\raw\reject\20141218_125326-1024x768_jpg.rf.d9a9503d4185c27330e94e6de8296267.jpg
20260106_211123,2026-01-06T21:17:00,c:\Users\amrem\Documents\Engineering Year 4\Machine Learning\Project\Vehicle-Classification\data\inbox\train\images\20160927102749_color--ROI-1--8_jpg.rf.5900b2874cc7a15fe325776ba0f26362.jpg,reject,,,reject,c:\Users\amrem\Documents\Engineering Year 4\Machine Learning\Project\Vehicle-Classification\data\raw\reject\20160927102749_color--ROI-1--8_jpg.rf.5900b2874cc7a15fe325776ba0f26362.jpg
20260106_211123,2026-01-06T21:17:05,c:\Users\amrem\Documents\Engineering Year 4\Machine Learning\Project\Vehicle-Classification\data\inbox\train\images\20170418083656_color--ROI-1--48_jpg.rf.3f171528758f8c04b87a546c1aa280e6.jpg,label,9,8,class_09_five_axle_tractor_semitrailer,c:\Users\amrem\Documents\Engineering Year 4\Machine Learning\Project\Vehicle-Classification\data\raw\class_09_five_axle_tractor_semitrailer\20170418083656_color--ROI-1--48_jpg.rf.3f171528758f8c04b87a546c1aa280e6.jpg
20260106_211123,2026-01-06T21:17:07,c:\Users\amrem\Documents\Engineering Year 4\Machine Learning\Project\Vehicle-Classification\data\inbox\train\images\20170418084956_color--ROI-1--152_jpg.rf.873657eaf74bd3aa759d8ba2f243bab4.jpg,label,9,8,class_09_five_axle_tractor_semitrailer,c:\Users\amrem\Documents\Engineering Year 4\Machine Learning\Project\Vehicle-Classification\data\raw\class_09_five_axle_tractor_semitrailer\20170418084956_color--ROI-1--152_jpg.rf.873657eaf74bd3aa759d8ba2f243bab4.jpg
20260106_211123,2026-01-06T21:17:10,c:\Users\amrem\Documents\Engineering Year 4\Machine Learning\Project\Vehicle-Classification\data\inbox\train\images\203105_jpg.rf.e7429307924fcd2919ceb16dd83560eb.jpg,reject,,,reject,c:\Users\amrem\Documents\Engineering Year 4\Machine Learning\Project\Vehicle-Classification\data\raw\reject\203105_jpg.rf.e7429307924fcd2919ceb16dd83560eb.jpg
20260106_211123,2026-01-06T21:17:14,c:\Users\amrem\Documents\Engineering Year 4\Machine Learning\Project\Vehicle-Classification\data\inbox\train\images\22DT035_003_jpg.rf.437541fb0e55a733e3590f956a76cff6.jpg,label,11,10,class_11_five_or_less_axle_multi_trailer,c:\Users\amrem\Documents\Engineering Year 4\Machine Learning\Project\Vehicle-Classification\data\raw\class_11_five_or_less_axle_multi_trailer\22DT035_003_jpg.rf.437541fb0e55a733e3590f956a76cff6.jpg
20260106_211123,2026-01-06T21:17:17,c:\Users\amrem\Documents\Engineering Year 4\Machine Learning\Project\Vehicle-Classification\data\inbox\train\images\22DT035_010_jpg.rf.0c23a066eb62fac44014e8806ac9ffe0.jpg,label,11,10,class_11_five_or_less_axle_multi_trailer,c:\Users\amrem\Documents\Engineering Year 4\Machine Learning\Project\Vehicle-Classification\data\raw\class_11_five_or_less_axle_multi_trailer\22DT035_010_jpg.rf.0c23a066eb62fac44014e8806ac9ffe0.jpg
20260106_211123,2026-01-06T21:17:22,c:\Users\amrem\Documents\Engineering Year 4\Machine Learning\Project\Vehicle-Classification\data\inbox\train\images\2484603-100-dpi-rgb-png_jpg.rf.54ead24562354760a04f04a4c10a4f55.jpg,label,11,10,class_11_five_or_less_axle_multi_trailer,c:\Users\amrem\Documents\Engineering Year 4\Machine Learning\Project\Vehicle-Classification\data\raw\class_11_five_or_less_axle_multi_trailer\2484603-100-dpi-rgb-png_jpg.rf.54ead24562354760a04f04a4c10a4f55.jpg
20260106_211123,2026-01-06T21:17:28,c:\Users\amrem\Documents\Engineering Year 4\Machine Learning\Project\Vehicle-Classification\data\inbox\train\images\24b4857ee3b13b9f_jpg.rf.66ff24d659d6bfcebe77414df7a65ecc.jpg,label,11,10,class_11_five_or_less_axle_multi_trailer,c:\Users\amrem\Documents\Engineering Year 4\Machine Learning\Project\Vehicle-Classification\data\raw\class_11_five_or_less_axle_multi_trailer\24b4857ee3b13b9f_jpg.rf.66ff24d659d6bfcebe77414df7a65ecc.jpg
20260106_211123,2026-01-06T21:17:42,c:\Users\amrem\Documents\Engineering Year 4\Machine Learning\Project\Vehicle-Classification\data\inbox\train\images\2_1-o_fura-tu-tu_jpg.rf.5cd520ff2ab7e316255256c6bc2b4252.jpg,label,9,8,class_09_five_axle_tractor_semitrailer,c:\Users\amrem\Documents\Engineering Year 4\Machine Learning\Project\Vehicle-Classification\data\raw\class_09_five_axle_tractor_semitrailer\2_1-o_fura-tu-tu_jpg.rf.5cd520ff2ab7e316255256c6bc2b4252.jpg
20260106_211123,2026-01-06T21:17:45,c:\Users\amrem\Documents\Engineering Year 4\Machine Learning\Project\Vehicle-Classification\data\inbox\train\images\2d9f5d53cd1eb9cd_jpg.rf.6b68911b953331f13b12c4edc0b51649.jpg,label,9,8,class_09_five_axle_tractor_semitrailer,c:\Users\amrem\Documents\Engineering Year 4\Machine Learning\Project\Vehicle-Classification\data\raw\class_09_five_axle_tractor_semitrailer\2d9f5d53cd1eb9cd_jpg.rf.6b68911b953331f13b12c4edc0b51649.jpg
20260106_211123,2026-01-06T21:17:51,c:\Users\amrem\Documents\Engineering Year 4\Machine Learning\Project\Vehicle-Classification\data\inbox\train\images\30994711072_18a3048bfe_b_jpg.rf.cd1a2b15fe0432bdde2f16a358743d09.jpg,label,11,10,class_11_five_or_less_axle_multi_trailer,c:\Users\amrem\Documents\Engineering Year 4\Machine Learning\Project\Vehicle-Classification\data\raw\class_11_five_or_less_axle_multi_trailer\30994711072_18a3048bfe_b_jpg.rf.cd1a2b15fe0432bdde2f16a358743d09.jpg
20260106_211123,2026-01-06T21:17:57,c:\Users\amrem\Documents\Engineering Year 4\Machine Learning\Project\Vehicle-Classification\data\inbox\train\images\3103_1714487961298_jpg.rf.517f026702646cada3afc91315ff723c.jpg,label,11,10,class_11_five_or_less_axle_multi_trailer,c:\Users\amrem\Documents\Engineering Year 4\Machine Learning\Project\Vehicle-Classification\data\raw\class_11_five_or_less_axle_multi_trailer\3103_1714487961298_jpg.rf.517f026702646cada3afc91315ff723c.jpg
20260106_211123,2026-01-06T21:18:00,c:\Users\amrem\Documents\Engineering Year 4\Machine Learning\Project\Vehicle-Classification\data\inbox\train\images\32acbd26f1378973_jpg.rf.9ffe2582e918543a2f4cbe147a15a4e2.jpg,reject,,,reject,c:\Users\amrem\Documents\Engineering Year 4\Machine Learning\Project\Vehicle-Classification\data\raw\reject\32acbd26f1378973_jpg.rf.9ffe2582e918543a2f4cbe147a15a4e2.jpg
20260106_211123,2026-01-06T21:18:01,c:\Users\amrem\Documents\Engineering Year 4\Machine Learning\Project\Vehicle-Classification\data\inbox\train\images\3441055-a-truck-on-a-country-street-from-above-photocase-stock-photo-large_jpeg.rf.be8112ed78296edb733b2b8f5ff036dd.jpg,reject,,,reject,c:\Users\amrem\Documents\Engineering Year 4\Machine Learning\Project\Vehicle-Classification\data\raw\reject\3441055-a-truck-on-a-country-street-from-above-photocase-stock-photo-large_jpeg.rf.be8112ed78296edb733b2b8f5ff036dd.jpg
20260106_211123,2026-01-06T21:18:03,c:\Users\amrem\Documents\Engineering Year 4\Machine Learning\Project\Vehicle-Classification\data\inbox\train\images\35fbdb83fba5f2ea_jpg.rf.576817cc31f6fc3c493870d3204e4925.jpg,reject,,,reject,c:\Users\amrem\Documents\Engineering Year 4\Machine Learning\Project\Vehicle-Classification\data\raw\reject\35fbdb83fba5f2ea_jpg.rf.576817cc31f6fc3c493870d3204e4925.jpg
20260106_211123,2026-01-06T21:18:05,c:\Users\amrem\Documents\Engineering Year 4\Machine Learning\Project\Vehicle-Classification\data\inbox\train\images\360_F_67200893_sssh4vTxQK6zGdk8DC2gB1EJdfwsC4Zv_jpg.rf.67c66b12592c05c59cac4deed950fd80.jpg,reject,,,reject,c:\Users\amrem\Documents\Engineering Year 4\Machine Learning\Project\Vehicle-Classification\data\raw\reject\360_F_67200893_sssh4vTxQK6zGdk8DC2gB1EJdfwsC4Zv_jpg.rf.67c66b12592c05c59cac4deed950fd80.jpg
20260106_211123,2026-01-06T21:18:08,c:\Users\amrem\Documents\Engineering Year 4\Machine Learning\Project\Vehicle-Classification\data\inbox\train\images\3612694-236650238-web_lkw1024211-2sfe_jpg.rf.602e675e2f76b040519d575f15cf13c9.jpg,label,11,10,class_11_five_or_less_axle_multi_trailer,c:\Users\amrem\Documents\Engineering Year 4\Machine Learning\Project\Vehicle-Classification\data\raw\class_11_five_or_less_axle_multi_trailer\3612694-236650238-web_lkw1024211-2sfe_jpg.rf.602e675e2f76b040519d575f15cf13c9.jpg
20260106_211123,2026-01-06T21:18:10,c:\Users\amrem\Documents\Engineering Year 4\Machine Learning\Project\Vehicle-Classification\data\inbox\train\images\42407_Klipart_Permy_avtomobilynaya_avariya_fura_tyagach_gruzovik_dtp_250x0_3201-1798-0-0_jpg.rf.7422cf067a95ffb7c01d442b992b84a8.jpg,reject,,,reject,c:\Users\amrem\Documents\Engineering Year 4\Machine Learning\Project\Vehicle-Classification\data\raw\reject\42407_Klipart_Permy_avtomobilynaya_avariya_fura_tyagach_gruzovik_dtp_250x0_3201-1798-0-0_jpg.rf.7422cf067a95ffb7c01d442b992b84a8.jpg
20260106_211123,2026-01-06T21:18:12,c:\Users\amrem\Documents\Engineering Year 4\Machine Learning\Project\Vehicle-Classification\data\inbox\train\images\452534e67e8a7ea2_jpg.rf.ac86d93085692cb9511b6f0558848a1f.jpg,reject,,,reject,c:\Users\amrem\Documents\Engineering Year 4\Machine Learning\Project\Vehicle-Classification\data\raw\reject\452534e67e8a7ea2_jpg.rf.ac86d93085692cb9511b6f0558848a1f.jpg
20260106_211123,2026-01-06T21:18:14,c:\Users\amrem\Documents\Engineering Year 4\Machine Learning\Project\Vehicle-Classification\data\inbox\train\images\459109b68fa959c5b9c7dafc5be76365_jpeg.rf.5fec86b9f666ac0ccfdc92aec5917995.jpg,reject,,,reject,c:\Users\amrem\Documents\Engineering Year 4\Machine Learning\Project\Vehicle-Classification\data\raw\reject\459109b68fa959c5b9c7dafc5be76365_jpeg.rf.5fec86b9f666ac0ccfdc92aec5917995.jpg
20260106_211123,2026-01-06T21:18:15,c:\Users\amrem\Documents\Engineering Year 4\Machine Learning\Project\Vehicle-Classification\data\inbox\train\images\468141d45bb96114_jpg.rf.3465957937249d312e9bbb1e07681cd9.jpg,reject,,,reject,c:\Users\amrem\Documents\Engineering Year 4\Machine Learning\Project\Vehicle-Classification\data\raw\reject\468141d45bb96114_jpg.rf.3465957937249d312e9bbb1e07681cd9.jpg
20260106_211123,2026-01-06T21:18:16,c:\Users\amrem\Documents\Engineering Year 4\Machine Learning\Project\Vehicle-Classification\data\inbox\train\images\51913870934_c9ca3b9440_b_jpg.rf.dbae73f47f483329a7c29f5879f68c38.jpg,reject,,,reject,c:\Users\amrem\Documents\Engineering Year 4\Machine Learning\Project\Vehicle-Classification\data\raw\reject\51913870934_c9ca3b9440_b_jpg.rf.dbae73f47f483329a7c29f5879f68c38.jpg
20260106_211123,2026-01-06T21:18:17,c:\Users\amrem\Documents\Engineering Year 4\Machine Learning\Project\Vehicle-Classification\data\inbox\train\images\54efe004b09bc2fd_jpg.rf.00a2a0249f8c4cc43e29ca721178b19d.jpg,reject,,,reject,c:\Users\amrem\Documents\Engineering Year 4\Machine Learning\Project\Vehicle-Classification\data\raw\reject\54efe004b09bc2fd_jpg.rf.00a2a0249f8c4cc43e29ca721178b19d.jpg
20260106_211123,2026-01-06T21:18:18,c:\Users\amrem\Documents\Engineering Year 4\Machine Learning\Project\Vehicle-Classification\data\inbox\train\images\56ca2ae4b00deb10_jpg.rf.347c40189be5a4378da30895cbf7fdba.jpg,reject,,,reject,c:\Users\amrem\Documents\Engineering Year 4\Machine Learning\Project\Vehicle-Classification\data\raw\reject\56ca2ae4b00deb10_jpg.rf.347c40189be5a4378da30895cbf7fdba.jpg
20260106_211123,2026-01-06T21:18:20,c:\Users\amrem\Documents\Engineering Year 4\Machine Learning\Project\Vehicle-Classification\data\inbox\train\images\5dc93d30d328d467_jpg.rf.7aace0aeb594f8f5e891387b6ff52167.jpg,reject,,,reject,c:\Users\amrem\Documents\Engineering Year 4\Machine Learning\Project\Vehicle-Classification\data\raw\reject\5dc93d30d328d467_jpg.rf.7aace0aeb594f8f5e891387b6ff52167.jpg
20260106_211123,2026-01-06T21:18:25,c:\Users\amrem\Documents\Engineering Year 4\Machine Learning\Project\Vehicle-Classification\data\inbox\train\images\5eoqVELkt5_a4_710x444_jpeg.rf.0caeccef837c43ff475d2de5cfe8fc19.jpg,label,11,10,class_11_five_or_less_axle_multi_trailer,c:\Users\amrem\Documents\Engineering Year 4\Machine Learning\Project\Vehicle-Classification\data\raw\class_11_five_or_less_axle_multi_trailer\5eoqVELkt5_a4_710x444_jpeg.rf.0caeccef837c43ff475d2de5cfe8fc19.jpg
20260106_211123,2026-01-06T21:18:32,c:\Users\amrem\Documents\Engineering Year 4\Machine Learning\Project\Vehicle-Classification\data\inbox\train\images\67_jpg.rf.44d41c46d9a2d33c04e758e875cd9cb5.jpg,label,11,10,class_11_five_or_less_axle_multi_trailer,c:\Users\amrem\Documents\Engineering Year 4\Machine Learning\Project\Vehicle-Classification\data\raw\class_11_five_or_less_axle_multi_trailer\67_jpg.rf.44d41c46d9a2d33c04e758e875cd9cb5.jpg
20260106_211123,2026-01-06T21:18:34,c:\Users\amrem\Documents\Engineering Year 4\Machine Learning\Project\Vehicle-Classification\data\inbox\train\images\6b0b93873acfebc7_jpg.rf.991c5f50f4089acc16c50e286892908f.jpg,reject,,,reject,c:\Users\amrem\Documents\Engineering Year 4\Machine Learning\Project\Vehicle-Classification\data\raw\reject\6b0b93873acfebc7_jpg.rf.991c5f50f4089acc16c50e286892908f.jpg
20260106_211123,2026-01-06T21:18:35,c:\Users\amrem\Documents\Engineering Year 4\Machine Learning\Project\Vehicle-Classification\data\inbox\train\images\6c9a0e04-956b-40e9-87c7-01861c151b1b_jpg.rf.6edc080dd03af1e47f33940c19a2c34c.jpg,reject,,,reject,c:\Users\amrem\Documents\Engineering Year 4\Machine Learning\Project\Vehicle-Classification\data\raw\reject\6c9a0e04-956b-40e9-87c7-01861c151b1b_jpg.rf.6edc080dd03af1e47f33940c19a2c34c.jpg
20260106_211123,2026-01-06T21:18:38,c:\Users\amrem\Documents\Engineering Year 4\Machine Learning\Project\Vehicle-Classification\data\inbox\train\images\70_jpg.rf.b580b138b1391e4a6bf845a72cf74272.jpg,label,11,10,class_11_five_or_less_axle_multi_trailer,c:\Users\amrem\Documents\Engineering Year 4\Machine Learning\Project\Vehicle-Classification\data\raw\class_11_five_or_less_axle_multi_trailer\70_jpg.rf.b580b138b1391e4a6bf845a72cf74272.jpg
20260106_211123,2026-01-06T21:18:39,c:\Users\amrem\Documents\Engineering Year 4\Machine Learning\Project\Vehicle-Classification\data\inbox\train\images\847666-2012-mitsubishi-fuso-super-gr_jpg.rf.ba369ec8e2bc3108186201b60892b7c7.jpg,reject,,,reject,c:\Users\amrem\Documents\Engineering Year 4\Machine Learning\Project\Vehicle-Classification\data\raw\reject\847666-2012-mitsubishi-fuso-super-gr_jpg.rf.ba369ec8e2bc3108186201b60892b7c7.jpg
20260106_211123,2026-01-06T21:18:42,c:\Users\amrem\Documents\Engineering Year 4\Machine Learning\Project\Vehicle-Classification\data\inbox\train\images\88914_1_jpg.rf.b4028557ea76b59449960224da0dcff7.jpg,reject,,,reject,c:\Users\amrem\Documents\Engineering Year 4\Machine Learning\Project\Vehicle-Classification\data\raw\reject\88914_1_jpg.rf.b4028557ea76b59449960224da0dcff7.jpg
20260106_211123,2026-01-06T21:18:43,c:\Users\amrem\Documents\Engineering Year 4\Machine Learning\Project\Vehicle-Classification\data\inbox\train\images\8b5ac0a9cd8e1b0c_jpg.rf.e955d6f1024fc26d785a15acf4ff2225.jpg,reject,,,reject,c:\Users\amrem\Documents\Engineering Year 4\Machine Learning\Project\Vehicle-Classification\data\raw\reject\8b5ac0a9cd8e1b0c_jpg.rf.e955d6f1024fc26d785a15acf4ff2225.jpg
20260106_211123,2026-01-06T21:18:44,c:\Users\amrem\Documents\Engineering Year 4\Machine Learning\Project\Vehicle-Classification\data\inbox\train\images\8d47c8c405c1d5f03782f0f6381dab60_jpeg.rf.7a061dd40816c5ad8d42138709c6d935.jpg,reject,,,reject,c:\Users\amrem\Documents\Engineering Year 4\Machine Learning\Project\Vehicle-Classification\data\raw\reject\8d47c8c405c1d5f03782f0f6381dab60_jpeg.rf.7a061dd40816c5ad8d42138709c6d935.jpg
20260106_211123,2026-01-06T21:18:46,c:\Users\amrem\Documents\Engineering Year 4\Machine Learning\Project\Vehicle-Classification\data\inbox\train\images\8e9579a362c283bc_jpg.rf.cfd094113ddda89def3723386f170074.jpg,reject,,,reject,c:\Users\amrem\Documents\Engineering Year 4\Machine Learning\Project\Vehicle-Classification\data\raw\reject\8e9579a362c283bc_jpg.rf.cfd094113ddda89def3723386f170074.jpg
20260106_211123,2026-01-06T21:18:48,c:\Users\amrem\Documents\Engineering Year 4\Machine Learning\Project\Vehicle-Classification\data\inbox\train\images\8f70ddac0b42929d_jpg.rf.e4771292d9aa6016c92a931bb794f994.jpg,reject,,,reject,c:\Users\amrem\Documents\Engineering Year 4\Machine Learning\Project\Vehicle-Classification\data\raw\reject\8f70ddac0b42929d_jpg.rf.e4771292d9aa6016c92a931bb794f994.jpg
20260106_211123,2026-01-06T21:18:52,c:\Users\amrem\Documents\Engineering Year 4\Machine Learning\Project\Vehicle-Classification\data\inbox\train\images\8ff68b1bb7728003_jpg.rf.c4b420893dfe6fe8d2bfe4e1bac3826c.jpg,reject,,,reject,c:\Users\amrem\Documents\Engineering Year 4\Machine Learning\Project\Vehicle-Classification\data\raw\reject\8ff68b1bb7728003_jpg.rf.c4b420893dfe6fe8d2bfe4e1bac3826c.jpg
20260106_211123,2026-01-06T21:18:55,c:\Users\amrem\Documents\Engineering Year 4\Machine Learning\Project\Vehicle-Classification\data\inbox\train\images\_czzc8oe_jpg.rf.dda506f4ace76fe78ae76738da258749.jpg,reject,,,reject,c:\Users\amrem\Documents\Engineering Year 4\Machine Learning\Project\Vehicle-Classification\data\raw\reject\_czzc8oe_jpg.rf.dda506f4ace76fe78ae76738da258749.jpg
20260106_211123,2026-01-06T21:18:58,c:\Users\amrem\Documents\Engineering Year 4\Machine Learning\Project\Vehicle-Classification\data\inbox\train\images\a1a039cd189683b7aadad5a181fbb725_jpg.rf.12cdc6bd06f81355d53c92989a0cd514.jpg,reject,,,reject,c:\Users\amrem\Documents\Engineering Year 4\Machine Learning\Project\Vehicle-Classification\data\raw\reject\a1a039cd189683b7aadad5a181fbb725_jpg.rf.12cdc6bd06f81355d53c92989a0cd514.jpg
20260106_211123,2026-01-06T21:18:59,c:\Users\amrem\Documents\Engineering Year 4\Machine Learning\Project\Vehicle-Classification\data\inbox\train\images\a7900bc3883ad19f58aaa521a38eac53_jpg.rf.a04cce468b9d0a5e467b8eb00a7a75ff.jpg,reject,,,reject,c:\Users\amrem\Documents\Engineering Year 4\Machine Learning\Project\Vehicle-Classification\data\raw\reject\a7900bc3883ad19f58aaa521a38eac53_jpg.rf.a04cce468b9d0a5e467b8eb00a7a75ff.jpg
20260106_211123,2026-01-06T21:19:00,c:\Users\amrem\Documents\Engineering Year 4\Machine Learning\Project\Vehicle-Classification\data\inbox\train\images\actros_1833_neu_jpg.rf.04294f1ef396413a8c70a8e6dfdbd003.jpg,reject,,,reject,c:\Users\amrem\Documents\Engineering Year 4\Machine Learning\Project\Vehicle-Classification\data\raw\reject\actros_1833_neu_jpg.rf.04294f1ef396413a8c70a8e6dfdbd003.jpg
20260106_211123,2026-01-06T21:19:02,c:\Users\amrem\Documents\Engineering Year 4\Machine Learning\Project\Vehicle-Classification\data\inbox\train\images\ADJ-Lang-LKW-Typ-5-mit-Anhanger-DTAJ-19000_jpg.rf.b5bc954aa2323a638f87cfe3bd2a2a15.jpg,reject,,,reject,c:\Users\amrem\Documents\Engineering Year 4\Machine Learning\Project\Vehicle-Classification\data\raw\reject\ADJ-Lang-LKW-Typ-5-mit-Anhanger-DTAJ-19000_jpg.rf.b5bc954aa2323a638f87cfe3bd2a2a15.jpg
20260106_211123,2026-01-06T21:19:04,c:\Users\amrem\Documents\Engineering Year 4\Machine Learning\Project\Vehicle-Classification\data\inbox\train\images\af83578c0e2a2c19986ccddd0ea7643a_jpg.rf.78a5cbbd0714fe6a004adfc4dea755d9.jpg,reject,,,reject,c:\Users\amrem\Documents\Engineering Year 4\Machine Learning\Project\Vehicle-Classification\data\raw\reject\af83578c0e2a2c19986ccddd0ea7643a_jpg.rf.78a5cbbd0714fe6a004adfc4dea755d9.jpg
20260106_211123,2026-01-06T21:19:10,c:\Users\amrem\Documents\Engineering Year 4\Machine Learning\Project\Vehicle-Classification\data\inbox\train\images\Article_170220_860_575_jpg.rf.d81ea66df6c5075614991e1c84e0a015.jpg,reject,,,reject,c:\Users\amrem\Documents\Engineering Year 4\Machine Learning\Project\Vehicle-Classification\data\raw\reject\Article_170220_860_575_jpg.rf.d81ea66df6c5075614991e1c84e0a015.jpg
20260106_211123,2026-01-06T21:19:16,c:\Users\amrem\Documents\Engineering Year 4\Machine Learning\Project\Vehicle-Classification\data\inbox\train\images\aufmacher_0_jpg.rf.1acb0c448fcf81037c9a6cf3e5aa6a33.jpg,label,11,10,class_11_five_or_less_axle_multi_trailer,c:\Users\amrem\Documents\Engineering Year 4\Machine Learning\Project\Vehicle-Classification\data\raw\class_11_five_or_less_axle_multi_trailer\aufmacher_0_jpg.rf.1acb0c448fcf81037c9a6cf3e5aa6a33.jpg
20260106_211123,2026-01-06T21:19:20,c:\Users\amrem\Documents\Engineering Year 4\Machine Learning\Project\Vehicle-Classification\data\inbox\train\images\background-1_jpg.rf.94c9cac01355934608fce4aba21fcd77.jpg,label,11,10,class_11_five_or_less_axle_multi_trailer,c:\Users\amrem\Documents\Engineering Year 4\Machine Learning\Project\Vehicle-Classification\data\raw\class_11_five_or_less_axle_multi_trailer\background-1_jpg.rf.94c9cac01355934608fce4aba21fcd77.jpg
20260106_211123,2026-01-06T21:19:24,c:\Users\amrem\Documents\Engineering Year 4\Machine Learning\Project\Vehicle-Classification\data\inbox\train\images\baeko2_jpg.rf.66fe5c4f4bf73f065082d1389d2b9757.jpg,label,11,10,class_11_five_or_less_axle_multi_trailer,c:\Users\amrem\Documents\Engineering Year 4\Machine Learning\Project\Vehicle-Classification\data\raw\class_11_five_or_less_axle_multi_trailer\baeko2_jpg.rf.66fe5c4f4bf73f065082d1389d2b9757.jpg
20260106_211123,2026-01-06T21:19:26,c:\Users\amrem\Documents\Engineering Year 4\Machine Learning\Project\Vehicle-Classification\data\inbox\train\images\BDF-Wechselsysteme-10_jpg.rf.118e401e896b205c4e47f4b60513efb5.jpg,label,11,10,class_11_five_or_less_axle_multi_trailer,c:\Users\amrem\Documents\Engineering Year 4\Machine Learning\Project\Vehicle-Classification\data\raw\class_11_five_or_less_axle_multi_trailer\BDF-Wechselsysteme-10_jpg.rf.118e401e896b205c4e47f4b60513efb5.jpg
20260106_211123,2026-01-06T21:19:34,c:\Users\amrem\Documents\Engineering Year 4\Machine Learning\Project\Vehicle-Classification\data\inbox\train\images\big_101494_21913_jpg.rf.d5e88d5626adc14e2dff46acf5319f29.jpg,reject,,,reject,c:\Users\amrem\Documents\Engineering Year 4\Machine Learning\Project\Vehicle-Classification\data\raw\reject\big_101494_21913_jpg.rf.d5e88d5626adc14e2dff46acf5319f29.jpg
20260106_211123,2026-01-06T21:19:37,c:\Users\amrem\Documents\Engineering Year 4\Machine Learning\Project\Vehicle-Classification\data\inbox\train\images\Boehmer-Zentralachs-Anhaenger-1_jpg.rf.b3c863871a562ab73dad0ab9d7ca637b.jpg,label,11,10,class_11_five_or_less_axle_multi_trailer,c:\Users\amrem\Documents\Engineering Year 4\Machine Learning\Project\Vehicle-Classification\data\raw\class_11_five_or_less_axle_multi_trailer\Boehmer-Zentralachs-Anhaenger-1_jpg.rf.b3c863871a562ab73dad0ab9d7ca637b.jpg
20260106_211123,2026-01-06T21:19:39,c:\Users\amrem\Documents\Engineering Year 4\Machine Learning\Project\Vehicle-Classification\data\inbox\train\images\D0AAAgEv7OA-960_jpg.rf.11817dd03d4824c802f4300aa8ad8399.jpg,reject,,,reject,c:\Users\amrem\Documents\Engineering Year 4\Machine Learning\Project\Vehicle-Classification\data\raw\reject\D0AAAgEv7OA-960_jpg.rf.11817dd03d4824c802f4300aa8ad8399.jpg
20260106_211123,2026-01-06T21:19:41,c:\Users\amrem\Documents\Engineering Year 4\Machine Learning\Project\Vehicle-Classification\data\inbox\train\images\d70c395b31a802f5_jpg.rf.fece409d360f114d7f7776bf59ad3969.jpg,reject,,,reject,c:\Users\amrem\Documents\Engineering Year 4\Machine Learning\Project\Vehicle-Classification\data\raw\reject\d70c395b31a802f5_jpg.rf.fece409d360f114d7f7776bf59ad3969.jpg
20260106_211123,2026-01-06T21:19:42,c:\Users\amrem\Documents\Engineering Year 4\Machine Learning\Project\Vehicle-Classification\data\inbox\train\images\d95ac5e4f249c7ae_jpg.rf.172322cca0f1939cb06773a193d1f2e7.jpg,reject,,,reject,c:\Users\amrem\Documents\Engineering Year 4\Machine Learning\Project\Vehicle-Classification\data\raw\reject\d95ac5e4f249c7ae_jpg.rf.172322cca0f1939cb06773a193d1f2e7.jpg
20260106_211123,2026-01-06T21:19:49,c:\Users\amrem\Documents\Engineering Year 4\Machine Learning\Project\Vehicle-Classification\data\inbox\train\images\Dachser-CZ_Longer-truck_rdax_65s_jpg.rf.b374b955bd8f2e94f623f6addc99c855.jpg,label,13,12,class_13_seven_or_more_axle_multi_trailer,c:\Users\amrem\Documents\Engineering Year 4\Machine Learning\Project\Vehicle-Classification\data\raw\class_13_seven_or_more_axle_multi_trailer\Dachser-CZ_Longer-truck_rdax_65s_jpg.rf.b374b955bd8f2e94f623f6addc99c855.jpg
20260106_211123,2026-01-06T21:19:51,c:\Users\amrem\Documents\Engineering Year 4\Machine Learning\Project\Vehicle-Classification\data\inbox\train\images\Datacluster-Truck-10-_jpg.rf.61a975b8969d87e25a89a8078fc9dc87.jpg,reject,,,reject,c:\Users\amrem\Documents\Engineering Year 4\Machine Learning\Project\Vehicle-Classification\data\raw\reject\Datacluster-Truck-10-_jpg.rf.61a975b8969d87e25a89a8078fc9dc87.jpg
20260106_211123,2026-01-06T21:19:53,c:\Users\amrem\Documents\Engineering Year 4\Machine Learning\Project\Vehicle-Classification\data\inbox\train\images\DB_Werneke_190518_LKW_013_INET-1200x801_jpg.rf.f6815513d4c95be2bfe09abe03712893.jpg,reject,,,reject,c:\Users\amrem\Documents\Engineering Year 4\Machine Learning\Project\Vehicle-Classification\data\raw\reject\DB_Werneke_190518_LKW_013_INET-1200x801_jpg.rf.f6815513d4c95be2bfe09abe03712893.jpg
20260106_211123,2026-01-06T21:19:56,c:\Users\amrem\Documents\Engineering Year 4\Machine Learning\Project\Vehicle-Classification\data\inbox\train\images\DSC06762_jpg.rf.ac4504b82568dfd94b6f1b1bd7b52b4a.jpg,label,11,10,class_11_five_or_less_axle_multi_trailer,c:\Users\amrem\Documents\Engineering Year 4\Machine Learning\Project\Vehicle-Classification\data\raw\class_11_five_or_less_axle_multi_trailer\DSC06762_jpg.rf.ac4504b82568dfd94b6f1b1bd7b52b4a.jpg
20260106_211123,2026-01-06T21:19:58,c:\Users\amrem\Documents\Engineering Year 4\Machine Learning\Project\Vehicle-Classification\data\inbox\train\images\DSC_6972_jpg.rf.663f06499a07b2f37c41eb169e3ed798.jpg,label,11,10,class_11_five_or_less_axle_multi_trailer,c:\Users\amrem\Documents\Engineering Year 4\Machine Learning\Project\Vehicle-Classification\data\raw\class_11_five_or_less_axle_multi_trailer\DSC_6972_jpg.rf.663f06499a07b2f37c41eb169e3ed798.jpg
20260106_211123,2026-01-06T21:20:01,c:\Users\amrem\Documents\Engineering Year 4\Machine Learning\Project\Vehicle-Classification\data\inbox\train\images\f0f94bf01222c875_jpg.rf.43312a682cabc19367ddec64b96c9d9a.jpg,reject,,,reject,c:\Users\amrem\Documents\Engineering Year 4\Machine Learning\Project\Vehicle-Classification\data\raw\reject\f0f94bf01222c875_jpg.rf.43312a682cabc19367ddec64b96c9d9a.jpg
20260106_211123,2026-01-06T21:20:02,c:\Users\amrem\Documents\Engineering Year 4\Machine Learning\Project\Vehicle-Classification\data\inbox\train\images\f3f97cf35311178d_jpg.rf.bab394974153bab05f376cef95f06015.jpg,reject,,,reject,c:\Users\amrem\Documents\Engineering Year 4\Machine Learning\Project\Vehicle-Classification\data\raw\reject\f3f97cf35311178d_jpg.rf.bab394974153bab05f376cef95f06015.jpg
20260106_211123,2026-01-06T21:20:03,c:\Users\amrem\Documents\Engineering Year 4\Machine Learning\Project\Vehicle-Classification\data\inbox\train\images\f765e7b310dccc83_jpg.rf.d08d23e8a6b38bcbb1fa1e688a32be82.jpg,reject,,,reject,c:\Users\amrem\Documents\Engineering Year 4\Machine Learning\Project\Vehicle-Classification\data\raw\reject\f765e7b310dccc83_jpg.rf.d08d23e8a6b38bcbb1fa1e688a32be82.jpg
20260106_211123,2026-01-06T21:20:14,c:\Users\amrem\Documents\Engineering Year 4\Machine Learning\Project\Vehicle-Classification\data\inbox\train\images\fahrtenbuch-lkw_jpg.rf.a6086b92ddc445a6be90ed978b207a07.jpg,label,13,12,class_13_seven_or_more_axle_multi_trailer,c:\Users\amrem\Documents\Engineering Year 4\Machine Learning\Project\Vehicle-Classification\data\raw\class_13_seven_or_more_axle_multi_trailer\fahrtenbuch-lkw_jpg.rf.a6086b92ddc445a6be90ed978b207a07.jpg
20260106_211123,2026-01-06T21:20:17,c:\Users\amrem\Documents\Engineering Year 4\Machine Learning\Project\Vehicle-Classification\data\inbox\train\images\fb0c130355e55f1a_jpg.rf.2b9d3575599e2f06c1b3e815754ed7c5.jpg,reject,,,reject,c:\Users\amrem\Documents\Engineering Year 4\Machine Learning\Project\Vehicle-Classification\data\raw\reject\fb0c130355e55f1a_jpg.rf.2b9d3575599e2f06c1b3e815754ed7c5.jpg
20260106_211123,2026-01-06T21:20:20,c:\Users\amrem\Documents\Engineering Year 4\Machine Learning\Project\Vehicle-Classification\data\inbox\train\images\fura-altrans-25-tonn-0-400-300_jpg.rf.f5c065ef94f4c8334c92512024436f3f.jpg,reject,,,reject,c:\Users\amrem\Documents\Engineering Year 4\Machine Learning\Project\Vehicle-Classification\data\raw\reject\fura-altrans-25-tonn-0-400-300_jpg.rf.f5c065ef94f4c8334c92512024436f3f.jpg
20260106_211123,2026-01-06T21:20:22,c:\Users\amrem\Documents\Engineering Year 4\Machine Learning\Project\Vehicle-Classification\data\inbox\train\images\Fura_tent-1-_jpg.rf.7f6c751fa64a7111b1470300f61ef901.jpg,reject,,,reject,c:\Users\amrem\Documents\Engineering Year 4\Machine Learning\Project\Vehicle-Classification\data\raw\reject\Fura_tent-1-_jpg.rf.7f6c751fa64a7111b1470300f61ef901.jpg
20260106_211123,2026-01-06T21:20:23,c:\Users\amrem\Documents\Engineering Year 4\Machine Learning\Project\Vehicle-Classification\data\inbox\train\images\Fura_tentovannaya_jpg.rf.d05a295f3b90cde23cd284d1f709e4ac.jpg,reject,,,reject,c:\Users\amrem\Documents\Engineering Year 4\Machine Learning\Project\Vehicle-Classification\data\raw\reject\Fura_tentovannaya_jpg.rf.d05a295f3b90cde23cd284d1f709e4ac.jpg
20260106_211123,2026-01-06T21:20:28,c:\Users\amrem\Documents\Engineering Year 4\Machine Learning\Project\Vehicle-Classification\data\inbox\train\images\Gigaliner_jpg.rf.21a41125a29ef82f3f5bdbc092d9589e.jpg,label,13,12,class_13_seven_or_more_axle_multi_trailer,c:\Users\amrem\Documents\Engineering Year 4\Machine Learning\Project\Vehicle-Classification\data\raw\class_13_seven_or_more_axle_multi_trailer\Gigaliner_jpg.rf.21a41125a29ef82f3f5bdbc092d9589e.jpg
20260106_211123,2026-01-06T21:20:39,c:\Users\amrem\Documents\Engineering Year 4\Machine Learning\Project\Vehicle-Classification\data\inbox\train\images\Gliederzug-Drehschemel-Curtainsider_jpg.rf.5210a7112716ea894a947f7acb6a1cb4.jpg,label,11,10,class_11_five_or_less_axle_multi_trailer,c:\Users\amrem\Documents\Engineering Year 4\Machine Learning\Project\Vehicle-Classification\data\raw\class_11_five_or_less_axle_multi_trailer\Gliederzug-Drehschemel-Curtainsider_jpg.rf.5210a7112716ea894a947f7acb6a1cb4.jpg
20260106_211123,2026-01-06T21:20:43,c:\Users\amrem\Documents\Engineering Year 4\Machine Learning\Project\Vehicle-Classification\data\inbox\train\images\Gliederzug_jpg.rf.8da7885607c98f99792518aff435bc2f.jpg,reject,,,reject,c:\Users\amrem\Documents\Engineering Year 4\Machine Learning\Project\Vehicle-Classification\data\raw\reject\Gliederzug_jpg.rf.8da7885607c98f99792518aff435bc2f.jpg
20260106_211123,2026-01-06T21:20:45,c:\Users\amrem\Documents\Engineering Year 4\Machine Learning\Project\Vehicle-Classification\data\inbox\train\images\GOPR6698_color--ROI-1--166_jpg.rf.672b56853c533d84e3d9d85bc98d0082.jpg,reject,,,reject,c:\Users\amrem\Documents\Engineering Year 4\Machine Learning\Project\Vehicle-Classification\data\raw\reject\GOPR6698_color--ROI-1--166_jpg.rf.672b56853c533d84e3d9d85bc98d0082.jpg
20260106_211123,2026-01-06T21:20:51,c:\Users\amrem\Documents\Engineering Year 4\Machine Learning\Project\Vehicle-Classification\data\inbox\train\images\GOPR6698_color--ROI-1--20_jpg.rf.8ce0a63772425bafd936a6fd00491458.jpg,reject,,,reject,c:\Users\amrem\Documents\Engineering Year 4\Machine Learning\Project\Vehicle-Classification\data\raw\reject\GOPR6698_color--ROI-1--20_jpg.rf.8ce0a63772425bafd936a6fd00491458.jpg
20260106_211123,2026-01-06T21:21:03,c:\Users\amrem\Documents\Engineering Year 4\Machine Learning\Project\Vehicle-Classification\data\inbox\train\images\GOPR6698_color--ROI-1--28_jpg.rf.7ba8e91631bb3b6863341347049d00b5.jpg,label,10,9,class_10_six_or_more_axle_single_trailer,c:\Users\amrem\Documents\Engineering Year 4\Machine Learning\Project\Vehicle-Classification\data\raw\class_10_six_or_more_axle_single_trailer\GOPR6698_color--ROI-1--28_jpg.rf.7ba8e91631bb3b6863341347049d00b5.jpg
20260106_211123,2026-01-06T21:21:06,c:\Users\amrem\Documents\Engineering Year 4\Machine Learning\Project\Vehicle-Classification\data\inbox\train\images\GOPR6698_color--ROI-1--99_jpg.rf.955a03b4242ad3d76cc7230e52397406.jpg,reject,,,reject,c:\Users\amrem\Documents\Engineering Year 4\Machine Learning\Project\Vehicle-Classification\data\raw\reject\GOPR6698_color--ROI-1--99_jpg.rf.955a03b4242ad3d76cc7230e52397406.jpg
20260106_211123,2026-01-06T21:21:16,c:\Users\amrem\Documents\Engineering Year 4\Machine Learning\Project\Vehicle-Classification\data\inbox\train\images\Header_Unterseiten_Schuon_Transportlogistik_Jumbo_schwer-1_jpg.rf.bb1bfa283621967b563a9098f883746c.jpg,label,11,10,class_11_five_or_less_axle_multi_trailer,c:\Users\amrem\Documents\Engineering Year 4\Machine Learning\Project\Vehicle-Classification\data\raw\class_11_five_or_less_axle_multi_trailer\Header_Unterseiten_Schuon_Transportlogistik_Jumbo_schwer-1_jpg.rf.bb1bfa283621967b563a9098f883746c.jpg
20260106_211123,2026-01-06T21:21:18,c:\Users\amrem\Documents\Engineering Year 4\Machine Learning\Project\Vehicle-Classification\data\inbox\train\images\HW-Jumbo_Zug_Frei_web_jpg.rf.13505dc933fcaa5730106f8687f036e7.jpg,label,11,10,class_11_five_or_less_axle_multi_trailer,c:\Users\amrem\Documents\Engineering Year 4\Machine Learning\Project\Vehicle-Classification\data\raw\class_11_five_or_less_axle_multi_trailer\HW-Jumbo_Zug_Frei_web_jpg.rf.13505dc933fcaa5730106f8687f036e7.jpg
20260106_211123,2026-01-06T21:21:21,c:\Users\amrem\Documents\Engineering Year 4\Machine Learning\Project\Vehicle-Classification\data\inbox\train\images\Image_000111_jpg.rf.b8c4490c23c8bce85c22585b44716bd5.jpg,reject,,,reject,c:\Users\amrem\Documents\Engineering Year 4\Machine Learning\Project\Vehicle-Classification\data\raw\reject\Image_000111_jpg.rf.b8c4490c23c8bce85c22585b44716bd5.jpg
20260106_211123,2026-01-06T21:21:25,c:\Users\amrem\Documents\Engineering Year 4\Machine Learning\Project\Vehicle-Classification\data\inbox\train\images\Image_000132_jpg.rf.1b92e2822f6c5bc0a738c07017798536.jpg,reject,,,reject,c:\Users\amrem\Documents\Engineering Year 4\Machine Learning\Project\Vehicle-Classification\data\raw\reject\Image_000132_jpg.rf.1b92e2822f6c5bc0a738c07017798536.jpg
20260106_211123,2026-01-06T21:21:26,c:\Users\amrem\Documents\Engineering Year 4\Machine Learning\Project\Vehicle-Classification\data\inbox\train\images\Image_000139_jpg.rf.79384b4716a7df7f3a93df0c87702254.jpg,reject,,,reject,c:\Users\amrem\Documents\Engineering Year 4\Machine Learning\Project\Vehicle-Classification\data\raw\reject\Image_000139_jpg.rf.79384b4716a7df7f3a93df0c87702254.jpg
20260106_211123,2026-01-06T21:21:27,c:\Users\amrem\Documents\Engineering Year 4\Machine Learning\Project\Vehicle-Classification\data\inbox\train\images\Image_000279_jpg.rf.70bb306087427e4f296a9830322315b6.jpg,reject,,,reject,c:\Users\amrem\Documents\Engineering Year 4\Machine Learning\Project\Vehicle-Classification\data\raw\reject\Image_000279_jpg.rf.70bb306087427e4f296a9830322315b6.jpg
20260106_211123,2026-01-06T21:21:29,c:\Users\amrem\Documents\Engineering Year 4\Machine Learning\Project\Vehicle-Classification\data\inbox\train\images\Image_000388_jpg.rf.11728ff7ff55c47c801567d816f9e2d6.jpg,reject,,,reject,c:\Users\amrem\Documents\Engineering Year 4\Machine Learning\Project\Vehicle-Classification\data\raw\reject\Image_000388_jpg.rf.11728ff7ff55c47c801567d816f9e2d6.jpg
20260106_211123,2026-01-06T21:21:34,c:\Users\amrem\Documents\Engineering Year 4\Machine Learning\Project\Vehicle-Classification\data\inbox\train\images\Image_000452_jpg.rf.bc0b48b1891045d3db1e0e9f748ee8d3.jpg,label,11,10,class_11_five_or_less_axle_multi_trailer,c:\Users\amrem\Documents\Engineering Year 4\Machine Learning\Project\Vehicle-Classification\data\raw\class_11_five_or_less_axle_multi_trailer\Image_000452_jpg.rf.bc0b48b1891045d3db1e0e9f748ee8d3.jpg
20260106_211123,2026-01-06T21:21:36,c:\Users\amrem\Documents\Engineering Year 4\Machine Learning\Project\Vehicle-Classification\data\inbox\train\images\Image_013232_jpg.rf.4f961c384b87badf52930b1b5f8ac5b4.jpg,reject,,,reject,c:\Users\amrem\Documents\Engineering Year 4\Machine Learning\Project\Vehicle-Classification\data\raw\reject\Image_013232_jpg.rf.4f961c384b87badf52930b1b5f8ac5b4.jpg
20260106_211123,2026-01-06T21:21:37,c:\Users\amrem\Documents\Engineering Year 4\Machine Learning\Project\Vehicle-Classification\data\inbox\train\images\Image_013362_jpg.rf.22d45c30102a65d1ef3946096efe7608.jpg,reject,,,reject,c:\Users\amrem\Documents\Engineering Year 4\Machine Learning\Project\Vehicle-Classification\data\raw\reject\Image_013362_jpg.rf.22d45c30102a65d1ef3946096efe7608.jpg
20260106_211123,2026-01-06T21:21:38,c:\Users\amrem\Documents\Engineering Year 4\Machine Learning\Project\Vehicle-Classification\data\inbox\train\images\Image_013446_jpg.rf.4d55bd24d72fe19a6cb54a23f4cd637e.jpg,reject,,,reject,c:\Users\amrem\Documents\Engineering Year 4\Machine Learning\Project\Vehicle-Classification\data\raw\reject\Image_013446_jpg.rf.4d55bd24d72fe19a6cb54a23f4cd637e.jpg
20260106_211123,2026-01-06T21:21:39,c:\Users\amrem\Documents\Engineering Year 4\Machine Learning\Project\Vehicle-Classification\data\inbox\train\images\images-2-_jpg.rf.2a170132491e231767ef15d1025ce346.jpg,reject,,,reject,c:\Users\amrem\Documents\Engineering Year 4\Machine Learning\Project\Vehicle-Classification\data\raw\reject\images-2-_jpg.rf.2a170132491e231767ef15d1025ce346.jpg
20260106_211123,2026-01-06T21:21:40,c:\Users\amrem\Documents\Engineering Year 4\Machine Learning\Project\Vehicle-Classification\data\inbox\train\images\IMG_0236_JPG_jpg.rf.9f2235bdba571ffb20242d86f3eedf91.jpg,reject,,,reject,c:\Users\amrem\Documents\Engineering Year 4\Machine Learning\Project\Vehicle-Classification\data\raw\reject\IMG_0236_JPG_jpg.rf.9f2235bdba571ffb20242d86f3eedf91.jpg
20260106_211123,2026-01-06T21:21:41,c:\Users\amrem\Documents\Engineering Year 4\Machine Learning\Project\Vehicle-Classification\data\inbox\train\images\IMG_0237_JPG_jpg.rf.f0644d82b95f3013d9830878690830a7.jpg,reject,,,reject,c:\Users\amrem\Documents\Engineering Year 4\Machine Learning\Project\Vehicle-Classification\data\raw\reject\IMG_0237_JPG_jpg.rf.f0644d82b95f3013d9830878690830a7.jpg
20260106_211123,2026-01-06T21:21:42,c:\Users\amrem\Documents\Engineering Year 4\Machine Learning\Project\Vehicle-Classification\data\inbox\train\images\IMG_0240_JPG_jpg.rf.6b8b249d0ae4f564e7a9c34f8796aff7.jpg,reject,,,reject,c:\Users\amrem\Documents\Engineering Year 4\Machine Learning\Project\Vehicle-Classification\data\raw\reject\IMG_0240_JPG_jpg.rf.6b8b249d0ae4f564e7a9c34f8796aff7.jpg
20260106_211123,2026-01-06T21:21:43,c:\Users\amrem\Documents\Engineering Year 4\Machine Learning\Project\Vehicle-Classification\data\inbox\train\images\IMG_1702_JPG_jpg.rf.c8c02e17f5a522554ca5dae3ecb902c8.jpg,reject,,,reject,c:\Users\amrem\Documents\Engineering Year 4\Machine Learning\Project\Vehicle-Classification\data\raw\reject\IMG_1702_JPG_jpg.rf.c8c02e17f5a522554ca5dae3ecb902c8.jpg
20260106_211123,2026-01-06T21:21:45,c:\Users\amrem\Documents\Engineering Year 4\Machine Learning\Project\Vehicle-Classification\data\inbox\train\images\IMG_20231213_134955_456_jpg.rf.1fd574ff6fd94dfa5f99be30be92cf7b.jpg,reject,,,reject,c:\Users\amrem\Documents\Engineering Year 4\Machine Learning\Project\Vehicle-Classification\data\raw\reject\IMG_20231213_134955_456_jpg.rf.1fd574ff6fd94dfa5f99be30be92cf7b.jpg
20260106_211123,2026-01-06T21:21:46,c:\Users\amrem\Documents\Engineering Year 4\Machine Learning\Project\Vehicle-Classification\data\inbox\train\images\IMG_3134_JPG_jpg.rf.f0b9061197ac8f67cf02808f1693fa6b.jpg,reject,,,reject,c:\Users\amrem\Documents\Engineering Year 4\Machine Learning\Project\Vehicle-Classification\data\raw\reject\IMG_3134_JPG_jpg.rf.f0b9061197ac8f67cf02808f1693fa6b.jpg
20260106_211123,2026-01-06T21:21:46,c:\Users\amrem\Documents\Engineering Year 4\Machine Learning\Project\Vehicle-Classification\data\inbox\train\images\IMG_5174_JPG_jpg.rf.a6a10fc96653aa6f3851eab122b54ce2.jpg,reject,,,reject,c:\Users\amrem\Documents\Engineering Year 4\Machine Learning\Project\Vehicle-Classification\data\raw\reject\IMG_5174_JPG_jpg.rf.a6a10fc96653aa6f3851eab122b54ce2.jpg
20260106_211123,2026-01-06T21:21:48,c:\Users\amrem\Documents\Engineering Year 4\Machine Learning\Project\Vehicle-Classification\data\inbox\train\images\IMG_6707-JPG_353344_jpg.rf.078ce3607058848bb7c3935d7878f093.jpg,reject,,,reject,c:\Users\amrem\Documents\Engineering Year 4\Machine Learning\Project\Vehicle-Classification\data\raw\reject\IMG_6707-JPG_353344_jpg.rf.078ce3607058848bb7c3935d7878f093.jpg
20260106_211123,2026-01-06T21:21:49,c:\Users\amrem\Documents\Engineering Year 4\Machine Learning\Project\Vehicle-Classification\data\inbox\train\images\IMG_6707-JPG_353344_jpg.rf.dc57e648580fa807beaf422f5bc66e6e.jpg,reject,,,reject,c:\Users\amrem\Documents\Engineering Year 4\Machine Learning\Project\Vehicle-Classification\data\raw\reject\IMG_6707-JPG_353344_jpg.rf.dc57e648580fa807beaf422f5bc66e6e.jpg
20260106_211123,2026-01-06T21:21:50,c:\Users\amrem\Documents\Engineering Year 4\Machine Learning\Project\Vehicle-Classification\data\inbox\train\images\Juan-Arens-2-300x225_jpg.rf.dded24e2d8dd0650f7c2e5355d88d400.jpg,reject,,,reject,c:\Users\amrem\Documents\Engineering Year 4\Machine Learning\Project\Vehicle-Classification\data\raw\reject\Juan-Arens-2-300x225_jpg.rf.dded24e2d8dd0650f7c2e5355d88d400.jpg
20260106_211123,2026-01-06T21:21:52,c:\Users\amrem\Documents\Engineering Year 4\Machine Learning\Project\Vehicle-Classification\data\inbox\train\images\Kl-CE-MAN-Anhanger-Bild1-1200x800_jpg.rf.7d6fcf92a3cf8a24680055f67335bebb.jpg,reject,,,reject,c:\Users\amrem\Documents\Engineering Year 4\Machine Learning\Project\Vehicle-Classification\data\raw\reject\Kl-CE-MAN-Anhanger-Bild1-1200x800_jpg.rf.7d6fcf92a3cf8a24680055f67335bebb.jpg
20260106_211123,2026-01-06T21:21:55,c:\Users\amrem\Documents\Engineering Year 4\Machine Learning\Project\Vehicle-Classification\data\inbox\train\images\KMO_120929_03137_1_t222_194930_jpg.rf.7607a72fc394881eb12618b6b2841802.jpg,reject,,,reject,c:\Users\amrem\Documents\Engineering Year 4\Machine Learning\Project\Vehicle-Classification\data\raw\reject\KMO_120929_03137_1_t222_194930_jpg.rf.7607a72fc394881eb12618b6b2841802.jpg
20260106_211123,2026-01-06T21:22:01,c:\Users\amrem\Documents\Engineering Year 4\Machine Learning\Project\Vehicle-Classification\data\inbox\train\images\Lang-LKW_jpg.rf.0197a1ab3577bbfa3786747e7349f315.jpg,label,13,12,class_13_seven_or_more_axle_multi_trailer,c:\Users\amrem\Documents\Engineering Year 4\Machine Learning\Project\Vehicle-Classification\data\raw\class_13_seven_or_more_axle_multi_trailer\Lang-LKW_jpg.rf.0197a1ab3577bbfa3786747e7349f315.jpg
20260106_211123,2026-01-06T21:22:08,c:\Users\amrem\Documents\Engineering Year 4\Machine Learning\Project\Vehicle-Classification\data\inbox\train\images\Leinsle_Ansicht-94-e1578931505346_jpg.rf.02c5350443ef35d9fac891aa4462740d.jpg,label,11,10,class_11_five_or_less_axle_multi_trailer,c:\Users\amrem\Documents\Engineering Year 4\Machine Learning\Project\Vehicle-Classification\data\raw\class_11_five_or_less_axle_multi_trailer\Leinsle_Ansicht-94-e1578931505346_jpg.rf.02c5350443ef35d9fac891aa4462740d.jpg
20260106_211123,2026-01-06T21:22:11,c:\Users\amrem\Documents\Engineering Year 4\Machine Learning\Project\Vehicle-Classification\data\inbox\train\images\RIAN_2936000-HR_-ru__0_jpg.rf.4fbcab21c05d08a95caba024ca14f377.jpg,reject,,,reject,c:\Users\amrem\Documents\Engineering Year 4\Machine Learning\Project\Vehicle-Classification\data\raw\reject\RIAN_2936000-HR_-ru__0_jpg.rf.4fbcab21c05d08a95caba024ca14f377.jpg
20260106_211123,2026-01-06T21:22:14,c:\Users\amrem\Documents\Engineering Year 4\Machine Learning\Project\Vehicle-Classification\data\inbox\train\images\Rothmund-ES-GE-Referenzen-Mercedes-Actros-ES-GE-Anhaenger-01_jpg.rf.6526fca64aea7c2826a5296b5dec4960.jpg,label,11,10,class_11_five_or_less_axle_multi_trailer,c:\Users\amrem\Documents\Engineering Year 4\Machine Learning\Project\Vehicle-Classification\data\raw\class_11_five_or_less_axle_multi_trailer\Rothmund-ES-GE-Referenzen-Mercedes-Actros-ES-GE-Anhaenger-01_jpg.rf.6526fca64aea7c2826a5296b5dec4960.jpg
20260106_211123,2026-01-06T21:22:19,c:\Users\amrem\Documents\Engineering Year 4\Machine Learning\Project\Vehicle-Classification\data\inbox\train\images\SK90_jpg.rf.20bfbc7c75b247f7aedf4727f7f756db.jpg,label,11,10,class_11_five_or_less_axle_multi_trailer,c:\Users\amrem\Documents\Engineering Year 4\Machine Learning\Project\Vehicle-Classification\data\raw\class_11_five_or_less_axle_multi_trailer\SK90_jpg.rf.20bfbc7c75b247f7aedf4727f7f756db.jpg
20260106_211123,2026-01-06T21:22:27,c:\Users\amrem\Documents\Engineering Year 4\Machine Learning\Project\Vehicle-Classification\data\inbox\train\images\Titel_15_PR-L_Hassia_Mineralquellen_Zug_Lack_Bizzl_06102020_E1_INT_jpg.rf.db669f57aacaf0282783906a4456b83a.jpg,label,11,10,class_11_five_or_less_axle_multi_trailer,c:\Users\amrem\Documents\Engineering Year 4\Machine Learning\Project\Vehicle-Classification\data\raw\class_11_five_or_less_axle_multi_trailer\Titel_15_PR-L_Hassia_Mineralquellen_Zug_Lack_Bizzl_06102020_E1_INT_jpg.rf.db669f57aacaf0282783906a4456b83a.jpg
20260106_211123,2026-01-06T21:22:29,c:\Users\amrem\Documents\Engineering Year 4\Machine Learning\Project\Vehicle-Classification\data\inbox\train\images\Transport-Jumbo-Gliederzug-01_jpg.rf.8e71b8d4d4a8584028ab137794f5eed1.jpg,label,11,10,class_11_five_or_less_axle_multi_trailer,c:\Users\amrem\Documents\Engineering Year 4\Machine Learning\Project\Vehicle-Classification\data\raw\class_11_five_or_less_axle_multi_trailer\Transport-Jumbo-Gliederzug-01_jpg.rf.8e71b8d4d4a8584028ab137794f5eed1.jpg
20260106_211123,2026-01-06T21:22:32,c:\Users\amrem\Documents\Engineering Year 4\Machine Learning\Project\Vehicle-Classification\data\inbox\train\images\Trucks_Side_445859_jpg.rf.445265549823a645c0a30b69d799c693.jpg,reject,,,reject,c:\Users\amrem\Documents\Engineering Year 4\Machine Learning\Project\Vehicle-Classification\data\raw\reject\Trucks_Side_445859_jpg.rf.445265549823a645c0a30b69d799c693.jpg
20260106_211123,2026-01-06T21:22:42,c:\Users\amrem\Documents\Engineering Year 4\Machine Learning\Project\Vehicle-Classification\data\inbox\train\images\truckspotter070_273556638_320327340027242_9024449039051182605_n_jpg.rf.14aeebc6668b9ff3e45c68b66d3229eb.jpg,reject,,,reject,c:\Users\amrem\Documents\Engineering Year 4\Machine Learning\Project\Vehicle-Classification\data\raw\reject\truckspotter070_273556638_320327340027242_9024449039051182605_n_jpg.rf.14aeebc6668b9ff3e45c68b66d3229eb.jpg
20260106_211123,2026-01-06T21:22:46,c:\Users\amrem\Documents\Engineering Year 4\Machine Learning\Project\Vehicle-Classification\data\inbox\train\images\truckspotter070_273574218_104434405501958_8808413922947783932_n_jpg.rf.2fad83c7b618adaf8585347e97e3a0cf.jpg,reject,,,reject,c:\Users\amrem\Documents\Engineering Year 4\Machine Learning\Project\Vehicle-Classification\data\raw\reject\truckspotter070_273574218_104434405501958_8808413922947783932_n_jpg.rf.2fad83c7b618adaf8585347e97e3a0cf.jpg
20260106_211123,2026-01-06T21:22:49,c:\Users\amrem\Documents\Engineering Year 4\Machine Learning\Project\Vehicle-Classification\data\inbox\train\images\truckspotter070_273577111_459652159127043_3238817277328230281_n_jpg.rf.51b372d18a62f53667ee3e4c66700982.jpg,reject,,,reject,c:\Users\amrem\Documents\Engineering Year 4\Machine Learning\Project\Vehicle-Classification\data\raw\reject\truckspotter070_273577111_459652159127043_3238817277328230281_n_jpg.rf.51b372d18a62f53667ee3e4c66700982.jpg
20260106_211123,2026-01-06T21:22:58,c:\Users\amrem\Documents\Engineering Year 4\Machine Learning\Project\Vehicle-Classification\data\inbox\train\images\truckspotter070_273588164_146698651129803_8660114280921800950_n_jpg.rf.f459f0fe6ad77ba01816bb1ef620f0cd.jpg,reject,,,reject,c:\Users\amrem\Documents\Engineering Year 4\Machine Learning\Project\Vehicle-Classification\data\raw\reject\truckspotter070_273588164_146698651129803_8660114280921800950_n_jpg.rf.f459f0fe6ad77ba01816bb1ef620f0cd.jpg
20260106_211123,2026-01-06T21:22:59,c:\Users\amrem\Documents\Engineering Year 4\Machine Learning\Project\Vehicle-Classification\data\inbox\train\images\truckspotter070_273590528_493581038845736_7563666170551814178_n_jpg.rf.d632460d72749e69b33ce3c210117fdf.jpg,reject,,,reject,c:\Users\amrem\Documents\Engineering Year 4\Machine Learning\Project\Vehicle-Classification\data\raw\reject\truckspotter070_273590528_493581038845736_7563666170551814178_n_jpg.rf.d632460d72749e69b33ce3c210117fdf.jpg
20260106_211123,2026-01-06T21:23:01,c:\Users\amrem\Documents\Engineering Year 4\Machine Learning\Project\Vehicle-Classification\data\inbox\train\images\truckspotter070_273593506_270533908499371_4592770360013885150_n_jpg.rf.240a0d5cece374f007fe0a62b2110e6b.jpg,reject,,,reject,c:\Users\amrem\Documents\Engineering Year 4\Machine Learning\Project\Vehicle-Classification\data\raw\reject\truckspotter070_273593506_270533908499371_4592770360013885150_n_jpg.rf.240a0d5cece374f007fe0a62b2110e6b.jpg
20260106_211123,2026-01-06T21:23:02,c:\Users\amrem\Documents\Engineering Year 4\Machine Learning\Project\Vehicle-Classification\data\inbox\train\images\truckspotter070_273599873_317639926981618_2219825753679608312_n_jpg.rf.733dd16b2c558517be093268391eddb5.jpg,reject,,,reject,c:\Users\amrem\Documents\Engineering Year 4\Machine Learning\Project\Vehicle-Classification\data\raw\reject\truckspotter070_273599873_317639926981618_2219825753679608312_n_jpg.rf.733dd16b2c558517be093268391eddb5.jpg
20260106_211123,2026-01-06T21:23:03,c:\Users\amrem\Documents\Engineering Year 4\Machine Learning\Project\Vehicle-Classification\data\inbox\train\images\truckspotter070_273603465_885993678737020_5110393806252410390_n_jpg.rf.fedfb7dad95bd3f6590714aaad07b332.jpg,reject,,,reject,c:\Users\amrem\Documents\Engineering Year 4\Machine Learning\Project\Vehicle-Classification\data\raw\reject\truckspotter070_273603465_885993678737020_5110393806252410390_n_jpg.rf.fedfb7dad95bd3f6590714aaad07b332.jpg
20260106_211123,2026-01-06T21:23:05,c:\Users\amrem\Documents\Engineering Year 4\Machine Learning\Project\Vehicle-Classification\data\inbox\train\images\truckspotter070_273614122_524997585509578_2739257200421451284_n_jpg.rf.382ffdab8353176708bb328dbcb00032.jpg,reject,,,reject,c:\Users\amrem\Documents\Engineering Year 4\Machine Learning\Project\Vehicle-Classification\data\raw\reject\truckspotter070_273614122_524997585509578_2739257200421451284_n_jpg.rf.382ffdab8353176708bb328dbcb00032.jpg
20260106_211123,2026-01-06T21:23:06,c:\Users\amrem\Documents\Engineering Year 4\Machine Learning\Project\Vehicle-Classification\data\inbox\train\images\truckspotter070_273616410_308355337931182_7098570672205544251_n_jpg.rf.cfe19c045db331337d761489407b0f2c.jpg,reject,,,reject,c:\Users\amrem\Documents\Engineering Year 4\Machine Learning\Project\Vehicle-Classification\data\raw\reject\truckspotter070_273616410_308355337931182_7098570672205544251_n_jpg.rf.cfe19c045db331337d761489407b0f2c.jpg
20260106_211123,2026-01-06T21:23:07,c:\Users\amrem\Documents\Engineering Year 4\Machine Learning\Project\Vehicle-Classification\data\inbox\train\images\truckspotter070_273630764_1362261877566584_9186244815018269940_n_jpg.rf.a12c72ea7edc8728ff1a8a87db5b874d.jpg,reject,,,reject,c:\Users\amrem\Documents\Engineering Year 4\Machine Learning\Project\Vehicle-Classification\data\raw\reject\truckspotter070_273630764_1362261877566584_9186244815018269940_n_jpg.rf.a12c72ea7edc8728ff1a8a87db5b874d.jpg
20260106_211123,2026-01-06T21:23:09,c:\Users\amrem\Documents\Engineering Year 4\Machine Learning\Project\Vehicle-Classification\data\inbox\train\images\truckspotter070_273634922_4669210529856358_4823146229331917014_n_jpg.rf.0c5b01a50077651f583ff6d6ca53ce38.jpg,reject,,,reject,c:\Users\amrem\Documents\Engineering Year 4\Machine Learning\Project\Vehicle-Classification\data\raw\reject\truckspotter070_273634922_4669210529856358_4823146229331917014_n_jpg.rf.0c5b01a50077651f583ff6d6ca53ce38.jpg
20260106_211123,2026-01-06T21:23:10,c:\Users\amrem\Documents\Engineering Year 4\Machine Learning\Project\Vehicle-Classification\data\inbox\train\images\truckspotter070_273637281_3094011887488139_5548230768383314062_n_jpg.rf.3b06f45f80d575443a737923461d027c.jpg,reject,,,reject,c:\Users\amrem\Documents\Engineering Year 4\Machine Learning\Project\Vehicle-Classification\data\raw\reject\truckspotter070_273637281_3094011887488139_5548230768383314062_n_jpg.rf.3b06f45f80d575443a737923461d027c.jpg
20260106_211123,2026-01-06T21:23:12,c:\Users\amrem\Documents\Engineering Year 4\Machine Learning\Project\Vehicle-Classification\data\inbox\train\images\truckspotter070_273645684_947318592813126_4035865502662560674_n_jpg.rf.00474b789931f413037a6e4b1abd4a13.jpg,reject,,,reject,c:\Users\amrem\Documents\Engineering Year 4\Machine Learning\Project\Vehicle-Classification\data\raw\reject\truckspotter070_273645684_947318592813126_4035865502662560674_n_jpg.rf.00474b789931f413037a6e4b1abd4a13.jpg
20260106_211123,2026-01-06T21:23:13,c:\Users\amrem\Documents\Engineering Year 4\Machine Learning\Project\Vehicle-Classification\data\inbox\train\images\truckspotter070_273650875_477970643990688_5021144509025186250_n_jpg.rf.b2e856b2b7e6e53fa3f2d6eb0770057a.jpg,reject,,,reject,c:\Users\amrem\Documents\Engineering Year 4\Machine Learning\Project\Vehicle-Classification\data\raw\reject\truckspotter070_273650875_477970643990688_5021144509025186250_n_jpg.rf.b2e856b2b7e6e53fa3f2d6eb0770057a.jpg
20260106_211123,2026-01-06T21:23:14,c:\Users\amrem\Documents\Engineering Year 4\Machine Learning\Project\Vehicle-Classification\data\inbox\train\images\truckspotter070_273667248_1099785884111584_3146359832082553088_n_jpg.rf.89dfa3218eafad151066b1827fcb31a1.jpg,reject,,,reject,c:\Users\amrem\Documents\Engineering Year 4\Machine Learning\Project\Vehicle-Classification\data\raw\reject\truckspotter070_273667248_1099785884111584_3146359832082553088_n_jpg.rf.89dfa3218eafad151066b1827fcb31a1.jpg
20260106_211123,2026-01-06T21:23:16,c:\Users\amrem\Documents\Engineering Year 4\Machine Learning\Project\Vehicle-Classification\data\inbox\train\images\truckspotter070_273703381_1109433099853840_2577037181164983800_n_jpg.rf.2f20d2d2fb148fb927e7b4dccbd77949.jpg,reject,,,reject,c:\Users\amrem\Documents\Engineering Year 4\Machine Learning\Project\Vehicle-Classification\data\raw\reject\truckspotter070_273703381_1109433099853840_2577037181164983800_n_jpg.rf.2f20d2d2fb148fb927e7b4dccbd77949.jpg
20260106_211123,2026-01-06T21:23:17,c:\Users\amrem\Documents\Engineering Year 4\Machine Learning\Project\Vehicle-Classification\data\inbox\train\images\truckspotter070_273730263_658935308775855_1376784715723850974_n_jpg.rf.8849db0186cabe3edc68e8d7ac3382c4.jpg,reject,,,reject,c:\Users\amrem\Documents\Engineering Year 4\Machine Learning\Project\Vehicle-Classification\data\raw\reject\truckspotter070_273730263_658935308775855_1376784715723850974_n_jpg.rf.8849db0186cabe3edc68e8d7ac3382c4.jpg
20260106_211123,2026-01-06T21:23:18,c:\Users\amrem\Documents\Engineering Year 4\Machine Learning\Project\Vehicle-Classification\data\inbox\train\images\truckspotter070_273753508_317470496850498_4532559449555008824_n_jpg.rf.73b0c41c158c70228401d81ffcd600f2.jpg,reject,,,reject,c:\Users\amrem\Documents\Engineering Year 4\Machine Learning\Project\Vehicle-Classification\data\raw\reject\truckspotter070_273753508_317470496850498_4532559449555008824_n_jpg.rf.73b0c41c158c70228401d81ffcd600f2.jpg
20260106_211123,2026-01-06T21:23:19,c:\Users\amrem\Documents\Engineering Year 4\Machine Learning\Project\Vehicle-Classification\data\inbox\train\images\truckspotter070_273763684_320978826655180_2975109401832314514_n_jpg.rf.821295ec07d1e0ba99c245b4c3576bc6.jpg,reject,,,reject,c:\Users\amrem\Documents\Engineering Year 4\Machine Learning\Project\Vehicle-Classification\data\raw\reject\truckspotter070_273763684_320978826655180_2975109401832314514_n_jpg.rf.821295ec07d1e0ba99c245b4c3576bc6.jpg
20260106_211123,2026-01-06T21:23:20,c:\Users\amrem\Documents\Engineering Year 4\Machine Learning\Project\Vehicle-Classification\data\inbox\train\images\truckspotter070_273770974_4864509886974202_1655817319247903175_n_jpg.rf.efc0ea22bb5114b3944ded6d4e08ef60.jpg,reject,,,reject,c:\Users\amrem\Documents\Engineering Year 4\Machine Learning\Project\Vehicle-Classification\data\raw\reject\truckspotter070_273770974_4864509886974202_1655817319247903175_n_jpg.rf.efc0ea22bb5114b3944ded6d4e08ef60.jpg
20260106_211123,2026-01-06T21:23:32,c:\Users\amrem\Documents\Engineering Year 4\Machine Learning\Project\Vehicle-Classification\data\inbox\train\images\truckspotter070_273785861_1554503788251517_2003579285060240819_n_jpg.rf.abf4fa2c1312e112c4f390cd7d53dbe1.jpg,label,10,9,class_10_six_or_more_axle_single_trailer,c:\Users\amrem\Documents\Engineering Year 4\Machine Learning\Project\Vehicle-Classification\data\raw\class_10_six_or_more_axle_single_trailer\truckspotter070_273785861_1554503788251517_2003579285060240819_n_jpg.rf.abf4fa2c1312e112c4f390cd7d53dbe1.jpg
20260106_211123,2026-01-06T21:23:35,c:\Users\amrem\Documents\Engineering Year 4\Machine Learning\Project\Vehicle-Classification\data\inbox\train\images\truckspotter070_273880396_264501399095348_5668277011591447683_n_jpg.rf.13245fc98dd82a11fe4a2f585d50be26.jpg,label,10,9,class_10_six_or_more_axle_single_trailer,c:\Users\amrem\Documents\Engineering Year 4\Machine Learning\Project\Vehicle-Classification\data\raw\class_10_six_or_more_axle_single_trailer\truckspotter070_273880396_264501399095348_5668277011591447683_n_jpg.rf.13245fc98dd82a11fe4a2f585d50be26.jpg
20260106_211123,2026-01-06T21:23:40,c:\Users\amrem\Documents\Engineering Year 4\Machine Learning\Project\Vehicle-Classification\data\inbox\train\images\truckspotter070_273881395_1142652989894209_7346588259907788608_n_jpg.rf.fbe9f10d231e79040e0b857b06c9f2a7.jpg,label,10,9,class_10_six_or_more_axle_single_trailer,c:\Users\amrem\Documents\Engineering Year 4\Machine Learning\Project\Vehicle-Classification\data\raw\class_10_six_or_more_axle_single_trailer\truckspotter070_273881395_1142652989894209_7346588259907788608_n_jpg.rf.fbe9f10d231e79040e0b857b06c9f2a7.jpg
20260106_211123,2026-01-06T21:23:43,c:\Users\amrem\Documents\Engineering Year 4\Machine Learning\Project\Vehicle-Classification\data\inbox\train\images\truckspotter070_273925094_529505441681239_1453249848663400693_n_jpg.rf.53f13e58b1a9cc8984a2ac9ace099859.jpg,reject,,,reject,c:\Users\amrem\Documents\Engineering Year 4\Machine Learning\Project\Vehicle-Classification\data\raw\reject\truckspotter070_273925094_529505441681239_1453249848663400693_n_jpg.rf.53f13e58b1a9cc8984a2ac9ace099859.jpg
20260106_211123,2026-01-06T21:23:44,c:\Users\amrem\Documents\Engineering Year 4\Machine Learning\Project\Vehicle-Classification\data\inbox\train\images\truckspotter070_273925771_1470765033318139_223043820234183098_n_jpg.rf.ae72893e7156586202f7b05cffdb953b.jpg,reject,,,reject,c:\Users\amrem\Documents\Engineering Year 4\Machine Learning\Project\Vehicle-Classification\data\raw\reject\truckspotter070_273925771_1470765033318139_223043820234183098_n_jpg.rf.ae72893e7156586202f7b05cffdb953b.jpg
20260106_211123,2026-01-06T21:23:48,c:\Users\amrem\Documents\Engineering Year 4\Machine Learning\Project\Vehicle-Classification\data\inbox\train\images\truckspotter070_273948795_357244489340548_7907102127498970928_n_jpg.rf.bee83d80ae2996ca3b9f6443fd68d474.jpg,label,10,9,class_10_six_or_more_axle_single_trailer,c:\Users\amrem\Documents\Engineering Year 4\Machine Learning\Project\Vehicle-Classification\data\raw\class_10_six_or_more_axle_single_trailer\truckspotter070_273948795_357244489340548_7907102127498970928_n_jpg.rf.bee83d80ae2996ca3b9f6443fd68d474.jpg
20260106_211123,2026-01-06T21:23:50,c:\Users\amrem\Documents\Engineering Year 4\Machine Learning\Project\Vehicle-Classification\data\inbox\train\images\truckspotter070_273976575_996229157942947_7866733836694894063_n_jpg.rf.c63fc0daff41d0f2e368752b0050abb4.jpg,reject,,,reject,c:\Users\amrem\Documents\Engineering Year 4\Machine Learning\Project\Vehicle-Classification\data\raw\reject\truckspotter070_273976575_996229157942947_7866733836694894063_n_jpg.rf.c63fc0daff41d0f2e368752b0050abb4.jpg
20260106_211123,2026-01-06T21:23:57,c:\Users\amrem\Documents\Engineering Year 4\Machine Learning\Project\Vehicle-Classification\data\inbox\train\images\truckspotter070_274038563_137583965411521_433689287661603281_n_jpg.rf.b3b5f8407719f59e1f1dc404f78f779b.jpg,reject,,,reject,c:\Users\amrem\Documents\Engineering Year 4\Machine Learning\Project\Vehicle-Classification\data\raw\reject\truckspotter070_274038563_137583965411521_433689287661603281_n_jpg.rf.b3b5f8407719f59e1f1dc404f78f779b.jpg
20260106_211123,2026-01-06T21:24:02,c:\Users\amrem\Documents\Engineering Year 4\Machine Learning\Project\Vehicle-Classification\data\inbox\train\images\truckspotter070_274127100_465000308613511_1686912810555982976_n_jpg.rf.da25496304e7cdf34835c87d2ba6c9e4.jpg,label,10,9,class_10_six_or_more_axle_single_trailer,c:\Users\amrem\Documents\Engineering Year 4\Machine Learning\Project\Vehicle-Classification\data\raw\class_10_six_or_more_axle_single_trailer\truckspotter070_274127100_465000308613511_1686912810555982976_n_jpg.rf.da25496304e7cdf34835c87d2ba6c9e4.jpg
20260106_211123,2026-01-06T21:24:06,c:\Users\amrem\Documents\Engineering Year 4\Machine Learning\Project\Vehicle-Classification\data\inbox\train\images\truckspotter070_274137369_915380645814986_6002911158600253517_n_jpg.rf.7ddc34719a7eda03a5266a225ab1cda9.jpg,label,10,9,class_10_six_or_more_axle_single_trailer,c:\Users\amrem\Documents\Engineering Year 4\Machine Learning\Project\Vehicle-Classification\data\raw\class_10_six_or_more_axle_single_trailer\truckspotter070_274137369_915380645814986_6002911158600253517_n_jpg.rf.7ddc34719a7eda03a5266a225ab1cda9.jpg
20260106_211123,2026-01-06T21:24:09,c:\Users\amrem\Documents\Engineering Year 4\Machine Learning\Project\Vehicle-Classification\data\inbox\train\images\truckspotter070_274274367_615316862893834_2121662034973137198_n_jpg.rf.80d4c885b602cf933fc8c3d6dd4faf3e.jpg,reject,,,reject,c:\Users\amrem\Documents\Engineering Year 4\Machine Learning\Project\Vehicle-Classification\data\raw\reject\truckspotter070_274274367_615316862893834_2121662034973137198_n_jpg.rf.80d4c885b602cf933fc8c3d6dd4faf3e.jpg
20260106_211123,2026-01-06T21:24:10,c:\Users\amrem\Documents\Engineering Year 4\Machine Learning\Project\Vehicle-Classification\data\inbox\train\images\truckspotter070_274400425_161778456206666_43376467145293709_n_jpg.rf.026e69d78a43b8f41a3431290d73afc7.jpg,reject,,,reject,c:\Users\amrem\Documents\Engineering Year 4\Machine Learning\Project\Vehicle-Classification\data\raw\reject\truckspotter070_274400425_161778456206666_43376467145293709_n_jpg.rf.026e69d78a43b8f41a3431290d73afc7.jpg
20260106_211123,2026-01-06T21:24:11,c:\Users\amrem\Documents\Engineering Year 4\Machine Learning\Project\Vehicle-Classification\data\inbox\train\images\truckspotter070_275130423_373234761470713_6462682590668328873_n_jpg.rf.b6570cceea8b094dd84e1bbf96195a70.jpg,reject,,,reject,c:\Users\amrem\Documents\Engineering Year 4\Machine Learning\Project\Vehicle-Classification\data\raw\reject\truckspotter070_275130423_373234761470713_6462682590668328873_n_jpg.rf.b6570cceea8b094dd84e1bbf96195a70.jpg
20260106_211123,2026-01-06T21:24:14,c:\Users\amrem\Documents\Engineering Year 4\Machine Learning\Project\Vehicle-Classification\data\inbox\train\images\truckspotter070_275165308_110816611548306_845204858783783193_n_jpg.rf.54a7f212153113dc85ae10e3497ec116.jpg,reject,,,reject,c:\Users\amrem\Documents\Engineering Year 4\Machine Learning\Project\Vehicle-Classification\data\raw\reject\truckspotter070_275165308_110816611548306_845204858783783193_n_jpg.rf.54a7f212153113dc85ae10e3497ec116.jpg
20260106_211123,2026-01-06T21:24:15,c:\Users\amrem\Documents\Engineering Year 4\Machine Learning\Project\Vehicle-Classification\data\inbox\train\images\truckspotter070_275197908_1097150101106160_7728061721682390996_n_jpg.rf.22437a4c856cf34cd9c62191b8d721f5.jpg,reject,,,reject,c:\Users\amrem\Documents\Engineering Year 4\Machine Learning\Project\Vehicle-Classification\data\raw\reject\truckspotter070_275197908_1097150101106160_7728061721682390996_n_jpg.rf.22437a4c856cf34cd9c62191b8d721f5.jpg
20260106_211123,2026-01-06T21:24:16,c:\Users\amrem\Documents\Engineering Year 4\Machine Learning\Project\Vehicle-Classification\data\inbox\train\images\truckspotter070_275300652_340357264697911_8227939170744599884_n_jpg.rf.15f4878323ba3da333836fbff18bafb1.jpg,reject,,,reject,c:\Users\amrem\Documents\Engineering Year 4\Machine Learning\Project\Vehicle-Classification\data\raw\reject\truckspotter070_275300652_340357264697911_8227939170744599884_n_jpg.rf.15f4878323ba3da333836fbff18bafb1.jpg
20260106_211123,2026-01-06T21:24:20,c:\Users\amrem\Documents\Engineering Year 4\Machine Learning\Project\Vehicle-Classification\data\inbox\train\images\truckspotter070_275421225_705062674007235_6618013689080830393_n_jpg.rf.73dedc7a04a8f34c1295be7b87950da9.jpg,label,10,9,class_10_six_or_more_axle_single_trailer,c:\Users\amrem\Documents\Engineering Year 4\Machine Learning\Project\Vehicle-Classification\data\raw\class_10_six_or_more_axle_single_trailer\truckspotter070_275421225_705062674007235_6618013689080830393_n_jpg.rf.73dedc7a04a8f34c1295be7b87950da9.jpg
20260106_211123,2026-01-06T21:24:23,c:\Users\amrem\Documents\Engineering Year 4\Machine Learning\Project\Vehicle-Classification\data\inbox\train\images\truckspotter070_275441761_411068954117918_1380667333698818552_n_jpg.rf.5ee5053b02159907a3b5fb65f02886e7.jpg,label,10,9,class_10_six_or_more_axle_single_trailer,c:\Users\amrem\Documents\Engineering Year 4\Machine Learning\Project\Vehicle-Classification\data\raw\class_10_six_or_more_axle_single_trailer\truckspotter070_275441761_411068954117918_1380667333698818552_n_jpg.rf.5ee5053b02159907a3b5fb65f02886e7.jpg
20260106_211123,2026-01-06T21:24:25,c:\Users\amrem\Documents\Engineering Year 4\Machine Learning\Project\Vehicle-Classification\data\inbox\train\images\truckspotter070_275447163_1291793424675441_8648967099575749763_n_jpg.rf.4860fe3823d025ae9c9a8de5e96fd357.jpg,reject,,,reject,c:\Users\amrem\Documents\Engineering Year 4\Machine Learning\Project\Vehicle-Classification\data\raw\reject\truckspotter070_275447163_1291793424675441_8648967099575749763_n_jpg.rf.4860fe3823d025ae9c9a8de5e96fd357.jpg
20260106_211123,2026-01-06T21:24:28,c:\Users\amrem\Documents\Engineering Year 4\Machine Learning\Project\Vehicle-Classification\data\inbox\train\images\truckspotter070_275490915_409375904289188_2141766391609547028_n_jpg.rf.75791cfcd5af737f0209882282b59400.jpg,label,10,9,class_10_six_or_more_axle_single_trailer,c:\Users\amrem\Documents\Engineering Year 4\Machine Learning\Project\Vehicle-Classification\data\raw\class_10_six_or_more_axle_single_trailer\truckspotter070_275490915_409375904289188_2141766391609547028_n_jpg.rf.75791cfcd5af737f0209882282b59400.jpg
20260106_211123,2026-01-06T21:24:29,c:\Users\amrem\Documents\Engineering Year 4\Machine Learning\Project\Vehicle-Classification\data\inbox\train\images\truckspotter070_275728196_535799567907398_6165855918230924475_n_jpg.rf.4f921fbf570df30689c877c5131a95fd.jpg,reject,,,reject,c:\Users\amrem\Documents\Engineering Year 4\Machine Learning\Project\Vehicle-Classification\data\raw\reject\truckspotter070_275728196_535799567907398_6165855918230924475_n_jpg.rf.4f921fbf570df30689c877c5131a95fd.jpg
20260106_211123,2026-01-06T21:24:32,c:\Users\amrem\Documents\Engineering Year 4\Machine Learning\Project\Vehicle-Classification\data\inbox\train\images\truckspotter070_275741839_3135341180043668_1135677879545711749_n_jpg.rf.a15355d5dedc8227a7a55b2227a40029.jpg,label,10,9,class_10_six_or_more_axle_single_trailer,c:\Users\amrem\Documents\Engineering Year 4\Machine Learning\Project\Vehicle-Classification\data\raw\class_10_six_or_more_axle_single_trailer\truckspotter070_275741839_3135341180043668_1135677879545711749_n_jpg.rf.a15355d5dedc8227a7a55b2227a40029.jpg
20260106_211123,2026-01-06T21:24:34,c:\Users\amrem\Documents\Engineering Year 4\Machine Learning\Project\Vehicle-Classification\data\inbox\train\images\truckspotter070_275857742_3176423549312749_4457325873497328209_n_jpg.rf.2da512a2a7c12ecd2e5d874a46a80a2d.jpg,label,10,9,class_10_six_or_more_axle_single_trailer,c:\Users\amrem\Documents\Engineering Year 4\Machine Learning\Project\Vehicle-Classification\data\raw\class_10_six_or_more_axle_single_trailer\truckspotter070_275857742_3176423549312749_4457325873497328209_n_jpg.rf.2da512a2a7c12ecd2e5d874a46a80a2d.jpg
20260106_211123,2026-01-06T21:24:35,c:\Users\amrem\Documents\Engineering Year 4\Machine Learning\Project\Vehicle-Classification\data\inbox\train\images\truckspotter070_275859402_1114270432506418_2084994322735578327_n_jpg.rf.48c325c1f867343b0955e35518619758.jpg,reject,,,reject,c:\Users\amrem\Documents\Engineering Year 4\Machine Learning\Project\Vehicle-Classification\data\raw\reject\truckspotter070_275859402_1114270432506418_2084994322735578327_n_jpg.rf.48c325c1f867343b0955e35518619758.jpg
20260106_211123,2026-01-06T21:24:37,c:\Users\amrem\Documents\Engineering Year 4\Machine Learning\Project\Vehicle-Classification\data\inbox\train\images\truckspotter070_276970462_531363709007974_5634514569867346058_n_jpg.rf.22a466a21e70c9832015c3258939f004.jpg,reject,,,reject,c:\Users\amrem\Documents\Engineering Year 4\Machine Learning\Project\Vehicle-Classification\data\raw\reject\truckspotter070_276970462_531363709007974_5634514569867346058_n_jpg.rf.22a466a21e70c9832015c3258939f004.jpg
20260106_211123,2026-01-06T21:24:38,c:\Users\amrem\Documents\Engineering Year 4\Machine Learning\Project\Vehicle-Classification\data\inbox\train\images\truckspotter070_276971210_132293262665997_3373888283419884062_n_jpg.rf.23c8159c8bedf87ae6f3b8ca3ba71424.jpg,reject,,,reject,c:\Users\amrem\Documents\Engineering Year 4\Machine Learning\Project\Vehicle-Classification\data\raw\reject\truckspotter070_276971210_132293262665997_3373888283419884062_n_jpg.rf.23c8159c8bedf87ae6f3b8ca3ba71424.jpg
20260106_211123,2026-01-06T21:24:40,c:\Users\amrem\Documents\Engineering Year 4\Machine Learning\Project\Vehicle-Classification\data\inbox\train\images\truckspotter070_277079483_528059548663269_1630216924354827043_n_jpg.rf.e68e95ffa673e663473a6947f3fe2087.jpg,reject,,,reject,c:\Users\amrem\Documents\Engineering Year 4\Machine Learning\Project\Vehicle-Classification\data\raw\reject\truckspotter070_277079483_528059548663269_1630216924354827043_n_jpg.rf.e68e95ffa673e663473a6947f3fe2087.jpg
20260106_211123,2026-01-06T21:24:51,c:\Users\amrem\Documents\Engineering Year 4\Machine Learning\Project\Vehicle-Classification\data\inbox\train\images\truckspotter070_277114399_522612442663660_2947431275887914232_n_jpg.rf.882375d031c851e26ad86f79c1a42eee.jpg,label,9,8,class_09_five_axle_tractor_semitrailer,c:\Users\amrem\Documents\Engineering Year 4\Machine Learning\Project\Vehicle-Classification\data\raw\class_09_five_axle_tractor_semitrailer\truckspotter070_277114399_522612442663660_2947431275887914232_n_jpg.rf.882375d031c851e26ad86f79c1a42eee.jpg
20260106_211123,2026-01-06T21:24:54,c:\Users\amrem\Documents\Engineering Year 4\Machine Learning\Project\Vehicle-Classification\data\inbox\train\images\truckspotter070_277150546_392430465649562_1750967879671537024_n_jpg.rf.652e25a3baeb06ba5826369588b6a79a.jpg,reject,,,reject,c:\Users\amrem\Documents\Engineering Year 4\Machine Learning\Project\Vehicle-Classification\data\raw\reject\truckspotter070_277150546_392430465649562_1750967879671537024_n_jpg.rf.652e25a3baeb06ba5826369588b6a79a.jpg
20260106_211123,2026-01-06T21:24:55,c:\Users\amrem\Documents\Engineering Year 4\Machine Learning\Project\Vehicle-Classification\data\inbox\train\images\truckspotter070_277152864_121364043812771_3131235880012727168_n_jpg.rf.7d6971360962ca3ffc85781a8e8f7db8.jpg,reject,,,reject,c:\Users\amrem\Documents\Engineering Year 4\Machine Learning\Project\Vehicle-Classification\data\raw\reject\truckspotter070_277152864_121364043812771_3131235880012727168_n_jpg.rf.7d6971360962ca3ffc85781a8e8f7db8.jpg
20260106_211123,2026-01-06T21:24:56,c:\Users\amrem\Documents\Engineering Year 4\Machine Learning\Project\Vehicle-Classification\data\inbox\train\images\truckspotter070_277219957_531874851950062_5697760925793821725_n_jpg.rf.5789441d571dde6e3d622e7359a6fafb.jpg,reject,,,reject,c:\Users\amrem\Documents\Engineering Year 4\Machine Learning\Project\Vehicle-Classification\data\raw\reject\truckspotter070_277219957_531874851950062_5697760925793821725_n_jpg.rf.5789441d571dde6e3d622e7359a6fafb.jpg
20260106_211123,2026-01-06T21:24:58,c:\Users\amrem\Documents\Engineering Year 4\Machine Learning\Project\Vehicle-Classification\data\inbox\train\images\truckspotter070_277435465_495006468732169_919046262304064888_n_jpg.rf.9e605fd40c3de9298f92a4eaff595b02.jpg,reject,,,reject,c:\Users\amrem\Documents\Engineering Year 4\Machine Learning\Project\Vehicle-Classification\data\raw\reject\truckspotter070_277435465_495006468732169_919046262304064888_n_jpg.rf.9e605fd40c3de9298f92a4eaff595b02.jpg
20260106_211123,2026-01-06T21:24:59,c:\Users\amrem\Documents\Engineering Year 4\Machine Learning\Project\Vehicle-Classification\data\inbox\train\images\truckspotter070_277515518_726902344980328_4361215173136877973_n_jpg.rf.c0931136d3ac8450f3213d3db24928cb.jpg,reject,,,reject,c:\Users\amrem\Documents\Engineering Year 4\Machine Learning\Project\Vehicle-Classification\data\raw\reject\truckspotter070_277515518_726902344980328_4361215173136877973_n_jpg.rf.c0931136d3ac8450f3213d3db24928cb.jpg
20260106_211123,2026-01-06T21:25:05,c:\Users\amrem\Documents\Engineering Year 4\Machine Learning\Project\Vehicle-Classification\data\inbox\train\images\truckspotter070_277544319_678004153471080_6921747010170359840_n_jpg.rf.baeafb610773be5ebf0af16470a4a56a.jpg,label,10,9,class_10_six_or_more_axle_single_trailer,c:\Users\amrem\Documents\Engineering Year 4\Machine Learning\Project\Vehicle-Classification\data\raw\class_10_six_or_more_axle_single_trailer\truckspotter070_277544319_678004153471080_6921747010170359840_n_jpg.rf.baeafb610773be5ebf0af16470a4a56a.jpg
20260106_211123,2026-01-06T21:25:06,c:\Users\amrem\Documents\Engineering Year 4\Machine Learning\Project\Vehicle-Classification\data\inbox\train\images\truckspotter070_277593138_350119983727416_5320704590453001444_n_jpg.rf.9157f44807b05c58d96f03ca13bc6dab.jpg,reject,,,reject,c:\Users\amrem\Documents\Engineering Year 4\Machine Learning\Project\Vehicle-Classification\data\raw\reject\truckspotter070_277593138_350119983727416_5320704590453001444_n_jpg.rf.9157f44807b05c58d96f03ca13bc6dab.jpg
20260106_211123,2026-01-06T21:25:08,c:\Users\amrem\Documents\Engineering Year 4\Machine Learning\Project\Vehicle-Classification\data\inbox\train\images\truckspotter070_277647163_722559328901051_7768757101166209821_n_jpg.rf.8ba2c051928fc80d3d0271638beafa51.jpg,reject,,,reject,c:\Users\amrem\Documents\Engineering Year 4\Machine Learning\Project\Vehicle-Classification\data\raw\reject\truckspotter070_277647163_722559328901051_7768757101166209821_n_jpg.rf.8ba2c051928fc80d3d0271638beafa51.jpg
20260106_211123,2026-01-06T21:25:58,c:\Users\amrem\Documents\Engineering Year 4\Machine Learning\Project\Vehicle-Classification\data\inbox\train\images\truckspotter070_277905701_935986707088334_6770558890976138875_n_jpg.rf.e21c4f981fbfdc715378e1f8d12a4bcc.jpg,reject,,,reject,c:\Users\amrem\Documents\Engineering Year 4\Machine Learning\Project\Vehicle-Classification\data\raw\reject\truckspotter070_277905701_935986707088334_6770558890976138875_n_jpg.rf.e21c4f981fbfdc715378e1f8d12a4bcc.jpg
20260106_211123,2026-01-06T21:25:59,c:\Users\amrem\Documents\Engineering Year 4\Machine Learning\Project\Vehicle-Classification\data\inbox\train\images\truckspotter070_277951890_970885180290204_7117260616449984102_n_jpg.rf.f01787251148b1a444889cb84ec63313.jpg,reject,,,reject,c:\Users\amrem\Documents\Engineering Year 4\Machine Learning\Project\Vehicle-Classification\data\raw\reject\truckspotter070_277951890_970885180290204_7117260616449984102_n_jpg.rf.f01787251148b1a444889cb84ec63313.jpg
20260106_211123,2026-01-06T21:26:00,c:\Users\amrem\Documents\Engineering Year 4\Machine Learning\Project\Vehicle-Classification\data\inbox\train\images\truckspotter070_277975734_1196839257724377_7947815394887252600_n_jpg.rf.e3179f014472fa330e7c9b822fddcefb.jpg,reject,,,reject,c:\Users\amrem\Documents\Engineering Year 4\Machine Learning\Project\Vehicle-Classification\data\raw\reject\truckspotter070_277975734_1196839257724377_7947815394887252600_n_jpg.rf.e3179f014472fa330e7c9b822fddcefb.jpg
20260106_211123,2026-01-06T21:26:01,c:\Users\amrem\Documents\Engineering Year 4\Machine Learning\Project\Vehicle-Classification\data\inbox\train\images\truckspotter070_278066817_4358727554230566_6899182002267853498_n_jpg.rf.0b85c74735bf8e99eac78cf0d10a4486.jpg,reject,,,reject,c:\Users\amrem\Documents\Engineering Year 4\Machine Learning\Project\Vehicle-Classification\data\raw\reject\truckspotter070_278066817_4358727554230566_6899182002267853498_n_jpg.rf.0b85c74735bf8e99eac78cf0d10a4486.jpg
20260106_211123,2026-01-06T21:26:02,c:\Users\amrem\Documents\Engineering Year 4\Machine Learning\Project\Vehicle-Classification\data\inbox\train\images\truckspotter070_278069043_323793353186640_8345526544407701581_n_jpg.rf.7d55200d86ee5925013a542392e7338b.jpg,reject,,,reject,c:\Users\amrem\Documents\Engineering Year 4\Machine Learning\Project\Vehicle-Classification\data\raw\reject\truckspotter070_278069043_323793353186640_8345526544407701581_n_jpg.rf.7d55200d86ee5925013a542392e7338b.jpg
20260106_211123,2026-01-06T21:26:02,c:\Users\amrem\Documents\Engineering Year 4\Machine Learning\Project\Vehicle-Classification\data\inbox\train\images\truckspotter070_278076447_150675530783616_1161139271074760580_n_jpg.rf.c74fa122a6829fbd532db46c90e52177.jpg,reject,,,reject,c:\Users\amrem\Documents\Engineering Year 4\Machine Learning\Project\Vehicle-Classification\data\raw\reject\truckspotter070_278076447_150675530783616_1161139271074760580_n_jpg.rf.c74fa122a6829fbd532db46c90e52177.jpg
20260106_211123,2026-01-06T21:26:03,c:\Users\amrem\Documents\Engineering Year 4\Machine Learning\Project\Vehicle-Classification\data\inbox\train\images\truckspotter070_278124433_742598636732028_8244298691003792358_n_jpg.rf.a51de465c7800498115f2c856033b841.jpg,reject,,,reject,c:\Users\amrem\Documents\Engineering Year 4\Machine Learning\Project\Vehicle-Classification\data\raw\reject\truckspotter070_278124433_742598636732028_8244298691003792358_n_jpg.rf.a51de465c7800498115f2c856033b841.jpg
20260106_211123,2026-01-06T21:26:04,c:\Users\amrem\Documents\Engineering Year 4\Machine Learning\Project\Vehicle-Classification\data\inbox\train\images\truckspotter070_278329546_385527986763631_447489931500654668_n_jpg.rf.f22a9ae78b6c8a6cd05cce785c42390d.jpg,reject,,,reject,c:\Users\amrem\Documents\Engineering Year 4\Machine Learning\Project\Vehicle-Classification\data\raw\reject\truckspotter070_278329546_385527986763631_447489931500654668_n_jpg.rf.f22a9ae78b6c8a6cd05cce785c42390d.jpg
20260106_211123,2026-01-06T21:26:04,c:\Users\amrem\Documents\Engineering Year 4\Machine Learning\Project\Vehicle-Classification\data\inbox\train\images\truckspotter070_278826174_160655046339658_1402767359862667251_n_jpg.rf.5992cc4b647ab04a6c83187e02cbd659.jpg,reject,,,reject,c:\Users\amrem\Documents\Engineering Year 4\Machine Learning\Project\Vehicle-Classification\data\raw\reject\truckspotter070_278826174_160655046339658_1402767359862667251_n_jpg.rf.5992cc4b647ab04a6c83187e02cbd659.jpg
